[    3068ms] [INFO] %cDownload the React DevTools for a better development experience: https://react.dev/link/react-devtools font-weight:bold @ webpack-internal:///(app-pages-browser)/./node_modules/next/dist/next-devtools/shared/forward-logs-shared.js:27
[    4294ms] [LOG] [HMR] connected @ webpack-internal:///(app-pages-browser)/./node_modules/next/dist/next-devtools/shared/forward-logs-shared.js:27
[    7493ms] [WARNING] The resource http://localhost:3000/_next/static/media/be955174636e5369-s.p.woff2?v=1786440148929 was preloaded using link preload but not used within a few seconds from the window's load event. Please make sure it has an appropriate `as` value and it is preloaded intentionally. @ http://localhost:3000/preview/arcstone-growth?frame=1:0
[    7494ms] [WARNING] The resource http://localhost:3000/_next/static/media/ee40bb094c99a29a-s.p.woff2?v=1786440148929 was preloaded using link preload but not used within a few seconds from the window's load event. Please make sure it has an appropriate `as` value and it is preloaded intentionally. @ http://localhost:3000/preview/arcstone-growth?frame=1:0
[    7494ms] [WARNING] The resource http://localhost:3000/_next/static/media/569ce4b8f30dc480-s.p.woff2?v=1786440148929 was preloaded using link preload but not used within a few seconds from the window's load event. Please make sure it has an appropriate `as` value and it is preloaded intentionally. @ http://localhost:3000/preview/arcstone-growth?frame=1:0
[    7494ms] [WARNING] The resource http://localhost:3000/_next/static/media/7b89a4fd5e90ede0-s.p.woff2?v=1786440148929 was preloaded using link preload but not used within a few seconds from the window's load event. Please make sure it has an appropriate `as` value and it is preloaded intentionally. @ http://localhost:3000/preview/arcstone-growth?frame=1:0
[    7494ms] [WARNING] The resource http://localhost:3000/_next/static/media/e4af272ccee01ff0-s.p.woff2?v=1786440148929 was preloaded using link preload but not used within a few seconds from the window's load event. Please make sure it has an appropriate `as` value and it is preloaded intentionally. @ http://localhost:3000/preview/arcstone-growth?frame=1:0
[    7495ms] [WARNING] The resource http://localhost:3000/_next/static/chunks/_app-pages-browser_src_templates_arcstone-growth_template_tsx.js was preloaded using link preload but not used within a few seconds from the window's load event. Please make sure it has an appropriate `as` value and it is preloaded intentionally. @ http://localhost:3000/preview/arcstone-growth?frame=1:0
[    7495ms] [WARNING] The resource http://localhost:3000/_next/static/media/eaead17c7dbfcd5d-s.p.woff2?v=1786440148929 was preloaded using link preload but not used within a few seconds from the window's load event. Please make sure it has an appropriate `as` value and it is preloaded intentionally. @ http://localhost:3000/preview/arcstone-growth?frame=1:0
[    7495ms] [WARNING] The resource http://localhost:3000/_next/static/media/9dd75fadc5b3df29-s.p.woff2?v=1786440148929 was preloaded using link preload but not used within a few seconds from the window's load event. Please make sure it has an appropriate `as` value and it is preloaded intentionally. @ http://localhost:3000/preview/arcstone-growth?frame=1:0
[   21536ms] [LOG] [Fast Refresh] rebuilding @ webpack-internal:///(app-pages-browser)/./node_modules/next/dist/next-devtools/shared/forward-logs-shared.js:27
[   23131ms] [LOG] [Fast Refresh] done in 1596ms @ webpack-internal:///(app-pages-browser)/./node_modules/next/dist/next-devtools/shared/forward-logs-shared.js:27
[   25435ms] [LOG] [Fast Refresh] rebuilding @ webpack-internal:///(app-pages-browser)/./node_modules/next/dist/next-devtools/shared/forward-logs-shared.js:27
[   26454ms] [LOG] [Fast Refresh] done in 1020ms @ webpack-internal:///(app-pages-browser)/./node_modules/next/dist/next-devtools/shared/forward-logs-shared.js:27
[   29191ms] [LOG] [Fast Refresh] rebuilding @ webpack-internal:///(app-pages-browser)/./node_modules/next/dist/next-devtools/shared/forward-logs-shared.js:27
[   29936ms] [LOG] [Fast Refresh] done in 746ms @ webpack-internal:///(app-pages-browser)/./node_modules/next/dist/next-devtools/shared/forward-logs-shared.js:27
[   32431ms] [LOG] [Fast Refresh] rebuilding @ webpack-internal:///(app-pages-browser)/./node_modules/next/dist/next-devtools/shared/forward-logs-shared.js:27
[   33988ms] [LOG] [Fast Refresh] done in 1557ms @ webpack-internal:///(app-pages-browser)/./node_modules/next/dist/next-devtools/shared/forward-logs-shared.js:27
[   37002ms] [WARNING] The resource http://localhost:3000/_next/static/media/be955174636e5369-s.p.woff2?v=1786440148929 was preloaded using link preload but not used within a few seconds from the window's load event. Please make sure it has an appropriate `as` value and it is preloaded intentionally. @ http://localhost:3000/preview/arcstone-growth?frame=1:0
[   37002ms] [WARNING] The resource http://localhost:3000/_next/static/media/ee40bb094c99a29a-s.p.woff2?v=1786440148929 was preloaded using link preload but not used within a few seconds from the window's load event. Please make sure it has an appropriate `as` value and it is preloaded intentionally. @ http://localhost:3000/preview/arcstone-growth?frame=1:0
[   37002ms] [WARNING] The resource http://localhost:3000/_next/static/media/569ce4b8f30dc480-s.p.woff2?v=1786440148929 was preloaded using link preload but not used within a few seconds from the window's load event. Please make sure it has an appropriate `as` value and it is preloaded intentionally. @ http://localhost:3000/preview/arcstone-growth?frame=1:0
[   37002ms] [WARNING] The resource http://localhost:3000/_next/static/media/7b89a4fd5e90ede0-s.p.woff2?v=1786440148929 was preloaded using link preload but not used within a few seconds from the window's load event. Please make sure it has an appropriate `as` value and it is preloaded intentionally. @ http://localhost:3000/preview/arcstone-growth?frame=1:0
[   37002ms] [WARNING] The resource http://localhost:3000/_next/static/media/e4af272ccee01ff0-s.p.woff2?v=1786440148929 was preloaded using link preload but not used within a few seconds from the window's load event. Please make sure it has an appropriate `as` value and it is preloaded intentionally. @ http://localhost:3000/preview/arcstone-growth?frame=1:0
[   37002ms] [WARNING] The resource http://localhost:3000/_next/static/chunks/_app-pages-browser_src_templates_arcstone-growth_template_tsx.js was preloaded using link preload but not used within a few seconds from the window's load event. Please make sure it has an appropriate `as` value and it is preloaded intentionally. @ http://localhost:3000/preview/arcstone-growth?frame=1:0
[   37004ms] [WARNING] The resource http://localhost:3000/_next/static/media/eaead17c7dbfcd5d-s.p.woff2?v=1786440148929 was preloaded using link preload but not used within a few seconds from the window's load event. Please make sure it has an appropriate `as` value and it is preloaded intentionally. @ http://localhost:3000/preview/arcstone-growth?frame=1:0
[   37004ms] [WARNING] The resource http://localhost:3000/_next/static/css/app/preview/%5BtemplateId%5D/page.css?v=1786440180860 was preloaded using link preload but not used within a few seconds from the window's load event. Please make sure it has an appropriate `as` value and it is preloaded intentionally. @ http://localhost:3000/preview/arcstone-growth?frame=1:0
[   37006ms] [WARNING] The resource http://localhost:3000/_next/static/css/app/layout.css?v=1786440180860 was preloaded using link preload but not used within a few seconds from the window's load event. Please make sure it has an appropriate `as` value and it is preloaded intentionally. @ http://localhost:3000/preview/arcstone-growth?frame=1:0
[   37007ms] [WARNING] The resource http://localhost:3000/_next/static/media/9dd75fadc5b3df29-s.p.woff2?v=1786440148929 was preloaded using link preload but not used within a few seconds from the window's load event. Please make sure it has an appropriate `as` value and it is preloaded intentionally. @ http://localhost:3000/preview/arcstone-growth?frame=1:0
[   39394ms] [LOG] [Fast Refresh] rebuilding @ webpack-internal:///(app-pages-browser)/./node_modules/next/dist/next-devtools/shared/forward-logs-shared.js:27
[   39666ms] [LOG] [Fast Refresh] done in 272ms @ webpack-internal:///(app-pages-browser)/./node_modules/next/dist/next-devtools/shared/forward-logs-shared.js:27
[   42032ms] [LOG] [Fast Refresh] rebuilding @ webpack-internal:///(app-pages-browser)/./node_modules/next/dist/next-devtools/shared/forward-logs-shared.js:27
[   42221ms] [LOG] [Fast Refresh] done in 190ms @ webpack-internal:///(app-pages-browser)/./node_modules/next/dist/next-devtools/shared/forward-logs-shared.js:27
[   45223ms] [WARNING] The resource http://localhost:3000/_next/static/media/be955174636e5369-s.p.woff2?v=1786440148929 was preloaded using link preload but not used within a few seconds from the window's load event. Please make sure it has an appropriate `as` value and it is preloaded intentionally. @ http://localhost:3000/preview/arcstone-growth?frame=1:0
[   45224ms] [WARNING] The resource http://localhost:3000/_next/static/css/app/preview/%5BtemplateId%5D/page.css?v=1786440190458 was preloaded using link preload but not used within a few seconds from the window's load event. Please make sure it has an appropriate `as` value and it is preloaded intentionally. @ http://localhost:3000/preview/arcstone-growth?frame=1:0
[   45225ms] [WARNING] The resource http://localhost:3000/_next/static/media/ee40bb094c99a29a-s.p.woff2?v=1786440148929 was preloaded using link preload but not used within a few seconds from the window's load event. Please make sure it has an appropriate `as` value and it is preloaded intentionally. @ http://localhost:3000/preview/arcstone-growth?frame=1:0
[   45225ms] [WARNING] The resource http://localhost:3000/_next/static/media/569ce4b8f30dc480-s.p.woff2?v=1786440148929 was preloaded using link preload but not used within a few seconds from the window's load event. Please make sure it has an appropriate `as` value and it is preloaded intentionally. @ http://localhost:3000/preview/arcstone-growth?frame=1:0
[   45225ms] [WARNING] The resource http://localhost:3000/_next/static/media/7b89a4fd5e90ede0-s.p.woff2?v=1786440148929 was preloaded using link preload but not used within a few seconds from the window's load event. Please make sure it has an appropriate `as` value and it is preloaded intentionally. @ http://localhost:3000/preview/arcstone-growth?frame=1:0
[   45225ms] [WARNING] The resource http://localhost:3000/_next/static/media/e4af272ccee01ff0-s.p.woff2?v=1786440148929 was preloaded using link preload but not used within a few seconds from the window's load event. Please make sure it has an appropriate `as` value and it is preloaded intentionally. @ http://localhost:3000/preview/arcstone-growth?frame=1:0
[   45225ms] [WARNING] The resource http://localhost:3000/_next/static/chunks/_app-pages-browser_src_templates_arcstone-growth_template_tsx.js was preloaded using link preload but not used within a few seconds from the window's load event. Please make sure it has an appropriate `as` value and it is preloaded intentionally. @ http://localhost:3000/preview/arcstone-growth?frame=1:0
[   45225ms] [WARNING] The resource http://localhost:3000/_next/static/media/eaead17c7dbfcd5d-s.p.woff2?v=1786440148929 was preloaded using link preload but not used within a few seconds from the window's load event. Please make sure it has an appropriate `as` value and it is preloaded intentionally. @ http://localhost:3000/preview/arcstone-growth?frame=1:0
[   45225ms] [WARNING] The resource http://localhost:3000/_next/static/media/9dd75fadc5b3df29-s.p.woff2?v=1786440148929 was preloaded using link preload but not used within a few seconds from the window's load event. Please make sure it has an appropriate `as` value and it is preloaded intentionally. @ http://localhost:3000/preview/arcstone-growth?frame=1:0
[   45225ms] [WARNING] The resource http://localhost:3000/_next/static/css/app/layout.css?v=1786440190458 was preloaded using link preload but not used within a few seconds from the window's load event. Please make sure it has an appropriate `as` value and it is preloaded intentionally. @ http://localhost:3000/preview/arcstone-growth?frame=1:0
[   47320ms] [LOG] [Fast Refresh] rebuilding @ webpack-internal:///(app-pages-browser)/./node_modules/next/dist/next-devtools/shared/forward-logs-shared.js:27
[   47979ms] [LOG] [Fast Refresh] done in 660ms @ webpack-internal:///(app-pages-browser)/./node_modules/next/dist/next-devtools/shared/forward-logs-shared.js:27
[   50316ms] [LOG] [Fast Refresh] rebuilding @ webpack-internal:///(app-pages-browser)/./node_modules/next/dist/next-devtools/shared/forward-logs-shared.js:27
[   51129ms] [LOG] [Fast Refresh] done in 812ms @ webpack-internal:///(app-pages-browser)/./node_modules/next/dist/next-devtools/shared/forward-logs-shared.js:27
[   54069ms] [LOG] [Fast Refresh] rebuilding @ webpack-internal:///(app-pages-browser)/./node_modules/next/dist/next-devtools/shared/forward-logs-shared.js:27
[   54131ms] [WARNING] The resource http://localhost:3000/_next/static/media/be955174636e5369-s.p.woff2?v=1786440148929 was preloaded using link preload but not used within a few seconds from the window's load event. Please make sure it has an appropriate `as` value and it is preloaded intentionally. @ http://localhost:3000/preview/arcstone-growth?frame=1:0
[   54131ms] [WARNING] The resource http://localhost:3000/_next/static/media/ee40bb094c99a29a-s.p.woff2?v=1786440148929 was preloaded using link preload but not used within a few seconds from the window's load event. Please make sure it has an appropriate `as` value and it is preloaded intentionally. @ http://localhost:3000/preview/arcstone-growth?frame=1:0
[   54131ms] [WARNING] The resource http://localhost:3000/_next/static/media/569ce4b8f30dc480-s.p.woff2?v=1786440148929 was preloaded using link preload but not used within a few seconds from the window's load event. Please make sure it has an appropriate `as` value and it is preloaded intentionally. @ http://localhost:3000/preview/arcstone-growth?frame=1:0
[   54131ms] [WARNING] The resource http://localhost:3000/_next/static/media/7b89a4fd5e90ede0-s.p.woff2?v=1786440148929 was preloaded using link preload but not used within a few seconds from the window's load event. Please make sure it has an appropriate `as` value and it is preloaded intentionally. @ http://localhost:3000/preview/arcstone-growth?frame=1:0
[   54131ms] [WARNING] The resource http://localhost:3000/_next/static/media/e4af272ccee01ff0-s.p.woff2?v=1786440148929 was preloaded using link preload but not used within a few seconds from the window's load event. Please make sure it has an appropriate `as` value and it is preloaded intentionally. @ http://localhost:3000/preview/arcstone-growth?frame=1:0
[   54131ms] [WARNING] The resource http://localhost:3000/_next/static/chunks/_app-pages-browser_src_templates_arcstone-growth_template_tsx.js was preloaded using link preload but not used within a few seconds from the window's load event. Please make sure it has an appropriate `as` value and it is preloaded intentionally. @ http://localhost:3000/preview/arcstone-growth?frame=1:0
[   54131ms] [WARNING] The resource http://localhost:3000/_next/static/media/eaead17c7dbfcd5d-s.p.woff2?v=1786440148929 was preloaded using link preload but not used within a few seconds from the window's load event. Please make sure it has an appropriate `as` value and it is preloaded intentionally. @ http://localhost:3000/preview/arcstone-growth?frame=1:0
[   54131ms] [WARNING] The resource http://localhost:3000/_next/static/media/9dd75fadc5b3df29-s.p.woff2?v=1786440148929 was preloaded using link preload but not used within a few seconds from the window's load event. Please make sure it has an appropriate `as` value and it is preloaded intentionally. @ http://localhost:3000/preview/arcstone-growth?frame=1:0
[   54925ms] [LOG] [Fast Refresh] done in 856ms @ webpack-internal:///(app-pages-browser)/./node_modules/next/dist/next-devtools/shared/forward-logs-shared.js:27
[   57928ms] [WARNING] The resource http://localhost:3000/_next/static/media/be955174636e5369-s.p.woff2?v=1786440148929 was preloaded using link preload but not used within a few seconds from the window's load event. Please make sure it has an appropriate `as` value and it is preloaded intentionally. @ http://localhost:3000/preview/arcstone-growth?frame=1:0
[   57929ms] [WARNING] The resource http://localhost:3000/_next/static/media/ee40bb094c99a29a-s.p.woff2?v=1786440148929 was preloaded using link preload but not used within a few seconds from the window's load event. Please make sure it has an appropriate `as` value and it is preloaded intentionally. @ http://localhost:3000/preview/arcstone-growth?frame=1:0
[   57929ms] [WARNING] The resource http://localhost:3000/_next/static/css/app/layout.css?v=1786440203126 was preloaded using link preload but not used within a few seconds from the window's load event. Please make sure it has an appropriate `as` value and it is preloaded intentionally. @ http://localhost:3000/preview/arcstone-growth?frame=1:0
[   57929ms] [WARNING] The resource http://localhost:3000/_next/static/media/569ce4b8f30dc480-s.p.woff2?v=1786440148929 was preloaded using link preload but not used within a few seconds from the window's load event. Please make sure it has an appropriate `as` value and it is preloaded intentionally. @ http://localhost:3000/preview/arcstone-growth?frame=1:0
[   57930ms] [WARNING] The resource http://localhost:3000/_next/static/media/7b89a4fd5e90ede0-s.p.woff2?v=1786440148929 was preloaded using link preload but not used within a few seconds from the window's load event. Please make sure it has an appropriate `as` value and it is preloaded intentionally. @ http://localhost:3000/preview/arcstone-growth?frame=1:0
[   57930ms] [WARNING] The resource http://localhost:3000/_next/static/media/e4af272ccee01ff0-s.p.woff2?v=1786440148929 was preloaded using link preload but not used within a few seconds from the window's load event. Please make sure it has an appropriate `as` value and it is preloaded intentionally. @ http://localhost:3000/preview/arcstone-growth?frame=1:0
[   57930ms] [WARNING] The resource http://localhost:3000/_next/static/chunks/_app-pages-browser_src_templates_arcstone-growth_template_tsx.js was preloaded using link preload but not used within a few seconds from the window's load event. Please make sure it has an appropriate `as` value and it is preloaded intentionally. @ http://localhost:3000/preview/arcstone-growth?frame=1:0
[   57930ms] [WARNING] The resource http://localhost:3000/_next/static/media/eaead17c7dbfcd5d-s.p.woff2?v=1786440148929 was preloaded using link preload but not used within a few seconds from the window's load event. Please make sure it has an appropriate `as` value and it is preloaded intentionally. @ http://localhost:3000/preview/arcstone-growth?frame=1:0
[   57930ms] [WARNING] The resource http://localhost:3000/_next/static/media/9dd75fadc5b3df29-s.p.woff2?v=1786440148929 was preloaded using link preload but not used within a few seconds from the window's load event. Please make sure it has an appropriate `as` value and it is preloaded intentionally. @ http://localhost:3000/preview/arcstone-growth?frame=1:0
[   57930ms] [WARNING] The resource http://localhost:3000/_next/static/css/app/preview/%5BtemplateId%5D/page.css?v=1786440203126 was preloaded using link preload but not used within a few seconds from the window's load event. Please make sure it has an appropriate `as` value and it is preloaded intentionally. @ http://localhost:3000/preview/arcstone-growth?frame=1:0
[   59664ms] [LOG] [Fast Refresh] rebuilding @ webpack-internal:///(app-pages-browser)/./node_modules/next/dist/next-devtools/shared/forward-logs-shared.js:27
[   61515ms] [LOG] [Fast Refresh] done in 1851ms @ webpack-internal:///(app-pages-browser)/./node_modules/next/dist/next-devtools/shared/forward-logs-shared.js:27
[   63221ms] [LOG] [Fast Refresh] rebuilding @ webpack-internal:///(app-pages-browser)/./node_modules/next/dist/next-devtools/shared/forward-logs-shared.js:27
[   63423ms] [LOG] [Fast Refresh] done in 203ms @ webpack-internal:///(app-pages-browser)/./node_modules/next/dist/next-devtools/shared/forward-logs-shared.js:27
[   65660ms] [LOG] [Fast Refresh] rebuilding @ webpack-internal:///(app-pages-browser)/./node_modules/next/dist/next-devtools/shared/forward-logs-shared.js:27
[   67145ms] [LOG] [Fast Refresh] done in 1485ms @ webpack-internal:///(app-pages-browser)/./node_modules/next/dist/next-devtools/shared/forward-logs-shared.js:27
[   69067ms] [LOG] [Fast Refresh] rebuilding @ webpack-internal:///(app-pages-browser)/./node_modules/next/dist/next-devtools/shared/forward-logs-shared.js:27
[   69303ms] [LOG] [Fast Refresh] done in 237ms @ webpack-internal:///(app-pages-browser)/./node_modules/next/dist/next-devtools/shared/forward-logs-shared.js:27
[   72303ms] [LOG] [Fast Refresh] rebuilding @ webpack-internal:///(app-pages-browser)/./node_modules/next/dist/next-devtools/shared/forward-logs-shared.js:27
[   72613ms] [LOG] [Fast Refresh] done in 309ms @ webpack-internal:///(app-pages-browser)/./node_modules/next/dist/next-devtools/shared/forward-logs-shared.js:27
[   74630ms] [LOG] [Fast Refresh] rebuilding @ webpack-internal:///(app-pages-browser)/./node_modules/next/dist/next-devtools/shared/forward-logs-shared.js:27
[   76067ms] [LOG] [Fast Refresh] done in 1437ms @ webpack-internal:///(app-pages-browser)/./node_modules/next/dist/next-devtools/shared/forward-logs-shared.js:27
[   77392ms] [LOG] [Fast Refresh] rebuilding @ webpack-internal:///(app-pages-browser)/./node_modules/next/dist/next-devtools/shared/forward-logs-shared.js:27
[   77538ms] [LOG] [Fast Refresh] done in 145ms @ webpack-internal:///(app-pages-browser)/./node_modules/next/dist/next-devtools/shared/forward-logs-shared.js:27
[   79060ms] [LOG] [Fast Refresh] rebuilding @ webpack-internal:///(app-pages-browser)/./node_modules/next/dist/next-devtools/shared/forward-logs-shared.js:27
[   79205ms] [LOG] [Fast Refresh] done in 146ms @ webpack-internal:///(app-pages-browser)/./node_modules/next/dist/next-devtools/shared/forward-logs-shared.js:27
[   81070ms] [LOG] [Fast Refresh] rebuilding @ webpack-internal:///(app-pages-browser)/./node_modules/next/dist/next-devtools/shared/forward-logs-shared.js:27
[   83077ms] [LOG] [Fast Refresh] done in 2007ms @ webpack-internal:///(app-pages-browser)/./node_modules/next/dist/next-devtools/shared/forward-logs-shared.js:27
[   85117ms] [LOG] [Fast Refresh] rebuilding @ webpack-internal:///(app-pages-browser)/./node_modules/next/dist/next-devtools/shared/forward-logs-shared.js:27
[   86530ms] [LOG] [Fast Refresh] done in 1414ms @ webpack-internal:///(app-pages-browser)/./node_modules/next/dist/next-devtools/shared/forward-logs-shared.js:27
[   88534ms] [LOG] [Fast Refresh] rebuilding @ webpack-internal:///(app-pages-browser)/./node_modules/next/dist/next-devtools/shared/forward-logs-shared.js:27
[   90296ms] [LOG] [Fast Refresh] done in 1762ms @ webpack-internal:///(app-pages-browser)/./node_modules/next/dist/next-devtools/shared/forward-logs-shared.js:27
[   92585ms] [LOG] [Fast Refresh] rebuilding @ webpack-internal:///(app-pages-browser)/./node_modules/next/dist/next-devtools/shared/forward-logs-shared.js:27
[   92789ms] [LOG] [Fast Refresh] done in 205ms @ webpack-internal:///(app-pages-browser)/./node_modules/next/dist/next-devtools/shared/forward-logs-shared.js:27
[   95042ms] [LOG] [Fast Refresh] rebuilding @ webpack-internal:///(app-pages-browser)/./node_modules/next/dist/next-devtools/shared/forward-logs-shared.js:27
[   96363ms] [LOG] [Fast Refresh] done in 1321ms @ webpack-internal:///(app-pages-browser)/./node_modules/next/dist/next-devtools/shared/forward-logs-shared.js:27
[   98288ms] [LOG] [Fast Refresh] rebuilding @ webpack-internal:///(app-pages-browser)/./node_modules/next/dist/next-devtools/shared/forward-logs-shared.js:27
[  101581ms] [WARNING] The resource http://localhost:3000/_next/static/media/be955174636e5369-s.p.woff2?v=1786440148929 was preloaded using link preload but not used within a few seconds from the window's load event. Please make sure it has an appropriate `as` value and it is preloaded intentionally. @ http://localhost:3000/preview/arcstone-growth?frame=1:0
[  101582ms] [WARNING] The resource http://localhost:3000/_next/static/css/app/preview/%5BtemplateId%5D/page.css?v=1786440246924 was preloaded using link preload but not used within a few seconds from the window's load event. Please make sure it has an appropriate `as` value and it is preloaded intentionally. @ http://localhost:3000/preview/arcstone-growth?frame=1:0
[  101582ms] [WARNING] The resource http://localhost:3000/_next/static/media/ee40bb094c99a29a-s.p.woff2?v=1786440148929 was preloaded using link preload but not used within a few seconds from the window's load event. Please make sure it has an appropriate `as` value and it is preloaded intentionally. @ http://localhost:3000/preview/arcstone-growth?frame=1:0
[  101582ms] [WARNING] The resource http://localhost:3000/_next/static/media/569ce4b8f30dc480-s.p.woff2?v=1786440148929 was preloaded using link preload but not used within a few seconds from the window's load event. Please make sure it has an appropriate `as` value and it is preloaded intentionally. @ http://localhost:3000/preview/arcstone-growth?frame=1:0
[  101582ms] [WARNING] The resource http://localhost:3000/_next/static/media/7b89a4fd5e90ede0-s.p.woff2?v=1786440148929 was preloaded using link preload but not used within a few seconds from the window's load event. Please make sure it has an appropriate `as` value and it is preloaded intentionally. @ http://localhost:3000/preview/arcstone-growth?frame=1:0
[  101582ms] [WARNING] The resource http://localhost:3000/_next/static/media/e4af272ccee01ff0-s.p.woff2?v=1786440148929 was preloaded using link preload but not used within a few seconds from the window's load event. Please make sure it has an appropriate `as` value and it is preloaded intentionally. @ http://localhost:3000/preview/arcstone-growth?frame=1:0
[  101582ms] [WARNING] The resource http://localhost:3000/_next/static/chunks/_app-pages-browser_src_templates_arcstone-growth_template_tsx.js was preloaded using link preload but not used within a few seconds from the window's load event. Please make sure it has an appropriate `as` value and it is preloaded intentionally. @ http://localhost:3000/preview/arcstone-growth?frame=1:0
[  101582ms] [WARNING] The resource http://localhost:3000/_next/static/media/eaead17c7dbfcd5d-s.p.woff2?v=1786440148929 was preloaded using link preload but not used within a few seconds from the window's load event. Please make sure it has an appropriate `as` value and it is preloaded intentionally. @ http://localhost:3000/preview/arcstone-growth?frame=1:0
[  101582ms] [WARNING] The resource http://localhost:3000/_next/static/css/app/layout.css?v=1786440246924 was preloaded using link preload but not used within a few seconds from the window's load event. Please make sure it has an appropriate `as` value and it is preloaded intentionally. @ http://localhost:3000/preview/arcstone-growth?frame=1:0
[  101582ms] [WARNING] The resource http://localhost:3000/_next/static/media/9dd75fadc5b3df29-s.p.woff2?v=1786440148929 was preloaded using link preload but not used within a few seconds from the window's load event. Please make sure it has an appropriate `as` value and it is preloaded intentionally. @ http://localhost:3000/preview/arcstone-growth?frame=1:0
[  103590ms] [LOG] [Fast Refresh] done in 5301ms @ webpack-internal:///(app-pages-browser)/./node_modules/next/dist/next-devtools/shared/forward-logs-shared.js:27
[  104662ms] [LOG] [Fast Refresh] rebuilding @ webpack-internal:///(app-pages-browser)/./node_modules/next/dist/next-devtools/shared/forward-logs-shared.js:27
[  105970ms] [LOG] [Fast Refresh] done in 1309ms @ webpack-internal:///(app-pages-browser)/./node_modules/next/dist/next-devtools/shared/forward-logs-shared.js:27
[  107047ms] [LOG] [Fast Refresh] rebuilding @ webpack-internal:///(app-pages-browser)/./node_modules/next/dist/next-devtools/shared/forward-logs-shared.js:27
[  108270ms] [LOG] [Fast Refresh] done in 1222ms @ webpack-internal:///(app-pages-browser)/./node_modules/next/dist/next-devtools/shared/forward-logs-shared.js:27
[  109324ms] [LOG] [Fast Refresh] rebuilding @ webpack-internal:///(app-pages-browser)/./node_modules/next/dist/next-devtools/shared/forward-logs-shared.js:27
[  110223ms] [LOG] [Fast Refresh] done in 898ms @ webpack-internal:///(app-pages-browser)/./node_modules/next/dist/next-devtools/shared/forward-logs-shared.js:27
[  112398ms] [LOG] [Fast Refresh] rebuilding @ webpack-internal:///(app-pages-browser)/./node_modules/next/dist/next-devtools/shared/forward-logs-shared.js:27
[  112613ms] [LOG] [Fast Refresh] done in 216ms @ webpack-internal:///(app-pages-browser)/./node_modules/next/dist/next-devtools/shared/forward-logs-shared.js:27
[  114380ms] [LOG] [Fast Refresh] rebuilding @ webpack-internal:///(app-pages-browser)/./node_modules/next/dist/next-devtools/shared/forward-logs-shared.js:27
[  115173ms] [LOG] [Fast Refresh] done in 793ms @ webpack-internal:///(app-pages-browser)/./node_modules/next/dist/next-devtools/shared/forward-logs-shared.js:27
[  116765ms] [LOG] [Fast Refresh] rebuilding @ webpack-internal:///(app-pages-browser)/./node_modules/next/dist/next-devtools/shared/forward-logs-shared.js:27
[  116935ms] [LOG] [Fast Refresh] done in 170ms @ webpack-internal:///(app-pages-browser)/./node_modules/next/dist/next-devtools/shared/forward-logs-shared.js:27
[  118733ms] [LOG] [Fast Refresh] rebuilding @ webpack-internal:///(app-pages-browser)/./node_modules/next/dist/next-devtools/shared/forward-logs-shared.js:27
[  119718ms] [LOG] [Fast Refresh] done in 985ms @ webpack-internal:///(app-pages-browser)/./node_modules/next/dist/next-devtools/shared/forward-logs-shared.js:27
[  120709ms] [LOG] [Fast Refresh] rebuilding @ webpack-internal:///(app-pages-browser)/./node_modules/next/dist/next-devtools/shared/forward-logs-shared.js:27
[  121615ms] [LOG] [Fast Refresh] done in 905ms @ webpack-internal:///(app-pages-browser)/./node_modules/next/dist/next-devtools/shared/forward-logs-shared.js:27
[  123035ms] [LOG] [Fast Refresh] rebuilding @ webpack-internal:///(app-pages-browser)/./node_modules/next/dist/next-devtools/shared/forward-logs-shared.js:27
[  123832ms] [LOG] [Fast Refresh] done in 797ms @ webpack-internal:///(app-pages-browser)/./node_modules/next/dist/next-devtools/shared/forward-logs-shared.js:27
[  125053ms] [LOG] [Fast Refresh] rebuilding @ webpack-internal:///(app-pages-browser)/./node_modules/next/dist/next-devtools/shared/forward-logs-shared.js:27
[  125218ms] [LOG] [Fast Refresh] done in 165ms @ webpack-internal:///(app-pages-browser)/./node_modules/next/dist/next-devtools/shared/forward-logs-shared.js:27
[  127498ms] [LOG] [Fast Refresh] rebuilding @ webpack-internal:///(app-pages-browser)/./node_modules/next/dist/next-devtools/shared/forward-logs-shared.js:27
[  128607ms] [LOG] [Fast Refresh] done in 1108ms @ webpack-internal:///(app-pages-browser)/./node_modules/next/dist/next-devtools/shared/forward-logs-shared.js:27
[  129795ms] [LOG] [Fast Refresh] rebuilding @ webpack-internal:///(app-pages-browser)/./node_modules/next/dist/next-devtools/shared/forward-logs-shared.js:27
[  130099ms] [LOG] [Fast Refresh] done in 304ms @ webpack-internal:///(app-pages-browser)/./node_modules/next/dist/next-devtools/shared/forward-logs-shared.js:27
[  131685ms] [LOG] [Fast Refresh] rebuilding @ webpack-internal:///(app-pages-browser)/./node_modules/next/dist/next-devtools/shared/forward-logs-shared.js:27
[  132579ms] [LOG] [Fast Refresh] done in 894ms @ webpack-internal:///(app-pages-browser)/./node_modules/next/dist/next-devtools/shared/forward-logs-shared.js:27
[  135580ms] [WARNING] The resource http://localhost:3000/_next/static/media/be955174636e5369-s.p.woff2?v=1786440148929 was preloaded using link preload but not used within a few seconds from the window's load event. Please make sure it has an appropriate `as` value and it is preloaded intentionally. @ http://localhost:3000/preview/arcstone-growth?frame=1:0
[  135581ms] [WARNING] The resource http://localhost:3000/_next/static/media/ee40bb094c99a29a-s.p.woff2?v=1786440148929 was preloaded using link preload but not used within a few seconds from the window's load event. Please make sure it has an appropriate `as` value and it is preloaded intentionally. @ http://localhost:3000/preview/arcstone-growth?frame=1:0
[  135581ms] [WARNING] The resource http://localhost:3000/_next/static/media/569ce4b8f30dc480-s.p.woff2?v=1786440148929 was preloaded using link preload but not used within a few seconds from the window's load event. Please make sure it has an appropriate `as` value and it is preloaded intentionally. @ http://localhost:3000/preview/arcstone-growth?frame=1:0
[  135582ms] [WARNING] The resource http://localhost:3000/_next/static/media/7b89a4fd5e90ede0-s.p.woff2?v=1786440148929 was preloaded using link preload but not used within a few seconds from the window's load event. Please make sure it has an appropriate `as` value and it is preloaded intentionally. @ http://localhost:3000/preview/arcstone-growth?frame=1:0
[  135582ms] [WARNING] The resource http://localhost:3000/_next/static/media/e4af272ccee01ff0-s.p.woff2?v=1786440148929 was preloaded using link preload but not used within a few seconds from the window's load event. Please make sure it has an appropriate `as` value and it is preloaded intentionally. @ http://localhost:3000/preview/arcstone-growth?frame=1:0
[  135582ms] [WARNING] The resource http://localhost:3000/_next/static/chunks/_app-pages-browser_src_templates_arcstone-growth_template_tsx.js was preloaded using link preload but not used within a few seconds from the window's load event. Please make sure it has an appropriate `as` value and it is preloaded intentionally. @ http://localhost:3000/preview/arcstone-growth?frame=1:0
[  135582ms] [WARNING] The resource http://localhost:3000/_next/static/media/eaead17c7dbfcd5d-s.p.woff2?v=1786440148929 was preloaded using link preload but not used within a few seconds from the window's load event. Please make sure it has an appropriate `as` value and it is preloaded intentionally. @ http://localhost:3000/preview/arcstone-growth?frame=1:0
[  135582ms] [WARNING] The resource http://localhost:3000/_next/static/media/9dd75fadc5b3df29-s.p.woff2?v=1786440148929 was preloaded using link preload but not used within a few seconds from the window's load event. Please make sure it has an appropriate `as` value and it is preloaded intentionally. @ http://localhost:3000/preview/arcstone-growth?frame=1:0
[  137375ms] [LOG] [Fast Refresh] rebuilding @ webpack-internal:///(app-pages-browser)/./node_modules/next/dist/next-devtools/shared/forward-logs-shared.js:27
[  137533ms] [LOG] [Fast Refresh] done in 159ms @ webpack-internal:///(app-pages-browser)/./node_modules/next/dist/next-devtools/shared/forward-logs-shared.js:27
[  139344ms] [LOG] [Fast Refresh] rebuilding @ webpack-internal:///(app-pages-browser)/./node_modules/next/dist/next-devtools/shared/forward-logs-shared.js:27
[  139492ms] [LOG] [Fast Refresh] done in 148ms @ webpack-internal:///(app-pages-browser)/./node_modules/next/dist/next-devtools/shared/forward-logs-shared.js:27
[  140923ms] [LOG] [Fast Refresh] rebuilding @ webpack-internal:///(app-pages-browser)/./node_modules/next/dist/next-devtools/shared/forward-logs-shared.js:27
[  141548ms] [LOG] [Fast Refresh] done in 625ms @ webpack-internal:///(app-pages-browser)/./node_modules/next/dist/next-devtools/shared/forward-logs-shared.js:27
[  142741ms] [LOG] [Fast Refresh] rebuilding @ webpack-internal:///(app-pages-browser)/./node_modules/next/dist/next-devtools/shared/forward-logs-shared.js:27
[  142977ms] [LOG] [Fast Refresh] done in 236ms @ webpack-internal:///(app-pages-browser)/./node_modules/next/dist/next-devtools/shared/forward-logs-shared.js:27
[  144796ms] [LOG] [Fast Refresh] rebuilding @ webpack-internal:///(app-pages-browser)/./node_modules/next/dist/next-devtools/shared/forward-logs-shared.js:27
[  145431ms] [LOG] [Fast Refresh] done in 635ms @ webpack-internal:///(app-pages-browser)/./node_modules/next/dist/next-devtools/shared/forward-logs-shared.js:27
[  146676ms] [LOG] [Fast Refresh] rebuilding @ webpack-internal:///(app-pages-browser)/./node_modules/next/dist/next-devtools/shared/forward-logs-shared.js:27
[  146894ms] [LOG] [Fast Refresh] done in 219ms @ webpack-internal:///(app-pages-browser)/./node_modules/next/dist/next-devtools/shared/forward-logs-shared.js:27
[  148923ms] [LOG] [Fast Refresh] rebuilding @ webpack-internal:///(app-pages-browser)/./node_modules/next/dist/next-devtools/shared/forward-logs-shared.js:27
[  149883ms] [LOG] [Fast Refresh] done in 958ms @ webpack-internal:///(app-pages-browser)/./node_modules/next/dist/next-devtools/shared/forward-logs-shared.js:27
[  151799ms] [LOG] [Fast Refresh] rebuilding @ webpack-internal:///(app-pages-browser)/./node_modules/next/dist/next-devtools/shared/forward-logs-shared.js:27
[  152028ms] [LOG] [Fast Refresh] done in 230ms @ webpack-internal:///(app-pages-browser)/./node_modules/next/dist/next-devtools/shared/forward-logs-shared.js:27
[  153757ms] [LOG] [Fast Refresh] rebuilding @ webpack-internal:///(app-pages-browser)/./node_modules/next/dist/next-devtools/shared/forward-logs-shared.js:27
[  153913ms] [LOG] [Fast Refresh] done in 156ms @ webpack-internal:///(app-pages-browser)/./node_modules/next/dist/next-devtools/shared/forward-logs-shared.js:27
[  155656ms] [LOG] [Fast Refresh] rebuilding @ webpack-internal:///(app-pages-browser)/./node_modules/next/dist/next-devtools/shared/forward-logs-shared.js:27
[  156479ms] [LOG] [Fast Refresh] done in 824ms @ webpack-internal:///(app-pages-browser)/./node_modules/next/dist/next-devtools/shared/forward-logs-shared.js:27
[  158156ms] [LOG] [Fast Refresh] rebuilding @ webpack-internal:///(app-pages-browser)/./node_modules/next/dist/next-devtools/shared/forward-logs-shared.js:27
[  158998ms] [LOG] [Fast Refresh] done in 842ms @ webpack-internal:///(app-pages-browser)/./node_modules/next/dist/next-devtools/shared/forward-logs-shared.js:27
[  160969ms] [LOG] [Fast Refresh] rebuilding @ webpack-internal:///(app-pages-browser)/./node_modules/next/dist/next-devtools/shared/forward-logs-shared.js:27
[  161719ms] [LOG] [Fast Refresh] done in 750ms @ webpack-internal:///(app-pages-browser)/./node_modules/next/dist/next-devtools/shared/forward-logs-shared.js:27
[  163388ms] [LOG] [Fast Refresh] rebuilding @ webpack-internal:///(app-pages-browser)/./node_modules/next/dist/next-devtools/shared/forward-logs-shared.js:27
[  164143ms] [LOG] [Fast Refresh] done in 756ms @ webpack-internal:///(app-pages-browser)/./node_modules/next/dist/next-devtools/shared/forward-logs-shared.js:27
[  167363ms] [LOG] [Fast Refresh] rebuilding @ webpack-internal:///(app-pages-browser)/./node_modules/next/dist/next-devtools/shared/forward-logs-shared.js:27
[  168005ms] [LOG] [Fast Refresh] done in 641ms @ webpack-internal:///(app-pages-browser)/./node_modules/next/dist/next-devtools/shared/forward-logs-shared.js:27
[  169761ms] [LOG] [Fast Refresh] rebuilding @ webpack-internal:///(app-pages-browser)/./node_modules/next/dist/next-devtools/shared/forward-logs-shared.js:27
[  170099ms] [LOG] [Fast Refresh] done in 338ms @ webpack-internal:///(app-pages-browser)/./node_modules/next/dist/next-devtools/shared/forward-logs-shared.js:27
[  172134ms] [LOG] [Fast Refresh] rebuilding @ webpack-internal:///(app-pages-browser)/./node_modules/next/dist/next-devtools/shared/forward-logs-shared.js:27
[  172274ms] [LOG] [Fast Refresh] done in 140ms @ webpack-internal:///(app-pages-browser)/./node_modules/next/dist/next-devtools/shared/forward-logs-shared.js:27
[  173789ms] [LOG] [Fast Refresh] rebuilding @ webpack-internal:///(app-pages-browser)/./node_modules/next/dist/next-devtools/shared/forward-logs-shared.js:27
[  173896ms] [LOG] [Fast Refresh] done in 107ms @ webpack-internal:///(app-pages-browser)/./node_modules/next/dist/next-devtools/shared/forward-logs-shared.js:27
[  175612ms] [LOG] [Fast Refresh] rebuilding @ webpack-internal:///(app-pages-browser)/./node_modules/next/dist/next-devtools/shared/forward-logs-shared.js:27
[  176375ms] [LOG] [Fast Refresh] done in 764ms @ webpack-internal:///(app-pages-browser)/./node_modules/next/dist/next-devtools/shared/forward-logs-shared.js:27
[  177838ms] [LOG] [Fast Refresh] rebuilding @ webpack-internal:///(app-pages-browser)/./node_modules/next/dist/next-devtools/shared/forward-logs-shared.js:27
[  178811ms] [LOG] [Fast Refresh] done in 973ms @ webpack-internal:///(app-pages-browser)/./node_modules/next/dist/next-devtools/shared/forward-logs-shared.js:27
[  180458ms] [LOG] [Fast Refresh] rebuilding @ webpack-internal:///(app-pages-browser)/./node_modules/next/dist/next-devtools/shared/forward-logs-shared.js:27
[  181396ms] [LOG] [Fast Refresh] done in 939ms @ webpack-internal:///(app-pages-browser)/./node_modules/next/dist/next-devtools/shared/forward-logs-shared.js:27
[  183372ms] [LOG] [Fast Refresh] rebuilding @ webpack-internal:///(app-pages-browser)/./node_modules/next/dist/next-devtools/shared/forward-logs-shared.js:27
[  184194ms] [LOG] [Fast Refresh] done in 823ms @ webpack-internal:///(app-pages-browser)/./node_modules/next/dist/next-devtools/shared/forward-logs-shared.js:27
[  185618ms] [LOG] [Fast Refresh] rebuilding @ webpack-internal:///(app-pages-browser)/./node_modules/next/dist/next-devtools/shared/forward-logs-shared.js:27
[  186712ms] [LOG] [Fast Refresh] done in 1094ms @ webpack-internal:///(app-pages-browser)/./node_modules/next/dist/next-devtools/shared/forward-logs-shared.js:27
[  188025ms] [LOG] [Fast Refresh] rebuilding @ webpack-internal:///(app-pages-browser)/./node_modules/next/dist/next-devtools/shared/forward-logs-shared.js:27
[  188887ms] [LOG] [Fast Refresh] done in 861ms @ webpack-internal:///(app-pages-browser)/./node_modules/next/dist/next-devtools/shared/forward-logs-shared.js:27
[  190119ms] [LOG] [Fast Refresh] rebuilding @ webpack-internal:///(app-pages-browser)/./node_modules/next/dist/next-devtools/shared/forward-logs-shared.js:27
[  191213ms] [LOG] [Fast Refresh] done in 1094ms @ webpack-internal:///(app-pages-browser)/./node_modules/next/dist/next-devtools/shared/forward-logs-shared.js:27
[  192654ms] [LOG] [Fast Refresh] rebuilding @ webpack-internal:///(app-pages-browser)/./node_modules/next/dist/next-devtools/shared/forward-logs-shared.js:27
[  192798ms] [LOG] [Fast Refresh] done in 145ms @ webpack-internal:///(app-pages-browser)/./node_modules/next/dist/next-devtools/shared/forward-logs-shared.js:27
[  194866ms] [LOG] [Fast Refresh] rebuilding @ webpack-internal:///(app-pages-browser)/./node_modules/next/dist/next-devtools/shared/forward-logs-shared.js:27
[  195569ms] [LOG] [Fast Refresh] done in 703ms @ webpack-internal:///(app-pages-browser)/./node_modules/next/dist/next-devtools/shared/forward-logs-shared.js:27
[  198239ms] [LOG] [Fast Refresh] rebuilding @ webpack-internal:///(app-pages-browser)/./node_modules/next/dist/next-devtools/shared/forward-logs-shared.js:27
[  198507ms] [LOG] [Fast Refresh] done in 268ms @ webpack-internal:///(app-pages-browser)/./node_modules/next/dist/next-devtools/shared/forward-logs-shared.js:27
[  200802ms] [LOG] [Fast Refresh] rebuilding @ webpack-internal:///(app-pages-browser)/./node_modules/next/dist/next-devtools/shared/forward-logs-shared.js:27
[  202036ms] [LOG] [Fast Refresh] done in 1234ms @ webpack-internal:///(app-pages-browser)/./node_modules/next/dist/next-devtools/shared/forward-logs-shared.js:27
[  203514ms] [LOG] [Fast Refresh] rebuilding @ webpack-internal:///(app-pages-browser)/./node_modules/next/dist/next-devtools/shared/forward-logs-shared.js:27
[  203670ms] [LOG] [Fast Refresh] done in 156ms @ webpack-internal:///(app-pages-browser)/./node_modules/next/dist/next-devtools/shared/forward-logs-shared.js:27
[  205418ms] [LOG] [Fast Refresh] rebuilding @ webpack-internal:///(app-pages-browser)/./node_modules/next/dist/next-devtools/shared/forward-logs-shared.js:27
[  205545ms] [LOG] [Fast Refresh] done in 127ms @ webpack-internal:///(app-pages-browser)/./node_modules/next/dist/next-devtools/shared/forward-logs-shared.js:27
[  207619ms] [LOG] [Fast Refresh] rebuilding @ webpack-internal:///(app-pages-browser)/./node_modules/next/dist/next-devtools/shared/forward-logs-shared.js:27
[  207926ms] [LOG] [Fast Refresh] done in 306ms @ webpack-internal:///(app-pages-browser)/./node_modules/next/dist/next-devtools/shared/forward-logs-shared.js:27
[  210275ms] [LOG] [Fast Refresh] rebuilding @ webpack-internal:///(app-pages-browser)/./node_modules/next/dist/next-devtools/shared/forward-logs-shared.js:27
[  211625ms] [LOG] [Fast Refresh] done in 1349ms @ webpack-internal:///(app-pages-browser)/./node_modules/next/dist/next-devtools/shared/forward-logs-shared.js:27
[  213438ms] [LOG] [Fast Refresh] rebuilding @ webpack-internal:///(app-pages-browser)/./node_modules/next/dist/next-devtools/shared/forward-logs-shared.js:27
[  213602ms] [LOG] [Fast Refresh] done in 164ms @ webpack-internal:///(app-pages-browser)/./node_modules/next/dist/next-devtools/shared/forward-logs-shared.js:27
[  215208ms] [LOG] [Fast Refresh] rebuilding @ webpack-internal:///(app-pages-browser)/./node_modules/next/dist/next-devtools/shared/forward-logs-shared.js:27
[  215350ms] [LOG] [Fast Refresh] done in 142ms @ webpack-internal:///(app-pages-browser)/./node_modules/next/dist/next-devtools/shared/forward-logs-shared.js:27
[  217839ms] [LOG] [Fast Refresh] rebuilding @ webpack-internal:///(app-pages-browser)/./node_modules/next/dist/next-devtools/shared/forward-logs-shared.js:27
[  218075ms] [LOG] [Fast Refresh] done in 236ms @ webpack-internal:///(app-pages-browser)/./node_modules/next/dist/next-devtools/shared/forward-logs-shared.js:27
[  219764ms] [LOG] [Fast Refresh] rebuilding @ webpack-internal:///(app-pages-browser)/./node_modules/next/dist/next-devtools/shared/forward-logs-shared.js:27
[  220580ms] [LOG] [Fast Refresh] done in 815ms @ webpack-internal:///(app-pages-browser)/./node_modules/next/dist/next-devtools/shared/forward-logs-shared.js:27
[  221924ms] [LOG] [Fast Refresh] rebuilding @ webpack-internal:///(app-pages-browser)/./node_modules/next/dist/next-devtools/shared/forward-logs-shared.js:27
[  222229ms] [LOG] [Fast Refresh] done in 304ms @ webpack-internal:///(app-pages-browser)/./node_modules/next/dist/next-devtools/shared/forward-logs-shared.js:27
[  224418ms] [LOG] [Fast Refresh] rebuilding @ webpack-internal:///(app-pages-browser)/./node_modules/next/dist/next-devtools/shared/forward-logs-shared.js:27
[  224800ms] [LOG] [Fast Refresh] done in 383ms @ webpack-internal:///(app-pages-browser)/./node_modules/next/dist/next-devtools/shared/forward-logs-shared.js:27
[  226598ms] [LOG] [Fast Refresh] rebuilding @ webpack-internal:///(app-pages-browser)/./node_modules/next/dist/next-devtools/shared/forward-logs-shared.js:27
[  226685ms] [LOG] [Fast Refresh] done in 88ms @ webpack-internal:///(app-pages-browser)/./node_modules/next/dist/next-devtools/shared/forward-logs-shared.js:27
[  228807ms] [LOG] [Fast Refresh] rebuilding @ webpack-internal:///(app-pages-browser)/./node_modules/next/dist/next-devtools/shared/forward-logs-shared.js:27
[  228961ms] [LOG] [Fast Refresh] done in 155ms @ webpack-internal:///(app-pages-browser)/./node_modules/next/dist/next-devtools/shared/forward-logs-shared.js:27
[  231965ms] [WARNING] The resource http://localhost:3000/_next/static/media/be955174636e5369-s.p.woff2?v=1786440148929 was preloaded using link preload but not used within a few seconds from the window's load event. Please make sure it has an appropriate `as` value and it is preloaded intentionally. @ http://localhost:3000/preview/arcstone-growth?frame=1:0
[  231966ms] [WARNING] The resource http://localhost:3000/_next/static/media/ee40bb094c99a29a-s.p.woff2?v=1786440148929 was preloaded using link preload but not used within a few seconds from the window's load event. Please make sure it has an appropriate `as` value and it is preloaded intentionally. @ http://localhost:3000/preview/arcstone-growth?frame=1:0
[  231966ms] [WARNING] The resource http://localhost:3000/_next/static/media/569ce4b8f30dc480-s.p.woff2?v=1786440148929 was preloaded using link preload but not used within a few seconds from the window's load event. Please make sure it has an appropriate `as` value and it is preloaded intentionally. @ http://localhost:3000/preview/arcstone-growth?frame=1:0
[  231966ms] [WARNING] The resource http://localhost:3000/_next/static/media/7b89a4fd5e90ede0-s.p.woff2?v=1786440148929 was preloaded using link preload but not used within a few seconds from the window's load event. Please make sure it has an appropriate `as` value and it is preloaded intentionally. @ http://localhost:3000/preview/arcstone-growth?frame=1:0
[  231966ms] [WARNING] The resource http://localhost:3000/_next/static/media/e4af272ccee01ff0-s.p.woff2?v=1786440148929 was preloaded using link preload but not used within a few seconds from the window's load event. Please make sure it has an appropriate `as` value and it is preloaded intentionally. @ http://localhost:3000/preview/arcstone-growth?frame=1:0
[  231966ms] [WARNING] The resource http://localhost:3000/_next/static/css/app/preview/%5BtemplateId%5D/page.css?v=1786440377196 was preloaded using link preload but not used within a few seconds from the window's load event. Please make sure it has an appropriate `as` value and it is preloaded intentionally. @ http://localhost:3000/preview/arcstone-growth?frame=1:0
[  231966ms] [WARNING] The resource http://localhost:3000/_next/static/chunks/_app-pages-browser_src_templates_arcstone-growth_template_tsx.js was preloaded using link preload but not used within a few seconds from the window's load event. Please make sure it has an appropriate `as` value and it is preloaded intentionally. @ http://localhost:3000/preview/arcstone-growth?frame=1:0
[  231966ms] [WARNING] The resource http://localhost:3000/_next/static/media/eaead17c7dbfcd5d-s.p.woff2?v=1786440148929 was preloaded using link preload but not used within a few seconds from the window's load event. Please make sure it has an appropriate `as` value and it is preloaded intentionally. @ http://localhost:3000/preview/arcstone-growth?frame=1:0
[  231967ms] [WARNING] The resource http://localhost:3000/_next/static/media/9dd75fadc5b3df29-s.p.woff2?v=1786440148929 was preloaded using link preload but not used within a few seconds from the window's load event. Please make sure it has an appropriate `as` value and it is preloaded intentionally. @ http://localhost:3000/preview/arcstone-growth?frame=1:0
[  231967ms] [WARNING] The resource http://localhost:3000/_next/static/css/app/layout.css?v=1786440377196 was preloaded using link preload but not used within a few seconds from the window's load event. Please make sure it has an appropriate `as` value and it is preloaded intentionally. @ http://localhost:3000/preview/arcstone-growth?frame=1:0
[  234233ms] [LOG] [Fast Refresh] rebuilding @ webpack-internal:///(app-pages-browser)/./node_modules/next/dist/next-devtools/shared/forward-logs-shared.js:27
[  235316ms] [LOG] [Fast Refresh] done in 1082ms @ webpack-internal:///(app-pages-browser)/./node_modules/next/dist/next-devtools/shared/forward-logs-shared.js:27
[  236768ms] [LOG] [Fast Refresh] rebuilding @ webpack-internal:///(app-pages-browser)/./node_modules/next/dist/next-devtools/shared/forward-logs-shared.js:27
[  236871ms] [LOG] [Fast Refresh] done in 104ms @ webpack-internal:///(app-pages-browser)/./node_modules/next/dist/next-devtools/shared/forward-logs-shared.js:27
[  238809ms] [LOG] [Fast Refresh] rebuilding @ webpack-internal:///(app-pages-browser)/./node_modules/next/dist/next-devtools/shared/forward-logs-shared.js:27
[  238961ms] [LOG] [Fast Refresh] done in 153ms @ webpack-internal:///(app-pages-browser)/./node_modules/next/dist/next-devtools/shared/forward-logs-shared.js:27
[  240768ms] [LOG] [Fast Refresh] rebuilding @ webpack-internal:///(app-pages-browser)/./node_modules/next/dist/next-devtools/shared/forward-logs-shared.js:27
[  240950ms] [LOG] [Fast Refresh] done in 182ms @ webpack-internal:///(app-pages-browser)/./node_modules/next/dist/next-devtools/shared/forward-logs-shared.js:27
[  243684ms] [LOG] [Fast Refresh] rebuilding @ webpack-internal:///(app-pages-browser)/./node_modules/next/dist/next-devtools/shared/forward-logs-shared.js:27
[  244204ms] [LOG] [Fast Refresh] done in 521ms @ webpack-internal:///(app-pages-browser)/./node_modules/next/dist/next-devtools/shared/forward-logs-shared.js:27
[  245623ms] [LOG] [Fast Refresh] rebuilding @ webpack-internal:///(app-pages-browser)/./node_modules/next/dist/next-devtools/shared/forward-logs-shared.js:27
[  245756ms] [LOG] [Fast Refresh] done in 132ms @ webpack-internal:///(app-pages-browser)/./node_modules/next/dist/next-devtools/shared/forward-logs-shared.js:27
[  247407ms] [LOG] [Fast Refresh] rebuilding @ webpack-internal:///(app-pages-browser)/./node_modules/next/dist/next-devtools/shared/forward-logs-shared.js:27
[  247519ms] [LOG] [Fast Refresh] done in 112ms @ webpack-internal:///(app-pages-browser)/./node_modules/next/dist/next-devtools/shared/forward-logs-shared.js:27
[  249177ms] [LOG] [Fast Refresh] rebuilding @ webpack-internal:///(app-pages-browser)/./node_modules/next/dist/next-devtools/shared/forward-logs-shared.js:27
[  249403ms] [LOG] [Fast Refresh] done in 227ms @ webpack-internal:///(app-pages-browser)/./node_modules/next/dist/next-devtools/shared/forward-logs-shared.js:27
[  251129ms] [LOG] [Fast Refresh] rebuilding @ webpack-internal:///(app-pages-browser)/./node_modules/next/dist/next-devtools/shared/forward-logs-shared.js:27
[  252426ms] [LOG] [Fast Refresh] done in 1296ms @ webpack-internal:///(app-pages-browser)/./node_modules/next/dist/next-devtools/shared/forward-logs-shared.js:27
[  254240ms] [LOG] [Fast Refresh] rebuilding @ webpack-internal:///(app-pages-browser)/./node_modules/next/dist/next-devtools/shared/forward-logs-shared.js:27
[  255721ms] [LOG] [Fast Refresh] done in 1481ms @ webpack-internal:///(app-pages-browser)/./node_modules/next/dist/next-devtools/shared/forward-logs-shared.js:27
[  256993ms] [LOG] [Fast Refresh] rebuilding @ webpack-internal:///(app-pages-browser)/./node_modules/next/dist/next-devtools/shared/forward-logs-shared.js:27
[  257827ms] [LOG] [Fast Refresh] done in 833ms @ webpack-internal:///(app-pages-browser)/./node_modules/next/dist/next-devtools/shared/forward-logs-shared.js:27
[  259524ms] [LOG] [Fast Refresh] rebuilding @ webpack-internal:///(app-pages-browser)/./node_modules/next/dist/next-devtools/shared/forward-logs-shared.js:27
[  260237ms] [LOG] [Fast Refresh] done in 714ms @ webpack-internal:///(app-pages-browser)/./node_modules/next/dist/next-devtools/shared/forward-logs-shared.js:27
[  261689ms] [LOG] [Fast Refresh] rebuilding @ webpack-internal:///(app-pages-browser)/./node_modules/next/dist/next-devtools/shared/forward-logs-shared.js:27
[  262100ms] [LOG] [Fast Refresh] done in 410ms @ webpack-internal:///(app-pages-browser)/./node_modules/next/dist/next-devtools/shared/forward-logs-shared.js:27
[  263968ms] [LOG] [Fast Refresh] rebuilding @ webpack-internal:///(app-pages-browser)/./node_modules/next/dist/next-devtools/shared/forward-logs-shared.js:27
[  266619ms] [LOG] [Fast Refresh] done in 2650ms @ webpack-internal:///(app-pages-browser)/./node_modules/next/dist/next-devtools/shared/forward-logs-shared.js:27
[  267488ms] [LOG] [Fast Refresh] rebuilding @ webpack-internal:///(app-pages-browser)/./node_modules/next/dist/next-devtools/shared/forward-logs-shared.js:27
[  267899ms] [LOG] [Fast Refresh] done in 410ms @ webpack-internal:///(app-pages-browser)/./node_modules/next/dist/next-devtools/shared/forward-logs-shared.js:27
[  269822ms] [LOG] [Fast Refresh] rebuilding @ webpack-internal:///(app-pages-browser)/./node_modules/next/dist/next-devtools/shared/forward-logs-shared.js:27
[  269988ms] [LOG] [Fast Refresh] done in 166ms @ webpack-internal:///(app-pages-browser)/./node_modules/next/dist/next-devtools/shared/forward-logs-shared.js:27
[  271882ms] [LOG] [Fast Refresh] rebuilding @ webpack-internal:///(app-pages-browser)/./node_modules/next/dist/next-devtools/shared/forward-logs-shared.js:27
[  272073ms] [LOG] [Fast Refresh] done in 191ms @ webpack-internal:///(app-pages-browser)/./node_modules/next/dist/next-devtools/shared/forward-logs-shared.js:27
[  273727ms] [LOG] [Fast Refresh] rebuilding @ webpack-internal:///(app-pages-browser)/./node_modules/next/dist/next-devtools/shared/forward-logs-shared.js:27
[  273992ms] [LOG] [Fast Refresh] done in 265ms @ webpack-internal:///(app-pages-browser)/./node_modules/next/dist/next-devtools/shared/forward-logs-shared.js:27
[  276232ms] [LOG] [Fast Refresh] rebuilding @ webpack-internal:///(app-pages-browser)/./node_modules/next/dist/next-devtools/shared/forward-logs-shared.js:27
[  277611ms] [LOG] [Fast Refresh] done in 1379ms @ webpack-internal:///(app-pages-browser)/./node_modules/next/dist/next-devtools/shared/forward-logs-shared.js:27
[  279331ms] [LOG] [Fast Refresh] rebuilding @ webpack-internal:///(app-pages-browser)/./node_modules/next/dist/next-devtools/shared/forward-logs-shared.js:27
[  279508ms] [LOG] [Fast Refresh] done in 176ms @ webpack-internal:///(app-pages-browser)/./node_modules/next/dist/next-devtools/shared/forward-logs-shared.js:27
[  281541ms] [LOG] [Fast Refresh] rebuilding @ webpack-internal:///(app-pages-browser)/./node_modules/next/dist/next-devtools/shared/forward-logs-shared.js:27
[  281737ms] [LOG] [Fast Refresh] done in 196ms @ webpack-internal:///(app-pages-browser)/./node_modules/next/dist/next-devtools/shared/forward-logs-shared.js:27
[  283577ms] [LOG] [Fast Refresh] rebuilding @ webpack-internal:///(app-pages-browser)/./node_modules/next/dist/next-devtools/shared/forward-logs-shared.js:27
[  283710ms] [LOG] [Fast Refresh] done in 132ms @ webpack-internal:///(app-pages-browser)/./node_modules/next/dist/next-devtools/shared/forward-logs-shared.js:27
[  285781ms] [LOG] [Fast Refresh] rebuilding @ webpack-internal:///(app-pages-browser)/./node_modules/next/dist/next-devtools/shared/forward-logs-shared.js:27
[  286566ms] [LOG] [Fast Refresh] done in 785ms @ webpack-internal:///(app-pages-browser)/./node_modules/next/dist/next-devtools/shared/forward-logs-shared.js:27
[  287831ms] [LOG] [Fast Refresh] rebuilding @ webpack-internal:///(app-pages-browser)/./node_modules/next/dist/next-devtools/shared/forward-logs-shared.js:27
[  288000ms] [LOG] [Fast Refresh] done in 168ms @ webpack-internal:///(app-pages-browser)/./node_modules/next/dist/next-devtools/shared/forward-logs-shared.js:27
[  289671ms] [LOG] [Fast Refresh] rebuilding @ webpack-internal:///(app-pages-browser)/./node_modules/next/dist/next-devtools/shared/forward-logs-shared.js:27
[  289916ms] [LOG] [Fast Refresh] done in 245ms @ webpack-internal:///(app-pages-browser)/./node_modules/next/dist/next-devtools/shared/forward-logs-shared.js:27
[  291867ms] [LOG] [Fast Refresh] rebuilding @ webpack-internal:///(app-pages-browser)/./node_modules/next/dist/next-devtools/shared/forward-logs-shared.js:27
[  292174ms] [LOG] [Fast Refresh] done in 307ms @ webpack-internal:///(app-pages-browser)/./node_modules/next/dist/next-devtools/shared/forward-logs-shared.js:27
[  293937ms] [LOG] [Fast Refresh] rebuilding @ webpack-internal:///(app-pages-browser)/./node_modules/next/dist/next-devtools/shared/forward-logs-shared.js:27
[  294114ms] [LOG] [Fast Refresh] done in 178ms @ webpack-internal:///(app-pages-browser)/./node_modules/next/dist/next-devtools/shared/forward-logs-shared.js:27
[  297118ms] [WARNING] The resource http://localhost:3000/_next/static/media/be955174636e5369-s.p.woff2?v=1786440148929 was preloaded using link preload but not used within a few seconds from the window's load event. Please make sure it has an appropriate `as` value and it is preloaded intentionally. @ http://localhost:3000/preview/arcstone-growth?frame=1:0
[  297118ms] [WARNING] The resource http://localhost:3000/_next/static/css/app/layout.css?v=1786440416125 was preloaded using link preload but not used within a few seconds from the window's load event. Please make sure it has an appropriate `as` value and it is preloaded intentionally. @ http://localhost:3000/preview/arcstone-growth?frame=1:0
[  297118ms] [WARNING] The resource http://localhost:3000/_next/static/css/app/preview/%5BtemplateId%5D/page.css?v=1786440416125 was preloaded using link preload but not used within a few seconds from the window's load event. Please make sure it has an appropriate `as` value and it is preloaded intentionally. @ http://localhost:3000/preview/arcstone-growth?frame=1:0
[  297119ms] [WARNING] The resource http://localhost:3000/_next/static/media/ee40bb094c99a29a-s.p.woff2?v=1786440148929 was preloaded using link preload but not used within a few seconds from the window's load event. Please make sure it has an appropriate `as` value and it is preloaded intentionally. @ http://localhost:3000/preview/arcstone-growth?frame=1:0
[  297119ms] [WARNING] The resource http://localhost:3000/_next/static/media/569ce4b8f30dc480-s.p.woff2?v=1786440148929 was preloaded using link preload but not used within a few seconds from the window's load event. Please make sure it has an appropriate `as` value and it is preloaded intentionally. @ http://localhost:3000/preview/arcstone-growth?frame=1:0
[  297119ms] [WARNING] The resource http://localhost:3000/_next/static/media/7b89a4fd5e90ede0-s.p.woff2?v=1786440148929 was preloaded using link preload but not used within a few seconds from the window's load event. Please make sure it has an appropriate `as` value and it is preloaded intentionally. @ http://localhost:3000/preview/arcstone-growth?frame=1:0
[  297119ms] [WARNING] The resource http://localhost:3000/_next/static/media/e4af272ccee01ff0-s.p.woff2?v=1786440148929 was preloaded using link preload but not used within a few seconds from the window's load event. Please make sure it has an appropriate `as` value and it is preloaded intentionally. @ http://localhost:3000/preview/arcstone-growth?frame=1:0
[  297119ms] [WARNING] The resource http://localhost:3000/_next/static/chunks/_app-pages-browser_src_templates_arcstone-growth_template_tsx.js was preloaded using link preload but not used within a few seconds from the window's load event. Please make sure it has an appropriate `as` value and it is preloaded intentionally. @ http://localhost:3000/preview/arcstone-growth?frame=1:0
[  297119ms] [WARNING] The resource http://localhost:3000/_next/static/media/eaead17c7dbfcd5d-s.p.woff2?v=1786440148929 was preloaded using link preload but not used within a few seconds from the window's load event. Please make sure it has an appropriate `as` value and it is preloaded intentionally. @ http://localhost:3000/preview/arcstone-growth?frame=1:0
[  297119ms] [WARNING] The resource http://localhost:3000/_next/static/media/9dd75fadc5b3df29-s.p.woff2?v=1786440148929 was preloaded using link preload but not used within a few seconds from the window's load event. Please make sure it has an appropriate `as` value and it is preloaded intentionally. @ http://localhost:3000/preview/arcstone-growth?frame=1:0
[  297876ms] [LOG] [Fast Refresh] rebuilding @ webpack-internal:///(app-pages-browser)/./node_modules/next/dist/next-devtools/shared/forward-logs-shared.js:27
[  298710ms] [LOG] [Fast Refresh] done in 834ms @ webpack-internal:///(app-pages-browser)/./node_modules/next/dist/next-devtools/shared/forward-logs-shared.js:27
[  300404ms] [LOG] [Fast Refresh] rebuilding @ webpack-internal:///(app-pages-browser)/./node_modules/next/dist/next-devtools/shared/forward-logs-shared.js:27
[  301118ms] [LOG] [Fast Refresh] done in 714ms @ webpack-internal:///(app-pages-browser)/./node_modules/next/dist/next-devtools/shared/forward-logs-shared.js:27
[  303017ms] [LOG] [Fast Refresh] rebuilding @ webpack-internal:///(app-pages-browser)/./node_modules/next/dist/next-devtools/shared/forward-logs-shared.js:27
[  303789ms] [LOG] [Fast Refresh] done in 772ms @ webpack-internal:///(app-pages-browser)/./node_modules/next/dist/next-devtools/shared/forward-logs-shared.js:27
[  305541ms] [LOG] [Fast Refresh] rebuilding @ webpack-internal:///(app-pages-browser)/./node_modules/next/dist/next-devtools/shared/forward-logs-shared.js:27
[  305729ms] [LOG] [Fast Refresh] done in 188ms @ webpack-internal:///(app-pages-browser)/./node_modules/next/dist/next-devtools/shared/forward-logs-shared.js:27
[  307833ms] [LOG] [Fast Refresh] rebuilding @ webpack-internal:///(app-pages-browser)/./node_modules/next/dist/next-devtools/shared/forward-logs-shared.js:27
[  309060ms] [LOG] [Fast Refresh] done in 1228ms @ webpack-internal:///(app-pages-browser)/./node_modules/next/dist/next-devtools/shared/forward-logs-shared.js:27
[  310419ms] [LOG] [Fast Refresh] rebuilding @ webpack-internal:///(app-pages-browser)/./node_modules/next/dist/next-devtools/shared/forward-logs-shared.js:27
[  311235ms] [LOG] [Fast Refresh] done in 816ms @ webpack-internal:///(app-pages-browser)/./node_modules/next/dist/next-devtools/shared/forward-logs-shared.js:27
[  312407ms] [LOG] [Fast Refresh] rebuilding @ webpack-internal:///(app-pages-browser)/./node_modules/next/dist/next-devtools/shared/forward-logs-shared.js:27
[  313436ms] [LOG] [Fast Refresh] done in 1030ms @ webpack-internal:///(app-pages-browser)/./node_modules/next/dist/next-devtools/shared/forward-logs-shared.js:27
[  315110ms] [LOG] [Fast Refresh] rebuilding @ webpack-internal:///(app-pages-browser)/./node_modules/next/dist/next-devtools/shared/forward-logs-shared.js:27
[  316341ms] [LOG] [Fast Refresh] done in 1232ms @ webpack-internal:///(app-pages-browser)/./node_modules/next/dist/next-devtools/shared/forward-logs-shared.js:27
[  317648ms] [LOG] [Fast Refresh] rebuilding @ webpack-internal:///(app-pages-browser)/./node_modules/next/dist/next-devtools/shared/forward-logs-shared.js:27
[  318772ms] [LOG] [Fast Refresh] done in 1124ms @ webpack-internal:///(app-pages-browser)/./node_modules/next/dist/next-devtools/shared/forward-logs-shared.js:27
[  320838ms] [LOG] [Fast Refresh] rebuilding @ webpack-internal:///(app-pages-browser)/./node_modules/next/dist/next-devtools/shared/forward-logs-shared.js:27
[  321604ms] [LOG] [Fast Refresh] done in 765ms @ webpack-internal:///(app-pages-browser)/./node_modules/next/dist/next-devtools/shared/forward-logs-shared.js:27
[  323323ms] [LOG] [Fast Refresh] rebuilding @ webpack-internal:///(app-pages-browser)/./node_modules/next/dist/next-devtools/shared/forward-logs-shared.js:27
[  323467ms] [LOG] [Fast Refresh] done in 144ms @ webpack-internal:///(app-pages-browser)/./node_modules/next/dist/next-devtools/shared/forward-logs-shared.js:27
[  325841ms] [LOG] [Fast Refresh] rebuilding @ webpack-internal:///(app-pages-browser)/./node_modules/next/dist/next-devtools/shared/forward-logs-shared.js:27
[  326132ms] [LOG] [Fast Refresh] done in 290ms @ webpack-internal:///(app-pages-browser)/./node_modules/next/dist/next-devtools/shared/forward-logs-shared.js:27
[  327803ms] [LOG] [Fast Refresh] rebuilding @ webpack-internal:///(app-pages-browser)/./node_modules/next/dist/next-devtools/shared/forward-logs-shared.js:27
[  328460ms] [LOG] [Fast Refresh] done in 657ms @ webpack-internal:///(app-pages-browser)/./node_modules/next/dist/next-devtools/shared/forward-logs-shared.js:27
[  329610ms] [LOG] [Fast Refresh] rebuilding @ webpack-internal:///(app-pages-browser)/./node_modules/next/dist/next-devtools/shared/forward-logs-shared.js:27
[  331498ms] [LOG] [Fast Refresh] done in 1888ms @ webpack-internal:///(app-pages-browser)/./node_modules/next/dist/next-devtools/shared/forward-logs-shared.js:27
[  334503ms] [WARNING] The resource http://localhost:3000/_next/static/media/be955174636e5369-s.p.woff2?v=1786440148929 was preloaded using link preload but not used within a few seconds from the window's load event. Please make sure it has an appropriate `as` value and it is preloaded intentionally. @ http://localhost:3000/preview/arcstone-growth?frame=1:0
[  334503ms] [WARNING] The resource http://localhost:3000/_next/static/css/app/layout.css?v=1786440416125 was preloaded using link preload but not used within a few seconds from the window's load event. Please make sure it has an appropriate `as` value and it is preloaded intentionally. @ http://localhost:3000/preview/arcstone-growth?frame=1:0
[  334503ms] [WARNING] The resource http://localhost:3000/_next/static/css/app/preview/%5BtemplateId%5D/page.css?v=1786440416125 was preloaded using link preload but not used within a few seconds from the window's load event. Please make sure it has an appropriate `as` value and it is preloaded intentionally. @ http://localhost:3000/preview/arcstone-growth?frame=1:0
[  334504ms] [WARNING] The resource http://localhost:3000/_next/static/media/ee40bb094c99a29a-s.p.woff2?v=1786440148929 was preloaded using link preload but not used within a few seconds from the window's load event. Please make sure it has an appropriate `as` value and it is preloaded intentionally. @ http://localhost:3000/preview/arcstone-growth?frame=1:0
[  334504ms] [WARNING] The resource http://localhost:3000/_next/static/media/569ce4b8f30dc480-s.p.woff2?v=1786440148929 was preloaded using link preload but not used within a few seconds from the window's load event. Please make sure it has an appropriate `as` value and it is preloaded intentionally. @ http://localhost:3000/preview/arcstone-growth?frame=1:0
[  334504ms] [WARNING] The resource http://localhost:3000/_next/static/media/7b89a4fd5e90ede0-s.p.woff2?v=1786440148929 was preloaded using link preload but not used within a few seconds from the window's load event. Please make sure it has an appropriate `as` value and it is preloaded intentionally. @ http://localhost:3000/preview/arcstone-growth?frame=1:0
[  334504ms] [WARNING] The resource http://localhost:3000/_next/static/media/e4af272ccee01ff0-s.p.woff2?v=1786440148929 was preloaded using link preload but not used within a few seconds from the window's load event. Please make sure it has an appropriate `as` value and it is preloaded intentionally. @ http://localhost:3000/preview/arcstone-growth?frame=1:0
[  334504ms] [WARNING] The resource http://localhost:3000/_next/static/chunks/_app-pages-browser_src_templates_arcstone-growth_template_tsx.js was preloaded using link preload but not used within a few seconds from the window's load event. Please make sure it has an appropriate `as` value and it is preloaded intentionally. @ http://localhost:3000/preview/arcstone-growth?frame=1:0
[  334504ms] [WARNING] The resource http://localhost:3000/_next/static/media/eaead17c7dbfcd5d-s.p.woff2?v=1786440148929 was preloaded using link preload but not used within a few seconds from the window's load event. Please make sure it has an appropriate `as` value and it is preloaded intentionally. @ http://localhost:3000/preview/arcstone-growth?frame=1:0
[  334504ms] [WARNING] The resource http://localhost:3000/_next/static/media/9dd75fadc5b3df29-s.p.woff2?v=1786440148929 was preloaded using link preload but not used within a few seconds from the window's load event. Please make sure it has an appropriate `as` value and it is preloaded intentionally. @ http://localhost:3000/preview/arcstone-growth?frame=1:0
[  335494ms] [LOG] [Fast Refresh] rebuilding @ webpack-internal:///(app-pages-browser)/./node_modules/next/dist/next-devtools/shared/forward-logs-shared.js:27
[  336615ms] [LOG] [Fast Refresh] done in 1122ms @ webpack-internal:///(app-pages-browser)/./node_modules/next/dist/next-devtools/shared/forward-logs-shared.js:27
[  338260ms] [LOG] [Fast Refresh] rebuilding @ webpack-internal:///(app-pages-browser)/./node_modules/next/dist/next-devtools/shared/forward-logs-shared.js:27
[  339466ms] [LOG] [Fast Refresh] done in 1206ms @ webpack-internal:///(app-pages-browser)/./node_modules/next/dist/next-devtools/shared/forward-logs-shared.js:27
[  340788ms] [LOG] [Fast Refresh] rebuilding @ webpack-internal:///(app-pages-browser)/./node_modules/next/dist/next-devtools/shared/forward-logs-shared.js:27
[  342757ms] [LOG] [Fast Refresh] done in 1968ms @ webpack-internal:///(app-pages-browser)/./node_modules/next/dist/next-devtools/shared/forward-logs-shared.js:27
[  343687ms] [LOG] [Fast Refresh] rebuilding @ webpack-internal:///(app-pages-browser)/./node_modules/next/dist/next-devtools/shared/forward-logs-shared.js:27
[  343902ms] [LOG] [Fast Refresh] done in 214ms @ webpack-internal:///(app-pages-browser)/./node_modules/next/dist/next-devtools/shared/forward-logs-shared.js:27
[  346468ms] [LOG] [Fast Refresh] rebuilding @ webpack-internal:///(app-pages-browser)/./node_modules/next/dist/next-devtools/shared/forward-logs-shared.js:27
[  348819ms] [LOG] [Fast Refresh] done in 2351ms @ webpack-internal:///(app-pages-browser)/./node_modules/next/dist/next-devtools/shared/forward-logs-shared.js:27
[  349156ms] [ERROR] Failed to load resource: net::ERR_NETWORK_IO_SUSPENDED @ http://localhost:3000/_next/static/css/app/preview/%5BtemplateId%5D/page.css?v=1786440494903:0
[  349158ms] [ERROR] Failed to load resource: net::ERR_NETWORK_IO_SUSPENDED @ http://localhost:3000/_next/static/css/app/layout.css?v=1786440494903:0
[  349165ms] [ERROR] Failed to load resource: net::ERR_NETWORK_IO_SUSPENDED @ http://localhost:3000/preview/arcstone-growth?frame=1&_rsc=QnNfftCPUrk_ZrQ6:0
[  349670ms] network error
[  349332ms] [ERROR] WebSocket is already in CLOSING or CLOSED state. @ webpack-internal:///(app-pages-browser)/./node_modules/next/dist/next-devtools/userspace/app/forward-logs.js:226
[  350715ms] [LOG] [HMR] connected @ webpack-internal:///(app-pages-browser)/./node_modules/next/dist/next-devtools/shared/forward-logs-shared.js:27
[  354517ms] [INFO] %cDownload the React DevTools for a better development experience: https://react.dev/link/react-devtools font-weight:bold @ webpack-internal:///(app-pages-browser)/./node_modules/next/dist/next-devtools/shared/forward-logs-shared.js:27
[  355083ms] [LOG] [HMR] connected @ webpack-internal:///(app-pages-browser)/./node_modules/next/dist/next-devtools/shared/forward-logs-shared.js:27
[  481163ms] [LOG] [Fast Refresh] rebuilding @ webpack-internal:///(app-pages-browser)/./node_modules/next/dist/next-devtools/shared/forward-logs-shared.js:27
[  482907ms] [LOG] [Fast Refresh] done in 1745ms @ webpack-internal:///(app-pages-browser)/./node_modules/next/dist/next-devtools/shared/forward-logs-shared.js:27
[  482979ms] [LOG] [Fast Refresh] rebuilding @ webpack-internal:///(app-pages-browser)/./node_modules/next/dist/next-devtools/shared/forward-logs-shared.js:27
[  483098ms] [LOG] [Fast Refresh] done in 120ms @ webpack-internal:///(app-pages-browser)/./node_modules/next/dist/next-devtools/shared/forward-logs-shared.js:27
[  485517ms] [LOG] [Fast Refresh] rebuilding @ webpack-internal:///(app-pages-browser)/./node_modules/next/dist/next-devtools/shared/forward-logs-shared.js:27
[  485625ms] [LOG] [Fast Refresh] done in 108ms @ webpack-internal:///(app-pages-browser)/./node_modules/next/dist/next-devtools/shared/forward-logs-shared.js:27
[  487782ms] [LOG] [Fast Refresh] rebuilding @ webpack-internal:///(app-pages-browser)/./node_modules/next/dist/next-devtools/shared/forward-logs-shared.js:27
[  487917ms] [LOG] [Fast Refresh] done in 135ms @ webpack-internal:///(app-pages-browser)/./node_modules/next/dist/next-devtools/shared/forward-logs-shared.js:27
[  489380ms] [LOG] [Fast Refresh] rebuilding @ webpack-internal:///(app-pages-browser)/./node_modules/next/dist/next-devtools/shared/forward-logs-shared.js:27
[  489880ms] [LOG] [Fast Refresh] done in 501ms @ webpack-internal:///(app-pages-browser)/./node_modules/next/dist/next-devtools/shared/forward-logs-shared.js:27
[  490723ms] [LOG] [Fast Refresh] rebuilding @ webpack-internal:///(app-pages-browser)/./node_modules/next/dist/next-devtools/shared/forward-logs-shared.js:27
[  490806ms] [LOG] [Fast Refresh] done in 83ms @ webpack-internal:///(app-pages-browser)/./node_modules/next/dist/next-devtools/shared/forward-logs-shared.js:27
[  491973ms] [LOG] [Fast Refresh] rebuilding @ webpack-internal:///(app-pages-browser)/./node_modules/next/dist/next-devtools/shared/forward-logs-shared.js:27
[  492081ms] [LOG] [Fast Refresh] done in 108ms @ webpack-internal:///(app-pages-browser)/./node_modules/next/dist/next-devtools/shared/forward-logs-shared.js:27
[  493217ms] [LOG] [Fast Refresh] rebuilding @ webpack-internal:///(app-pages-browser)/./node_modules/next/dist/next-devtools/shared/forward-logs-shared.js:27
[  493307ms] [LOG] [Fast Refresh] done in 90ms @ webpack-internal:///(app-pages-browser)/./node_modules/next/dist/next-devtools/shared/forward-logs-shared.js:27
[  494453ms] [LOG] [Fast Refresh] rebuilding @ webpack-internal:///(app-pages-browser)/./node_modules/next/dist/next-devtools/shared/forward-logs-shared.js:27
[  494546ms] [LOG] [Fast Refresh] done in 93ms @ webpack-internal:///(app-pages-browser)/./node_modules/next/dist/next-devtools/shared/forward-logs-shared.js:27
[  495756ms] [LOG] [Fast Refresh] rebuilding @ webpack-internal:///(app-pages-browser)/./node_modules/next/dist/next-devtools/shared/forward-logs-shared.js:27
[  495884ms] [LOG] [Fast Refresh] done in 128ms @ webpack-internal:///(app-pages-browser)/./node_modules/next/dist/next-devtools/shared/forward-logs-shared.js:27
[  497379ms] [LOG] [Fast Refresh] rebuilding @ webpack-internal:///(app-pages-browser)/./node_modules/next/dist/next-devtools/shared/forward-logs-shared.js:27
[  497487ms] [LOG] [Fast Refresh] done in 108ms @ webpack-internal:///(app-pages-browser)/./node_modules/next/dist/next-devtools/shared/forward-logs-shared.js:27
[  498565ms] [LOG] [Fast Refresh] rebuilding @ webpack-internal:///(app-pages-browser)/./node_modules/next/dist/next-devtools/shared/forward-logs-shared.js:27
[  498658ms] [LOG] [Fast Refresh] done in 94ms @ webpack-internal:///(app-pages-browser)/./node_modules/next/dist/next-devtools/shared/forward-logs-shared.js:27
[  499694ms] [LOG] [Fast Refresh] rebuilding @ webpack-internal:///(app-pages-browser)/./node_modules/next/dist/next-devtools/shared/forward-logs-shared.js:27
[  499783ms] [LOG] [Fast Refresh] done in 89ms @ webpack-internal:///(app-pages-browser)/./node_modules/next/dist/next-devtools/shared/forward-logs-shared.js:27
[  500725ms] [LOG] [Fast Refresh] rebuilding @ webpack-internal:///(app-pages-browser)/./node_modules/next/dist/next-devtools/shared/forward-logs-shared.js:27
[  501057ms] [LOG] [Fast Refresh] done in 331ms @ webpack-internal:///(app-pages-browser)/./node_modules/next/dist/next-devtools/shared/forward-logs-shared.js:27
[  501810ms] [LOG] [Fast Refresh] rebuilding @ webpack-internal:///(app-pages-browser)/./node_modules/next/dist/next-devtools/shared/forward-logs-shared.js:27
[  501896ms] [LOG] [Fast Refresh] done in 85ms @ webpack-internal:///(app-pages-browser)/./node_modules/next/dist/next-devtools/shared/forward-logs-shared.js:27
[  503082ms] [LOG] [Fast Refresh] rebuilding @ webpack-internal:///(app-pages-browser)/./node_modules/next/dist/next-devtools/shared/forward-logs-shared.js:27
[  504664ms] [LOG] [Fast Refresh] done in 1581ms @ webpack-internal:///(app-pages-browser)/./node_modules/next/dist/next-devtools/shared/forward-logs-shared.js:27
[  505149ms] [LOG] [Fast Refresh] rebuilding @ webpack-internal:///(app-pages-browser)/./node_modules/next/dist/next-devtools/shared/forward-logs-shared.js:27
[  505190ms] [LOG] [Fast Refresh] done in 40ms @ webpack-internal:///(app-pages-browser)/./node_modules/next/dist/next-devtools/shared/forward-logs-shared.js:27
[  506177ms] [LOG] [Fast Refresh] rebuilding @ webpack-internal:///(app-pages-browser)/./node_modules/next/dist/next-devtools/shared/forward-logs-shared.js:27
[  506256ms] [LOG] [Fast Refresh] done in 78ms @ webpack-internal:///(app-pages-browser)/./node_modules/next/dist/next-devtools/shared/forward-logs-shared.js:27
[  507084ms] [LOG] [Fast Refresh] rebuilding @ webpack-internal:///(app-pages-browser)/./node_modules/next/dist/next-devtools/shared/forward-logs-shared.js:27
[  507143ms] [LOG] [Fast Refresh] done in 58ms @ webpack-internal:///(app-pages-browser)/./node_modules/next/dist/next-devtools/shared/forward-logs-shared.js:27
[  507986ms] [LOG] [Fast Refresh] rebuilding @ webpack-internal:///(app-pages-browser)/./node_modules/next/dist/next-devtools/shared/forward-logs-shared.js:27
[  508072ms] [LOG] [Fast Refresh] done in 87ms @ webpack-internal:///(app-pages-browser)/./node_modules/next/dist/next-devtools/shared/forward-logs-shared.js:27
[  509127ms] [LOG] [Fast Refresh] rebuilding @ webpack-internal:///(app-pages-browser)/./node_modules/next/dist/next-devtools/shared/forward-logs-shared.js:27
[  509224ms] [LOG] [Fast Refresh] done in 97ms @ webpack-internal:///(app-pages-browser)/./node_modules/next/dist/next-devtools/shared/forward-logs-shared.js:27
[  510099ms] [LOG] [Fast Refresh] rebuilding @ webpack-internal:///(app-pages-browser)/./node_modules/next/dist/next-devtools/shared/forward-logs-shared.js:27
[  510153ms] [LOG] [Fast Refresh] done in 53ms @ webpack-internal:///(app-pages-browser)/./node_modules/next/dist/next-devtools/shared/forward-logs-shared.js:27
[  510954ms] [LOG] [Fast Refresh] rebuilding @ webpack-internal:///(app-pages-browser)/./node_modules/next/dist/next-devtools/shared/forward-logs-shared.js:27
[  511022ms] [LOG] [Fast Refresh] done in 67ms @ webpack-internal:///(app-pages-browser)/./node_modules/next/dist/next-devtools/shared/forward-logs-shared.js:27
[  512198ms] [LOG] [Fast Refresh] rebuilding @ webpack-internal:///(app-pages-browser)/./node_modules/next/dist/next-devtools/shared/forward-logs-shared.js:27
[  512258ms] [LOG] [Fast Refresh] done in 60ms @ webpack-internal:///(app-pages-browser)/./node_modules/next/dist/next-devtools/shared/forward-logs-shared.js:27
[  513219ms] [LOG] [Fast Refresh] rebuilding @ webpack-internal:///(app-pages-browser)/./node_modules/next/dist/next-devtools/shared/forward-logs-shared.js:27
[  513294ms] [LOG] [Fast Refresh] done in 74ms @ webpack-internal:///(app-pages-browser)/./node_modules/next/dist/next-devtools/shared/forward-logs-shared.js:27
[  514361ms] [LOG] [Fast Refresh] rebuilding @ webpack-internal:///(app-pages-browser)/./node_modules/next/dist/next-devtools/shared/forward-logs-shared.js:27
[  514426ms] [LOG] [Fast Refresh] done in 65ms @ webpack-internal:///(app-pages-browser)/./node_modules/next/dist/next-devtools/shared/forward-logs-shared.js:27
[  515677ms] [LOG] [Fast Refresh] rebuilding @ webpack-internal:///(app-pages-browser)/./node_modules/next/dist/next-devtools/shared/forward-logs-shared.js:27
[  515781ms] [LOG] [Fast Refresh] done in 104ms @ webpack-internal:///(app-pages-browser)/./node_modules/next/dist/next-devtools/shared/forward-logs-shared.js:27
[  516813ms] [LOG] [Fast Refresh] rebuilding @ webpack-internal:///(app-pages-browser)/./node_modules/next/dist/next-devtools/shared/forward-logs-shared.js:27
[  516917ms] [LOG] [Fast Refresh] done in 104ms @ webpack-internal:///(app-pages-browser)/./node_modules/next/dist/next-devtools/shared/forward-logs-shared.js:27
[  517970ms] [LOG] [Fast Refresh] rebuilding @ webpack-internal:///(app-pages-browser)/./node_modules/next/dist/next-devtools/shared/forward-logs-shared.js:27
[  518053ms] [LOG] [Fast Refresh] done in 84ms @ webpack-internal:///(app-pages-browser)/./node_modules/next/dist/next-devtools/shared/forward-logs-shared.js:27
[  519931ms] [LOG] [Fast Refresh] rebuilding @ webpack-internal:///(app-pages-browser)/./node_modules/next/dist/next-devtools/shared/forward-logs-shared.js:27
[  519994ms] [LOG] [Fast Refresh] done in 64ms @ webpack-internal:///(app-pages-browser)/./node_modules/next/dist/next-devtools/shared/forward-logs-shared.js:27
[  520939ms] [LOG] [Fast Refresh] rebuilding @ webpack-internal:///(app-pages-browser)/./node_modules/next/dist/next-devtools/shared/forward-logs-shared.js:27
[  521002ms] [LOG] [Fast Refresh] done in 64ms @ webpack-internal:///(app-pages-browser)/./node_modules/next/dist/next-devtools/shared/forward-logs-shared.js:27
[  521799ms] [LOG] [Fast Refresh] rebuilding @ webpack-internal:///(app-pages-browser)/./node_modules/next/dist/next-devtools/shared/forward-logs-shared.js:27
[  522228ms] [LOG] [Fast Refresh] done in 429ms @ webpack-internal:///(app-pages-browser)/./node_modules/next/dist/next-devtools/shared/forward-logs-shared.js:27
[  522907ms] [LOG] [Fast Refresh] rebuilding @ webpack-internal:///(app-pages-browser)/./node_modules/next/dist/next-devtools/shared/forward-logs-shared.js:27
[  523002ms] [LOG] [Fast Refresh] done in 95ms @ webpack-internal:///(app-pages-browser)/./node_modules/next/dist/next-devtools/shared/forward-logs-shared.js:27
[  524289ms] [LOG] [Fast Refresh] rebuilding @ webpack-internal:///(app-pages-browser)/./node_modules/next/dist/next-devtools/shared/forward-logs-shared.js:27
[  524407ms] [LOG] [Fast Refresh] done in 118ms @ webpack-internal:///(app-pages-browser)/./node_modules/next/dist/next-devtools/shared/forward-logs-shared.js:27
[  675033ms] [WARNING] The resource http://localhost:3000/_next/static/media/9dd75fadc5b3df29-s.p.woff2?v=1786440500181 was preloaded using link preload but not used within a few seconds from the window's load event. Please make sure it has an appropriate `as` value and it is preloaded intentionally. @ http://localhost:3000/preview/arcstone-growth?frame=1:0
[  675034ms] [WARNING] The resource http://localhost:3000/_next/static/media/569ce4b8f30dc480-s.p.woff2?v=1786440500181 was preloaded using link preload but not used within a few seconds from the window's load event. Please make sure it has an appropriate `as` value and it is preloaded intentionally. @ http://localhost:3000/preview/arcstone-growth?frame=1:0
[  675034ms] [WARNING] The resource http://localhost:3000/_next/static/css/app/preview/%5BtemplateId%5D/page.css?v=1786440629662 was preloaded using link preload but not used within a few seconds from the window's load event. Please make sure it has an appropriate `as` value and it is preloaded intentionally. @ http://localhost:3000/preview/arcstone-growth?frame=1:0
[  675034ms] [WARNING] The resource http://localhost:3000/_next/static/css/app/preview/%5BtemplateId%5D/page.css?v=1786440651449 was preloaded using link preload but not used within a few seconds from the window's load event. Please make sure it has an appropriate `as` value and it is preloaded intentionally. @ http://localhost:3000/preview/arcstone-growth?frame=1:0
[  675035ms] [WARNING] The resource http://localhost:3000/_next/static/media/eaead17c7dbfcd5d-s.p.woff2?v=1786440500181 was preloaded using link preload but not used within a few seconds from the window's load event. Please make sure it has an appropriate `as` value and it is preloaded intentionally. @ http://localhost:3000/preview/arcstone-growth?frame=1:0
[  675035ms] [WARNING] The resource http://localhost:3000/_next/static/chunks/_app-pages-browser_src_templates_arcstone-growth_template_tsx.js was preloaded using link preload but not used within a few seconds from the window's load event. Please make sure it has an appropriate `as` value and it is preloaded intentionally. @ http://localhost:3000/preview/arcstone-growth?frame=1:0
[  675035ms] [WARNING] The resource http://localhost:3000/_next/static/css/app/layout.css?v=1786440666344 was preloaded using link preload but not used within a few seconds from the window's load event. Please make sure it has an appropriate `as` value and it is preloaded intentionally. @ http://localhost:3000/preview/arcstone-growth?frame=1:0
[  675035ms] [WARNING] The resource http://localhost:3000/_next/static/css/app/preview/%5BtemplateId%5D/page.css?v=1786440672657 was preloaded using link preload but not used within a few seconds from the window's load event. Please make sure it has an appropriate `as` value and it is preloaded intentionally. @ http://localhost:3000/preview/arcstone-growth?frame=1:0
[  675035ms] [WARNING] The resource http://localhost:3000/_next/static/media/be955174636e5369-s.p.woff2?v=1786440500181 was preloaded using link preload but not used within a few seconds from the window's load event. Please make sure it has an appropriate `as` value and it is preloaded intentionally. @ http://localhost:3000/preview/arcstone-growth?frame=1:0
[  675035ms] [WARNING] The resource http://localhost:3000/_next/static/css/app/preview/%5BtemplateId%5D/page.css?v=1786440666344 was preloaded using link preload but not used within a few seconds from the window's load event. Please make sure it has an appropriate `as` value and it is preloaded intentionally. @ http://localhost:3000/preview/arcstone-growth?frame=1:0
[  675035ms] [WARNING] The resource http://localhost:3000/_next/static/css/app/layout.css?v=1786440672657 was preloaded using link preload but not used within a few seconds from the window's load event. Please make sure it has an appropriate `as` value and it is preloaded intentionally. @ http://localhost:3000/preview/arcstone-growth?frame=1:0
[  675035ms] [WARNING] The resource http://localhost:3000/_next/static/media/e4af272ccee01ff0-s.p.woff2?v=1786440500181 was preloaded using link preload but not used within a few seconds from the window's load event. Please make sure it has an appropriate `as` value and it is preloaded intentionally. @ http://localhost:3000/preview/arcstone-growth?frame=1:0
[  675035ms] [WARNING] The resource http://localhost:3000/_next/static/css/app/layout.css?v=1786440629662 was preloaded using link preload but not used within a few seconds from the window's load event. Please make sure it has an appropriate `as` value and it is preloaded intentionally. @ http://localhost:3000/preview/arcstone-growth?frame=1:0
[  675035ms] [WARNING] The resource http://localhost:3000/_next/static/media/ee40bb094c99a29a-s.p.woff2?v=1786440500181 was preloaded using link preload but not used within a few seconds from the window's load event. Please make sure it has an appropriate `as` value and it is preloaded intentionally. @ http://localhost:3000/preview/arcstone-growth?frame=1:0
[  675035ms] [WARNING] The resource http://localhost:3000/_next/static/media/7b89a4fd5e90ede0-s.p.woff2?v=1786440500181 was preloaded using link preload but not used within a few seconds from the window's load event. Please make sure it has an appropriate `as` value and it is preloaded intentionally. @ http://localhost:3000/preview/arcstone-growth?frame=1:0
[  675035ms] [WARNING] The resource http://localhost:3000/_next/static/css/app/layout.css?v=1786440651449 was preloaded using link preload but not used within a few seconds from the window's load event. Please make sure it has an appropriate `as` value and it is preloaded intentionally. @ http://localhost:3000/preview/arcstone-growth?frame=1:0
[  685165ms] [LOG] [Fast Refresh] rebuilding @ webpack-internal:///(app-pages-browser)/./node_modules/next/dist/next-devtools/shared/forward-logs-shared.js:27
[  685926ms] [LOG] [Fast Refresh] done in 762ms @ webpack-internal:///(app-pages-browser)/./node_modules/next/dist/next-devtools/shared/forward-logs-shared.js:27
[  688930ms] [WARNING] The resource http://localhost:3000/_next/static/media/9dd75fadc5b3df29-s.p.woff2?v=1786440500181 was preloaded using link preload but not used within a few seconds from the window's load event. Please make sure it has an appropriate `as` value and it is preloaded intentionally. @ http://localhost:3000/preview/arcstone-growth?frame=1:0
[  688931ms] [WARNING] The resource http://localhost:3000/_next/static/media/569ce4b8f30dc480-s.p.woff2?v=1786440500181 was preloaded using link preload but not used within a few seconds from the window's load event. Please make sure it has an appropriate `as` value and it is preloaded intentionally. @ http://localhost:3000/preview/arcstone-growth?frame=1:0
[  688931ms] [WARNING] The resource http://localhost:3000/_next/static/css/app/preview/%5BtemplateId%5D/page.css?v=1786440629662 was preloaded using link preload but not used within a few seconds from the window's load event. Please make sure it has an appropriate `as` value and it is preloaded intentionally. @ http://localhost:3000/preview/arcstone-growth?frame=1:0
[  688931ms] [WARNING] The resource http://localhost:3000/_next/static/css/app/preview/%5BtemplateId%5D/page.css?v=1786440651449 was preloaded using link preload but not used within a few seconds from the window's load event. Please make sure it has an appropriate `as` value and it is preloaded intentionally. @ http://localhost:3000/preview/arcstone-growth?frame=1:0
[  688931ms] [WARNING] The resource http://localhost:3000/_next/static/media/eaead17c7dbfcd5d-s.p.woff2?v=1786440500181 was preloaded using link preload but not used within a few seconds from the window's load event. Please make sure it has an appropriate `as` value and it is preloaded intentionally. @ http://localhost:3000/preview/arcstone-growth?frame=1:0
[  688931ms] [WARNING] The resource http://localhost:3000/_next/static/chunks/_app-pages-browser_src_templates_arcstone-growth_template_tsx.js was preloaded using link preload but not used within a few seconds from the window's load event. Please make sure it has an appropriate `as` value and it is preloaded intentionally. @ http://localhost:3000/preview/arcstone-growth?frame=1:0
[  688931ms] [WARNING] The resource http://localhost:3000/_next/static/css/app/layout.css?v=1786440666344 was preloaded using link preload but not used within a few seconds from the window's load event. Please make sure it has an appropriate `as` value and it is preloaded intentionally. @ http://localhost:3000/preview/arcstone-growth?frame=1:0
[  688931ms] [WARNING] The resource http://localhost:3000/_next/static/media/be955174636e5369-s.p.woff2?v=1786440500181 was preloaded using link preload but not used within a few seconds from the window's load event. Please make sure it has an appropriate `as` value and it is preloaded intentionally. @ http://localhost:3000/preview/arcstone-growth?frame=1:0
[  688931ms] [WARNING] The resource http://localhost:3000/_next/static/css/app/preview/%5BtemplateId%5D/page.css?v=1786440666344 was preloaded using link preload but not used within a few seconds from the window's load event. Please make sure it has an appropriate `as` value and it is preloaded intentionally. @ http://localhost:3000/preview/arcstone-growth?frame=1:0
[  688932ms] [WARNING] The resource http://localhost:3000/_next/static/media/e4af272ccee01ff0-s.p.woff2?v=1786440500181 was preloaded using link preload but not used within a few seconds from the window's load event. Please make sure it has an appropriate `as` value and it is preloaded intentionally. @ http://localhost:3000/preview/arcstone-growth?frame=1:0
[  688932ms] [WARNING] The resource http://localhost:3000/_next/static/css/app/layout.css?v=1786440629662 was preloaded using link preload but not used within a few seconds from the window's load event. Please make sure it has an appropriate `as` value and it is preloaded intentionally. @ http://localhost:3000/preview/arcstone-growth?frame=1:0
[  688932ms] [WARNING] The resource http://localhost:3000/_next/static/media/ee40bb094c99a29a-s.p.woff2?v=1786440500181 was preloaded using link preload but not used within a few seconds from the window's load event. Please make sure it has an appropriate `as` value and it is preloaded intentionally. @ http://localhost:3000/preview/arcstone-growth?frame=1:0
[  688932ms] [WARNING] The resource http://localhost:3000/_next/static/media/7b89a4fd5e90ede0-s.p.woff2?v=1786440500181 was preloaded using link preload but not used within a few seconds from the window's load event. Please make sure it has an appropriate `as` value and it is preloaded intentionally. @ http://localhost:3000/preview/arcstone-growth?frame=1:0
[  688932ms] [WARNING] The resource http://localhost:3000/_next/static/css/app/layout.css?v=1786440651449 was preloaded using link preload but not used within a few seconds from the window's load event. Please make sure it has an appropriate `as` value and it is preloaded intentionally. @ http://localhost:3000/preview/arcstone-growth?frame=1:0
[  690330ms] [LOG] [Fast Refresh] rebuilding @ webpack-internal:///(app-pages-browser)/./node_modules/next/dist/next-devtools/shared/forward-logs-shared.js:27
[  693822ms] [WARNING] The resource http://localhost:3000/_next/static/media/9dd75fadc5b3df29-s.p.woff2?v=1786440500181 was preloaded using link preload but not used within a few seconds from the window's load event. Please make sure it has an appropriate `as` value and it is preloaded intentionally. @ http://localhost:3000/preview/arcstone-growth?frame=1:0
[  693823ms] [WARNING] The resource http://localhost:3000/_next/static/media/569ce4b8f30dc480-s.p.woff2?v=1786440500181 was preloaded using link preload but not used within a few seconds from the window's load event. Please make sure it has an appropriate `as` value and it is preloaded intentionally. @ http://localhost:3000/preview/arcstone-growth?frame=1:0
[  693823ms] [WARNING] The resource http://localhost:3000/_next/static/css/app/preview/%5BtemplateId%5D/page.css?v=1786440629662 was preloaded using link preload but not used within a few seconds from the window's load event. Please make sure it has an appropriate `as` value and it is preloaded intentionally. @ http://localhost:3000/preview/arcstone-growth?frame=1:0
[  693824ms] [WARNING] The resource http://localhost:3000/_next/static/css/app/preview/%5BtemplateId%5D/page.css?v=1786440651449 was preloaded using link preload but not used within a few seconds from the window's load event. Please make sure it has an appropriate `as` value and it is preloaded intentionally. @ http://localhost:3000/preview/arcstone-growth?frame=1:0
[  693824ms] [WARNING] The resource http://localhost:3000/_next/static/media/eaead17c7dbfcd5d-s.p.woff2?v=1786440500181 was preloaded using link preload but not used within a few seconds from the window's load event. Please make sure it has an appropriate `as` value and it is preloaded intentionally. @ http://localhost:3000/preview/arcstone-growth?frame=1:0
[  693824ms] [WARNING] The resource http://localhost:3000/_next/static/chunks/_app-pages-browser_src_templates_arcstone-growth_template_tsx.js was preloaded using link preload but not used within a few seconds from the window's load event. Please make sure it has an appropriate `as` value and it is preloaded intentionally. @ http://localhost:3000/preview/arcstone-growth?frame=1:0
[  693824ms] [WARNING] The resource http://localhost:3000/_next/static/css/app/layout.css?v=1786440666344 was preloaded using link preload but not used within a few seconds from the window's load event. Please make sure it has an appropriate `as` value and it is preloaded intentionally. @ http://localhost:3000/preview/arcstone-growth?frame=1:0
[  693824ms] [WARNING] The resource http://localhost:3000/_next/static/media/be955174636e5369-s.p.woff2?v=1786440500181 was preloaded using link preload but not used within a few seconds from the window's load event. Please make sure it has an appropriate `as` value and it is preloaded intentionally. @ http://localhost:3000/preview/arcstone-growth?frame=1:0
[  693824ms] [WARNING] The resource http://localhost:3000/_next/static/css/app/preview/%5BtemplateId%5D/page.css?v=1786440666344 was preloaded using link preload but not used within a few seconds from the window's load event. Please make sure it has an appropriate `as` value and it is preloaded intentionally. @ http://localhost:3000/preview/arcstone-growth?frame=1:0
[  693824ms] [WARNING] The resource http://localhost:3000/_next/static/media/e4af272ccee01ff0-s.p.woff2?v=1786440500181 was preloaded using link preload but not used within a few seconds from the window's load event. Please make sure it has an appropriate `as` value and it is preloaded intentionally. @ http://localhost:3000/preview/arcstone-growth?frame=1:0
[  693824ms] [WARNING] The resource http://localhost:3000/_next/static/css/app/layout.css?v=1786440629662 was preloaded using link preload but not used within a few seconds from the window's load event. Please make sure it has an appropriate `as` value and it is preloaded intentionally. @ http://localhost:3000/preview/arcstone-growth?frame=1:0
[  693824ms] [WARNING] The resource http://localhost:3000/_next/static/media/ee40bb094c99a29a-s.p.woff2?v=1786440500181 was preloaded using link preload but not used within a few seconds from the window's load event. Please make sure it has an appropriate `as` value and it is preloaded intentionally. @ http://localhost:3000/preview/arcstone-growth?frame=1:0
[  693824ms] [WARNING] The resource http://localhost:3000/_next/static/media/7b89a4fd5e90ede0-s.p.woff2?v=1786440500181 was preloaded using link preload but not used within a few seconds from the window's load event. Please make sure it has an appropriate `as` value and it is preloaded intentionally. @ http://localhost:3000/preview/arcstone-growth?frame=1:0
[  693824ms] [WARNING] The resource http://localhost:3000/_next/static/css/app/layout.css?v=1786440651449 was preloaded using link preload but not used within a few seconds from the window's load event. Please make sure it has an appropriate `as` value and it is preloaded intentionally. @ http://localhost:3000/preview/arcstone-growth?frame=1:0
[  694142ms] [LOG] [Fast Refresh] done in 3812ms @ webpack-internal:///(app-pages-browser)/./node_modules/next/dist/next-devtools/shared/forward-logs-shared.js:27
[  697151ms] [WARNING] The resource http://localhost:3000/_next/static/media/9dd75fadc5b3df29-s.p.woff2?v=1786440500181 was preloaded using link preload but not used within a few seconds from the window's load event. Please make sure it has an appropriate `as` value and it is preloaded intentionally. @ http://localhost:3000/preview/arcstone-growth?frame=1:0
[  697151ms] [WARNING] The resource http://localhost:3000/_next/static/media/569ce4b8f30dc480-s.p.woff2?v=1786440500181 was preloaded using link preload but not used within a few seconds from the window's load event. Please make sure it has an appropriate `as` value and it is preloaded intentionally. @ http://localhost:3000/preview/arcstone-growth?frame=1:0
[  697151ms] [WARNING] The resource http://localhost:3000/_next/static/css/app/preview/%5BtemplateId%5D/page.css?v=1786440629662 was preloaded using link preload but not used within a few seconds from the window's load event. Please make sure it has an appropriate `as` value and it is preloaded intentionally. @ http://localhost:3000/preview/arcstone-growth?frame=1:0
[  697151ms] [WARNING] The resource http://localhost:3000/_next/static/css/app/preview/%5BtemplateId%5D/page.css?v=1786440651449 was preloaded using link preload but not used within a few seconds from the window's load event. Please make sure it has an appropriate `as` value and it is preloaded intentionally. @ http://localhost:3000/preview/arcstone-growth?frame=1:0
[  697152ms] [WARNING] The resource http://localhost:3000/_next/static/css/app/layout.css?v=1786440839873 was preloaded using link preload but not used within a few seconds from the window's load event. Please make sure it has an appropriate `as` value and it is preloaded intentionally. @ http://localhost:3000/preview/arcstone-growth?frame=1:0
[  697152ms] [WARNING] The resource http://localhost:3000/_next/static/media/eaead17c7dbfcd5d-s.p.woff2?v=1786440500181 was preloaded using link preload but not used within a few seconds from the window's load event. Please make sure it has an appropriate `as` value and it is preloaded intentionally. @ http://localhost:3000/preview/arcstone-growth?frame=1:0
[  697152ms] [WARNING] The resource http://localhost:3000/_next/static/chunks/_app-pages-browser_src_templates_arcstone-growth_template_tsx.js was preloaded using link preload but not used within a few seconds from the window's load event. Please make sure it has an appropriate `as` value and it is preloaded intentionally. @ http://localhost:3000/preview/arcstone-growth?frame=1:0
[  697152ms] [WARNING] The resource http://localhost:3000/_next/static/css/app/layout.css?v=1786440666344 was preloaded using link preload but not used within a few seconds from the window's load event. Please make sure it has an appropriate `as` value and it is preloaded intentionally. @ http://localhost:3000/preview/arcstone-growth?frame=1:0
[  697152ms] [WARNING] The resource http://localhost:3000/_next/static/media/be955174636e5369-s.p.woff2?v=1786440500181 was preloaded using link preload but not used within a few seconds from the window's load event. Please make sure it has an appropriate `as` value and it is preloaded intentionally. @ http://localhost:3000/preview/arcstone-growth?frame=1:0
[  697152ms] [WARNING] The resource http://localhost:3000/_next/static/css/app/preview/%5BtemplateId%5D/page.css?v=1786440839873 was preloaded using link preload but not used within a few seconds from the window's load event. Please make sure it has an appropriate `as` value and it is preloaded intentionally. @ http://localhost:3000/preview/arcstone-growth?frame=1:0
[  697152ms] [WARNING] The resource http://localhost:3000/_next/static/css/app/preview/%5BtemplateId%5D/page.css?v=1786440666344 was preloaded using link preload but not used within a few seconds from the window's load event. Please make sure it has an appropriate `as` value and it is preloaded intentionally. @ http://localhost:3000/preview/arcstone-growth?frame=1:0
[  697152ms] [WARNING] The resource http://localhost:3000/_next/static/media/e4af272ccee01ff0-s.p.woff2?v=1786440500181 was preloaded using link preload but not used within a few seconds from the window's load event. Please make sure it has an appropriate `as` value and it is preloaded intentionally. @ http://localhost:3000/preview/arcstone-growth?frame=1:0
[  697152ms] [WARNING] The resource http://localhost:3000/_next/static/css/app/layout.css?v=1786440629662 was preloaded using link preload but not used within a few seconds from the window's load event. Please make sure it has an appropriate `as` value and it is preloaded intentionally. @ http://localhost:3000/preview/arcstone-growth?frame=1:0
[  697152ms] [WARNING] The resource http://localhost:3000/_next/static/media/ee40bb094c99a29a-s.p.woff2?v=1786440500181 was preloaded using link preload but not used within a few seconds from the window's load event. Please make sure it has an appropriate `as` value and it is preloaded intentionally. @ http://localhost:3000/preview/arcstone-growth?frame=1:0
[  697152ms] [WARNING] The resource http://localhost:3000/_next/static/media/7b89a4fd5e90ede0-s.p.woff2?v=1786440500181 was preloaded using link preload but not used within a few seconds from the window's load event. Please make sure it has an appropriate `as` value and it is preloaded intentionally. @ http://localhost:3000/preview/arcstone-growth?frame=1:0
[  697152ms] [WARNING] The resource http://localhost:3000/_next/static/css/app/layout.css?v=1786440651449 was preloaded using link preload but not used within a few seconds from the window's load event. Please make sure it has an appropriate `as` value and it is preloaded intentionally. @ http://localhost:3000/preview/arcstone-growth?frame=1:0
[  700149ms] [LOG] [Fast Refresh] rebuilding @ webpack-internal:///(app-pages-browser)/./node_modules/next/dist/next-devtools/shared/forward-logs-shared.js:27
[  700889ms] [LOG] [Fast Refresh] done in 739ms @ webpack-internal:///(app-pages-browser)/./node_modules/next/dist/next-devtools/shared/forward-logs-shared.js:27
[  706409ms] [LOG] [Fast Refresh] rebuilding @ webpack-internal:///(app-pages-browser)/./node_modules/next/dist/next-devtools/shared/forward-logs-shared.js:27
[  706728ms] [LOG] [Fast Refresh] done in 320ms @ webpack-internal:///(app-pages-browser)/./node_modules/next/dist/next-devtools/shared/forward-logs-shared.js:27
[  709512ms] [LOG] [Fast Refresh] rebuilding @ webpack-internal:///(app-pages-browser)/./node_modules/next/dist/next-devtools/shared/forward-logs-shared.js:27
[  710234ms] [LOG] [Fast Refresh] done in 722ms @ webpack-internal:///(app-pages-browser)/./node_modules/next/dist/next-devtools/shared/forward-logs-shared.js:27
[  712758ms] [LOG] [Fast Refresh] rebuilding @ webpack-internal:///(app-pages-browser)/./node_modules/next/dist/next-devtools/shared/forward-logs-shared.js:27
[  714041ms] [LOG] [Fast Refresh] done in 1282ms @ webpack-internal:///(app-pages-browser)/./node_modules/next/dist/next-devtools/shared/forward-logs-shared.js:27
[  715799ms] [LOG] [Fast Refresh] rebuilding @ webpack-internal:///(app-pages-browser)/./node_modules/next/dist/next-devtools/shared/forward-logs-shared.js:27
[  716286ms] [LOG] [Fast Refresh] done in 488ms @ webpack-internal:///(app-pages-browser)/./node_modules/next/dist/next-devtools/shared/forward-logs-shared.js:27
[  718363ms] [LOG] [Fast Refresh] rebuilding @ webpack-internal:///(app-pages-browser)/./node_modules/next/dist/next-devtools/shared/forward-logs-shared.js:27
[  718528ms] [LOG] [Fast Refresh] done in 165ms @ webpack-internal:///(app-pages-browser)/./node_modules/next/dist/next-devtools/shared/forward-logs-shared.js:27
[  723320ms] [LOG] [Fast Refresh] rebuilding @ webpack-internal:///(app-pages-browser)/./node_modules/next/dist/next-devtools/shared/forward-logs-shared.js:27
[  724861ms] [LOG] [Fast Refresh] done in 1541ms @ webpack-internal:///(app-pages-browser)/./node_modules/next/dist/next-devtools/shared/forward-logs-shared.js:27
[  727037ms] [LOG] [Fast Refresh] rebuilding @ webpack-internal:///(app-pages-browser)/./node_modules/next/dist/next-devtools/shared/forward-logs-shared.js:27
[  727192ms] [LOG] [Fast Refresh] done in 154ms @ webpack-internal:///(app-pages-browser)/./node_modules/next/dist/next-devtools/shared/forward-logs-shared.js:27
[  729085ms] [LOG] [Fast Refresh] rebuilding @ webpack-internal:///(app-pages-browser)/./node_modules/next/dist/next-devtools/shared/forward-logs-shared.js:27
[  729482ms] [LOG] [Fast Refresh] done in 398ms @ webpack-internal:///(app-pages-browser)/./node_modules/next/dist/next-devtools/shared/forward-logs-shared.js:27
[  730910ms] [LOG] [Fast Refresh] rebuilding @ webpack-internal:///(app-pages-browser)/./node_modules/next/dist/next-devtools/shared/forward-logs-shared.js:27
[  731071ms] [LOG] [Fast Refresh] done in 162ms @ webpack-internal:///(app-pages-browser)/./node_modules/next/dist/next-devtools/shared/forward-logs-shared.js:27
[  732512ms] [LOG] [Fast Refresh] rebuilding @ webpack-internal:///(app-pages-browser)/./node_modules/next/dist/next-devtools/shared/forward-logs-shared.js:27
[  732644ms] [LOG] [Fast Refresh] done in 133ms @ webpack-internal:///(app-pages-browser)/./node_modules/next/dist/next-devtools/shared/forward-logs-shared.js:27
[  737517ms] [LOG] [Fast Refresh] rebuilding @ webpack-internal:///(app-pages-browser)/./node_modules/next/dist/next-devtools/shared/forward-logs-shared.js:27
[  738314ms] [WARNING] The resource http://localhost:3000/_next/static/media/9dd75fadc5b3df29-s.p.woff2?v=1786440500181 was preloaded using link preload but not used within a few seconds from the window's load event. Please make sure it has an appropriate `as` value and it is preloaded intentionally. @ http://localhost:3000/preview/arcstone-growth?frame=1:0
[  738314ms] [WARNING] The resource http://localhost:3000/_next/static/media/569ce4b8f30dc480-s.p.woff2?v=1786440500181 was preloaded using link preload but not used within a few seconds from the window's load event. Please make sure it has an appropriate `as` value and it is preloaded intentionally. @ http://localhost:3000/preview/arcstone-growth?frame=1:0
[  738314ms] [WARNING] The resource http://localhost:3000/_next/static/css/app/preview/%5BtemplateId%5D/page.css?v=1786440629662 was preloaded using link preload but not used within a few seconds from the window's load event. Please make sure it has an appropriate `as` value and it is preloaded intentionally. @ http://localhost:3000/preview/arcstone-growth?frame=1:0
[  738314ms] [WARNING] The resource http://localhost:3000/_next/static/css/app/preview/%5BtemplateId%5D/page.css?v=1786440651449 was preloaded using link preload but not used within a few seconds from the window's load event. Please make sure it has an appropriate `as` value and it is preloaded intentionally. @ http://localhost:3000/preview/arcstone-growth?frame=1:0
[  738314ms] [WARNING] The resource http://localhost:3000/_next/static/media/eaead17c7dbfcd5d-s.p.woff2?v=1786440500181 was preloaded using link preload but not used within a few seconds from the window's load event. Please make sure it has an appropriate `as` value and it is preloaded intentionally. @ http://localhost:3000/preview/arcstone-growth?frame=1:0
[  738314ms] [WARNING] The resource http://localhost:3000/_next/static/chunks/_app-pages-browser_src_templates_arcstone-growth_template_tsx.js was preloaded using link preload but not used within a few seconds from the window's load event. Please make sure it has an appropriate `as` value and it is preloaded intentionally. @ http://localhost:3000/preview/arcstone-growth?frame=1:0
[  738314ms] [WARNING] The resource http://localhost:3000/_next/static/css/app/layout.css?v=1786440666344 was preloaded using link preload but not used within a few seconds from the window's load event. Please make sure it has an appropriate `as` value and it is preloaded intentionally. @ http://localhost:3000/preview/arcstone-growth?frame=1:0
[  738315ms] [WARNING] The resource http://localhost:3000/_next/static/media/be955174636e5369-s.p.woff2?v=1786440500181 was preloaded using link preload but not used within a few seconds from the window's load event. Please make sure it has an appropriate `as` value and it is preloaded intentionally. @ http://localhost:3000/preview/arcstone-growth?frame=1:0
[  738315ms] [WARNING] The resource http://localhost:3000/_next/static/css/app/preview/%5BtemplateId%5D/page.css?v=1786440666344 was preloaded using link preload but not used within a few seconds from the window's load event. Please make sure it has an appropriate `as` value and it is preloaded intentionally. @ http://localhost:3000/preview/arcstone-growth?frame=1:0
[  738315ms] [WARNING] The resource http://localhost:3000/_next/static/media/e4af272ccee01ff0-s.p.woff2?v=1786440500181 was preloaded using link preload but not used within a few seconds from the window's load event. Please make sure it has an appropriate `as` value and it is preloaded intentionally. @ http://localhost:3000/preview/arcstone-growth?frame=1:0
[  738315ms] [WARNING] The resource http://localhost:3000/_next/static/css/app/layout.css?v=1786440629662 was preloaded using link preload but not used within a few seconds from the window's load event. Please make sure it has an appropriate `as` value and it is preloaded intentionally. @ http://localhost:3000/preview/arcstone-growth?frame=1:0
[  738315ms] [WARNING] The resource http://localhost:3000/_next/static/media/ee40bb094c99a29a-s.p.woff2?v=1786440500181 was preloaded using link preload but not used within a few seconds from the window's load event. Please make sure it has an appropriate `as` value and it is preloaded intentionally. @ http://localhost:3000/preview/arcstone-growth?frame=1:0
[  738315ms] [WARNING] The resource http://localhost:3000/_next/static/media/7b89a4fd5e90ede0-s.p.woff2?v=1786440500181 was preloaded using link preload but not used within a few seconds from the window's load event. Please make sure it has an appropriate `as` value and it is preloaded intentionally. @ http://localhost:3000/preview/arcstone-growth?frame=1:0
[  738315ms] [WARNING] The resource http://localhost:3000/_next/static/css/app/layout.css?v=1786440651449 was preloaded using link preload but not used within a few seconds from the window's load event. Please make sure it has an appropriate `as` value and it is preloaded intentionally. @ http://localhost:3000/preview/arcstone-growth?frame=1:0
[  740690ms] [LOG] [Fast Refresh] done in 3174ms @ webpack-internal:///(app-pages-browser)/./node_modules/next/dist/next-devtools/shared/forward-logs-shared.js:27
[  743693ms] [WARNING] The resource http://localhost:3000/_next/static/media/9dd75fadc5b3df29-s.p.woff2?v=1786440500181 was preloaded using link preload but not used within a few seconds from the window's load event. Please make sure it has an appropriate `as` value and it is preloaded intentionally. @ http://localhost:3000/preview/arcstone-growth?frame=1:0
[  743693ms] [WARNING] The resource http://localhost:3000/_next/static/media/569ce4b8f30dc480-s.p.woff2?v=1786440500181 was preloaded using link preload but not used within a few seconds from the window's load event. Please make sure it has an appropriate `as` value and it is preloaded intentionally. @ http://localhost:3000/preview/arcstone-growth?frame=1:0
[  743693ms] [WARNING] The resource http://localhost:3000/_next/static/css/app/preview/%5BtemplateId%5D/page.css?v=1786440629662 was preloaded using link preload but not used within a few seconds from the window's load event. Please make sure it has an appropriate `as` value and it is preloaded intentionally. @ http://localhost:3000/preview/arcstone-growth?frame=1:0
[  743694ms] [WARNING] The resource http://localhost:3000/_next/static/css/app/preview/%5BtemplateId%5D/page.css?v=1786440651449 was preloaded using link preload but not used within a few seconds from the window's load event. Please make sure it has an appropriate `as` value and it is preloaded intentionally. @ http://localhost:3000/preview/arcstone-growth?frame=1:0
[  743694ms] [WARNING] The resource http://localhost:3000/_next/static/css/app/preview/%5BtemplateId%5D/page.css?v=1786440888960 was preloaded using link preload but not used within a few seconds from the window's load event. Please make sure it has an appropriate `as` value and it is preloaded intentionally. @ http://localhost:3000/preview/arcstone-growth?frame=1:0
[  743694ms] [WARNING] The resource http://localhost:3000/_next/static/css/app/layout.css?v=1786440888960 was preloaded using link preload but not used within a few seconds from the window's load event. Please make sure it has an appropriate `as` value and it is preloaded intentionally. @ http://localhost:3000/preview/arcstone-growth?frame=1:0
[  743694ms] [WARNING] The resource http://localhost:3000/_next/static/media/eaead17c7dbfcd5d-s.p.woff2?v=1786440500181 was preloaded using link preload but not used within a few seconds from the window's load event. Please make sure it has an appropriate `as` value and it is preloaded intentionally. @ http://localhost:3000/preview/arcstone-growth?frame=1:0
[  743694ms] [WARNING] The resource http://localhost:3000/_next/static/chunks/_app-pages-browser_src_templates_arcstone-growth_template_tsx.js was preloaded using link preload but not used within a few seconds from the window's load event. Please make sure it has an appropriate `as` value and it is preloaded intentionally. @ http://localhost:3000/preview/arcstone-growth?frame=1:0
[  743694ms] [WARNING] The resource http://localhost:3000/_next/static/css/app/layout.css?v=1786440666344 was preloaded using link preload but not used within a few seconds from the window's load event. Please make sure it has an appropriate `as` value and it is preloaded intentionally. @ http://localhost:3000/preview/arcstone-growth?frame=1:0
[  743694ms] [WARNING] The resource http://localhost:3000/_next/static/media/be955174636e5369-s.p.woff2?v=1786440500181 was preloaded using link preload but not used within a few seconds from the window's load event. Please make sure it has an appropriate `as` value and it is preloaded intentionally. @ http://localhost:3000/preview/arcstone-growth?frame=1:0
[  743694ms] [WARNING] The resource http://localhost:3000/_next/static/css/app/preview/%5BtemplateId%5D/page.css?v=1786440666344 was preloaded using link preload but not used within a few seconds from the window's load event. Please make sure it has an appropriate `as` value and it is preloaded intentionally. @ http://localhost:3000/preview/arcstone-growth?frame=1:0
[  743694ms] [WARNING] The resource http://localhost:3000/_next/static/media/e4af272ccee01ff0-s.p.woff2?v=1786440500181 was preloaded using link preload but not used within a few seconds from the window's load event. Please make sure it has an appropriate `as` value and it is preloaded intentionally. @ http://localhost:3000/preview/arcstone-growth?frame=1:0
[  743694ms] [WARNING] The resource http://localhost:3000/_next/static/css/app/layout.css?v=1786440629662 was preloaded using link preload but not used within a few seconds from the window's load event. Please make sure it has an appropriate `as` value and it is preloaded intentionally. @ http://localhost:3000/preview/arcstone-growth?frame=1:0
[  743694ms] [WARNING] The resource http://localhost:3000/_next/static/media/ee40bb094c99a29a-s.p.woff2?v=1786440500181 was preloaded using link preload but not used within a few seconds from the window's load event. Please make sure it has an appropriate `as` value and it is preloaded intentionally. @ http://localhost:3000/preview/arcstone-growth?frame=1:0
[  743694ms] [WARNING] The resource http://localhost:3000/_next/static/media/7b89a4fd5e90ede0-s.p.woff2?v=1786440500181 was preloaded using link preload but not used within a few seconds from the window's load event. Please make sure it has an appropriate `as` value and it is preloaded intentionally. @ http://localhost:3000/preview/arcstone-growth?frame=1:0
[  743694ms] [WARNING] The resource http://localhost:3000/_next/static/css/app/layout.css?v=1786440651449 was preloaded using link preload but not used within a few seconds from the window's load event. Please make sure it has an appropriate `as` value and it is preloaded intentionally. @ http://localhost:3000/preview/arcstone-growth?frame=1:0
[  751014ms] [WARNING] The resource http://localhost:3000/_next/static/media/9dd75fadc5b3df29-s.p.woff2?v=1786440500181 was preloaded using link preload but not used within a few seconds from the window's load event. Please make sure it has an appropriate `as` value and it is preloaded intentionally. @ http://localhost:3000/preview/arcstone-growth?frame=1:0
[  751014ms] [WARNING] The resource http://localhost:3000/_next/static/media/569ce4b8f30dc480-s.p.woff2?v=1786440500181 was preloaded using link preload but not used within a few seconds from the window's load event. Please make sure it has an appropriate `as` value and it is preloaded intentionally. @ http://localhost:3000/preview/arcstone-growth?frame=1:0
[  751014ms] [WARNING] The resource http://localhost:3000/_next/static/css/app/preview/%5BtemplateId%5D/page.css?v=1786440629662 was preloaded using link preload but not used within a few seconds from the window's load event. Please make sure it has an appropriate `as` value and it is preloaded intentionally. @ http://localhost:3000/preview/arcstone-growth?frame=1:0
[  751015ms] [WARNING] The resource http://localhost:3000/_next/static/css/app/preview/%5BtemplateId%5D/page.css?v=1786440651449 was preloaded using link preload but not used within a few seconds from the window's load event. Please make sure it has an appropriate `as` value and it is preloaded intentionally. @ http://localhost:3000/preview/arcstone-growth?frame=1:0
[  751015ms] [WARNING] The resource http://localhost:3000/_next/static/media/eaead17c7dbfcd5d-s.p.woff2?v=1786440500181 was preloaded using link preload but not used within a few seconds from the window's load event. Please make sure it has an appropriate `as` value and it is preloaded intentionally. @ http://localhost:3000/preview/arcstone-growth?frame=1:0
[  751015ms] [WARNING] The resource http://localhost:3000/_next/static/chunks/_app-pages-browser_src_templates_arcstone-growth_template_tsx.js was preloaded using link preload but not used within a few seconds from the window's load event. Please make sure it has an appropriate `as` value and it is preloaded intentionally. @ http://localhost:3000/preview/arcstone-growth?frame=1:0
[  751015ms] [WARNING] The resource http://localhost:3000/_next/static/css/app/layout.css?v=1786440666344 was preloaded using link preload but not used within a few seconds from the window's load event. Please make sure it has an appropriate `as` value and it is preloaded intentionally. @ http://localhost:3000/preview/arcstone-growth?frame=1:0
[  751015ms] [WARNING] The resource http://localhost:3000/_next/static/media/be955174636e5369-s.p.woff2?v=1786440500181 was preloaded using link preload but not used within a few seconds from the window's load event. Please make sure it has an appropriate `as` value and it is preloaded intentionally. @ http://localhost:3000/preview/arcstone-growth?frame=1:0
[  751015ms] [WARNING] The resource http://localhost:3000/_next/static/css/app/preview/%5BtemplateId%5D/page.css?v=1786440666344 was preloaded using link preload but not used within a few seconds from the window's load event. Please make sure it has an appropriate `as` value and it is preloaded intentionally. @ http://localhost:3000/preview/arcstone-growth?frame=1:0
[  751015ms] [WARNING] The resource http://localhost:3000/_next/static/media/e4af272ccee01ff0-s.p.woff2?v=1786440500181 was preloaded using link preload but not used within a few seconds from the window's load event. Please make sure it has an appropriate `as` value and it is preloaded intentionally. @ http://localhost:3000/preview/arcstone-growth?frame=1:0
[  751015ms] [WARNING] The resource http://localhost:3000/_next/static/css/app/layout.css?v=1786440629662 was preloaded using link preload but not used within a few seconds from the window's load event. Please make sure it has an appropriate `as` value and it is preloaded intentionally. @ http://localhost:3000/preview/arcstone-growth?frame=1:0
[  751015ms] [WARNING] The resource http://localhost:3000/_next/static/media/ee40bb094c99a29a-s.p.woff2?v=1786440500181 was preloaded using link preload but not used within a few seconds from the window's load event. Please make sure it has an appropriate `as` value and it is preloaded intentionally. @ http://localhost:3000/preview/arcstone-growth?frame=1:0
[  751015ms] [WARNING] The resource http://localhost:3000/_next/static/media/7b89a4fd5e90ede0-s.p.woff2?v=1786440500181 was preloaded using link preload but not used within a few seconds from the window's load event. Please make sure it has an appropriate `as` value and it is preloaded intentionally. @ http://localhost:3000/preview/arcstone-growth?frame=1:0
[  751015ms] [WARNING] The resource http://localhost:3000/_next/static/css/app/layout.css?v=1786440651449 was preloaded using link preload but not used within a few seconds from the window's load event. Please make sure it has an appropriate `as` value and it is preloaded intentionally. @ http://localhost:3000/preview/arcstone-growth?frame=1:0
[  754802ms] [LOG] [Fast Refresh] rebuilding @ webpack-internal:///(app-pages-browser)/./node_modules/next/dist/next-devtools/shared/forward-logs-shared.js:27
[  755284ms] [LOG] [Fast Refresh] done in 484ms @ webpack-internal:///(app-pages-browser)/./node_modules/next/dist/next-devtools/shared/forward-logs-shared.js:27
[  758199ms] [LOG] [Fast Refresh] rebuilding @ webpack-internal:///(app-pages-browser)/./node_modules/next/dist/next-devtools/shared/forward-logs-shared.js:27
[  758457ms] [LOG] [Fast Refresh] done in 257ms @ webpack-internal:///(app-pages-browser)/./node_modules/next/dist/next-devtools/shared/forward-logs-shared.js:27
[  760321ms] [LOG] [Fast Refresh] rebuilding @ webpack-internal:///(app-pages-browser)/./node_modules/next/dist/next-devtools/shared/forward-logs-shared.js:27
[  761052ms] [LOG] [Fast Refresh] done in 730ms @ webpack-internal:///(app-pages-browser)/./node_modules/next/dist/next-devtools/shared/forward-logs-shared.js:27
[  762256ms] [LOG] [Fast Refresh] rebuilding @ webpack-internal:///(app-pages-browser)/./node_modules/next/dist/next-devtools/shared/forward-logs-shared.js:27
[  763194ms] [LOG] [Fast Refresh] done in 938ms @ webpack-internal:///(app-pages-browser)/./node_modules/next/dist/next-devtools/shared/forward-logs-shared.js:27
[  766615ms] [LOG] [Fast Refresh] rebuilding @ webpack-internal:///(app-pages-browser)/./node_modules/next/dist/next-devtools/shared/forward-logs-shared.js:27
[  767500ms] [LOG] [Fast Refresh] done in 885ms @ webpack-internal:///(app-pages-browser)/./node_modules/next/dist/next-devtools/shared/forward-logs-shared.js:27
[  768901ms] [LOG] [Fast Refresh] rebuilding @ webpack-internal:///(app-pages-browser)/./node_modules/next/dist/next-devtools/shared/forward-logs-shared.js:27
[  769354ms] [LOG] [Fast Refresh] done in 453ms @ webpack-internal:///(app-pages-browser)/./node_modules/next/dist/next-devtools/shared/forward-logs-shared.js:27
[  770929ms] [LOG] [Fast Refresh] rebuilding @ webpack-internal:///(app-pages-browser)/./node_modules/next/dist/next-devtools/shared/forward-logs-shared.js:27
[  771160ms] [LOG] [Fast Refresh] done in 232ms @ webpack-internal:///(app-pages-browser)/./node_modules/next/dist/next-devtools/shared/forward-logs-shared.js:27
[  773053ms] [LOG] [Fast Refresh] rebuilding @ webpack-internal:///(app-pages-browser)/./node_modules/next/dist/next-devtools/shared/forward-logs-shared.js:27
[  773794ms] [LOG] [Fast Refresh] done in 741ms @ webpack-internal:///(app-pages-browser)/./node_modules/next/dist/next-devtools/shared/forward-logs-shared.js:27
[  774976ms] [LOG] [Fast Refresh] rebuilding @ webpack-internal:///(app-pages-browser)/./node_modules/next/dist/next-devtools/shared/forward-logs-shared.js:27
[  775327ms] [LOG] [Fast Refresh] done in 351ms @ webpack-internal:///(app-pages-browser)/./node_modules/next/dist/next-devtools/shared/forward-logs-shared.js:27
[  778212ms] [LOG] [Fast Refresh] rebuilding @ webpack-internal:///(app-pages-browser)/./node_modules/next/dist/next-devtools/shared/forward-logs-shared.js:27
[  778419ms] [LOG] [Fast Refresh] done in 208ms @ webpack-internal:///(app-pages-browser)/./node_modules/next/dist/next-devtools/shared/forward-logs-shared.js:27
[  780233ms] [LOG] [Fast Refresh] rebuilding @ webpack-internal:///(app-pages-browser)/./node_modules/next/dist/next-devtools/shared/forward-logs-shared.js:27
[  780414ms] [LOG] [Fast Refresh] done in 181ms @ webpack-internal:///(app-pages-browser)/./node_modules/next/dist/next-devtools/shared/forward-logs-shared.js:27
[  781801ms] [LOG] [Fast Refresh] rebuilding @ webpack-internal:///(app-pages-browser)/./node_modules/next/dist/next-devtools/shared/forward-logs-shared.js:27
[  782682ms] [LOG] [Fast Refresh] done in 881ms @ webpack-internal:///(app-pages-browser)/./node_modules/next/dist/next-devtools/shared/forward-logs-shared.js:27
[  783602ms] [LOG] [Fast Refresh] rebuilding @ webpack-internal:///(app-pages-browser)/./node_modules/next/dist/next-devtools/shared/forward-logs-shared.js:27
[  783903ms] [LOG] [Fast Refresh] done in 302ms @ webpack-internal:///(app-pages-browser)/./node_modules/next/dist/next-devtools/shared/forward-logs-shared.js:27
[  786017ms] [LOG] [Fast Refresh] rebuilding @ webpack-internal:///(app-pages-browser)/./node_modules/next/dist/next-devtools/shared/forward-logs-shared.js:27
[  786783ms] [LOG] [Fast Refresh] done in 765ms @ webpack-internal:///(app-pages-browser)/./node_modules/next/dist/next-devtools/shared/forward-logs-shared.js:27
[  789786ms] [WARNING] The resource http://localhost:3000/_next/static/media/9dd75fadc5b3df29-s.p.woff2?v=1786440500181 was preloaded using link preload but not used within a few seconds from the window's load event. Please make sure it has an appropriate `as` value and it is preloaded intentionally. @ http://localhost:3000/preview/arcstone-growth?frame=1:0
[  789787ms] [WARNING] The resource http://localhost:3000/_next/static/media/569ce4b8f30dc480-s.p.woff2?v=1786440500181 was preloaded using link preload but not used within a few seconds from the window's load event. Please make sure it has an appropriate `as` value and it is preloaded intentionally. @ http://localhost:3000/preview/arcstone-growth?frame=1:0
[  789787ms] [WARNING] The resource http://localhost:3000/_next/static/css/app/preview/%5BtemplateId%5D/page.css?v=1786440629662 was preloaded using link preload but not used within a few seconds from the window's load event. Please make sure it has an appropriate `as` value and it is preloaded intentionally. @ http://localhost:3000/preview/arcstone-growth?frame=1:0
[  789787ms] [WARNING] The resource http://localhost:3000/_next/static/css/app/preview/%5BtemplateId%5D/page.css?v=1786440651449 was preloaded using link preload but not used within a few seconds from the window's load event. Please make sure it has an appropriate `as` value and it is preloaded intentionally. @ http://localhost:3000/preview/arcstone-growth?frame=1:0
[  789787ms] [WARNING] The resource http://localhost:3000/_next/static/media/eaead17c7dbfcd5d-s.p.woff2?v=1786440500181 was preloaded using link preload but not used within a few seconds from the window's load event. Please make sure it has an appropriate `as` value and it is preloaded intentionally. @ http://localhost:3000/preview/arcstone-growth?frame=1:0
[  789787ms] [WARNING] The resource http://localhost:3000/_next/static/chunks/_app-pages-browser_src_templates_arcstone-growth_template_tsx.js was preloaded using link preload but not used within a few seconds from the window's load event. Please make sure it has an appropriate `as` value and it is preloaded intentionally. @ http://localhost:3000/preview/arcstone-growth?frame=1:0
[  789787ms] [WARNING] The resource http://localhost:3000/_next/static/css/app/layout.css?v=1786440666344 was preloaded using link preload but not used within a few seconds from the window's load event. Please make sure it has an appropriate `as` value and it is preloaded intentionally. @ http://localhost:3000/preview/arcstone-growth?frame=1:0
[  789787ms] [WARNING] The resource http://localhost:3000/_next/static/media/be955174636e5369-s.p.woff2?v=1786440500181 was preloaded using link preload but not used within a few seconds from the window's load event. Please make sure it has an appropriate `as` value and it is preloaded intentionally. @ http://localhost:3000/preview/arcstone-growth?frame=1:0
[  789787ms] [WARNING] The resource http://localhost:3000/_next/static/css/app/preview/%5BtemplateId%5D/page.css?v=1786440666344 was preloaded using link preload but not used within a few seconds from the window's load event. Please make sure it has an appropriate `as` value and it is preloaded intentionally. @ http://localhost:3000/preview/arcstone-growth?frame=1:0
[  789787ms] [WARNING] The resource http://localhost:3000/_next/static/media/e4af272ccee01ff0-s.p.woff2?v=1786440500181 was preloaded using link preload but not used within a few seconds from the window's load event. Please make sure it has an appropriate `as` value and it is preloaded intentionally. @ http://localhost:3000/preview/arcstone-growth?frame=1:0
[  789788ms] [WARNING] The resource http://localhost:3000/_next/static/css/app/layout.css?v=1786440629662 was preloaded using link preload but not used within a few seconds from the window's load event. Please make sure it has an appropriate `as` value and it is preloaded intentionally. @ http://localhost:3000/preview/arcstone-growth?frame=1:0
[  789788ms] [WARNING] The resource http://localhost:3000/_next/static/media/ee40bb094c99a29a-s.p.woff2?v=1786440500181 was preloaded using link preload but not used within a few seconds from the window's load event. Please make sure it has an appropriate `as` value and it is preloaded intentionally. @ http://localhost:3000/preview/arcstone-growth?frame=1:0
[  789788ms] [WARNING] The resource http://localhost:3000/_next/static/media/7b89a4fd5e90ede0-s.p.woff2?v=1786440500181 was preloaded using link preload but not used within a few seconds from the window's load event. Please make sure it has an appropriate `as` value and it is preloaded intentionally. @ http://localhost:3000/preview/arcstone-growth?frame=1:0
[  789788ms] [WARNING] The resource http://localhost:3000/_next/static/css/app/layout.css?v=1786440651449 was preloaded using link preload but not used within a few seconds from the window's load event. Please make sure it has an appropriate `as` value and it is preloaded intentionally. @ http://localhost:3000/preview/arcstone-growth?frame=1:0
[  790499ms] [LOG] [Fast Refresh] rebuilding @ webpack-internal:///(app-pages-browser)/./node_modules/next/dist/next-devtools/shared/forward-logs-shared.js:27
[  790879ms] [LOG] [Fast Refresh] done in 379ms @ webpack-internal:///(app-pages-browser)/./node_modules/next/dist/next-devtools/shared/forward-logs-shared.js:27
[  792632ms] [LOG] [Fast Refresh] rebuilding @ webpack-internal:///(app-pages-browser)/./node_modules/next/dist/next-devtools/shared/forward-logs-shared.js:27
[  793398ms] [LOG] [Fast Refresh] done in 765ms @ webpack-internal:///(app-pages-browser)/./node_modules/next/dist/next-devtools/shared/forward-logs-shared.js:27
[  794901ms] [LOG] [Fast Refresh] rebuilding @ webpack-internal:///(app-pages-browser)/./node_modules/next/dist/next-devtools/shared/forward-logs-shared.js:27
[  795254ms] [LOG] [Fast Refresh] done in 353ms @ webpack-internal:///(app-pages-browser)/./node_modules/next/dist/next-devtools/shared/forward-logs-shared.js:27
[  797496ms] [LOG] [Fast Refresh] rebuilding @ webpack-internal:///(app-pages-browser)/./node_modules/next/dist/next-devtools/shared/forward-logs-shared.js:27
[  797819ms] [LOG] [Fast Refresh] done in 323ms @ webpack-internal:///(app-pages-browser)/./node_modules/next/dist/next-devtools/shared/forward-logs-shared.js:27
[  799997ms] [LOG] [Fast Refresh] rebuilding @ webpack-internal:///(app-pages-browser)/./node_modules/next/dist/next-devtools/shared/forward-logs-shared.js:27
[  800109ms] [LOG] [Fast Refresh] done in 112ms @ webpack-internal:///(app-pages-browser)/./node_modules/next/dist/next-devtools/shared/forward-logs-shared.js:27
[  804930ms] [LOG] [Fast Refresh] rebuilding @ webpack-internal:///(app-pages-browser)/./node_modules/next/dist/next-devtools/shared/forward-logs-shared.js:27
[  805582ms] [LOG] [Fast Refresh] done in 653ms @ webpack-internal:///(app-pages-browser)/./node_modules/next/dist/next-devtools/shared/forward-logs-shared.js:27
[  807529ms] [LOG] [Fast Refresh] rebuilding @ webpack-internal:///(app-pages-browser)/./node_modules/next/dist/next-devtools/shared/forward-logs-shared.js:27
[  807883ms] [LOG] [Fast Refresh] done in 354ms @ webpack-internal:///(app-pages-browser)/./node_modules/next/dist/next-devtools/shared/forward-logs-shared.js:27
[  809732ms] [LOG] [Fast Refresh] rebuilding @ webpack-internal:///(app-pages-browser)/./node_modules/next/dist/next-devtools/shared/forward-logs-shared.js:27
[  809843ms] [LOG] [Fast Refresh] done in 111ms @ webpack-internal:///(app-pages-browser)/./node_modules/next/dist/next-devtools/shared/forward-logs-shared.js:27
[  812546ms] [LOG] [Fast Refresh] rebuilding @ webpack-internal:///(app-pages-browser)/./node_modules/next/dist/next-devtools/shared/forward-logs-shared.js:27
[  812722ms] [LOG] [Fast Refresh] done in 176ms @ webpack-internal:///(app-pages-browser)/./node_modules/next/dist/next-devtools/shared/forward-logs-shared.js:27
[  814696ms] [LOG] [Fast Refresh] rebuilding @ webpack-internal:///(app-pages-browser)/./node_modules/next/dist/next-devtools/shared/forward-logs-shared.js:27
[  815594ms] [LOG] [Fast Refresh] done in 897ms @ webpack-internal:///(app-pages-browser)/./node_modules/next/dist/next-devtools/shared/forward-logs-shared.js:27
[  820324ms] [LOG] [Fast Refresh] rebuilding @ webpack-internal:///(app-pages-browser)/./node_modules/next/dist/next-devtools/shared/forward-logs-shared.js:27
[  821596ms] [LOG] [Fast Refresh] done in 1273ms @ webpack-internal:///(app-pages-browser)/./node_modules/next/dist/next-devtools/shared/forward-logs-shared.js:27
[  824599ms] [WARNING] The resource http://localhost:3000/_next/static/media/9dd75fadc5b3df29-s.p.woff2?v=1786440500181 was preloaded using link preload but not used within a few seconds from the window's load event. Please make sure it has an appropriate `as` value and it is preloaded intentionally. @ http://localhost:3000/preview/arcstone-growth?frame=1:0
[  824600ms] [WARNING] The resource http://localhost:3000/_next/static/media/569ce4b8f30dc480-s.p.woff2?v=1786440500181 was preloaded using link preload but not used within a few seconds from the window's load event. Please make sure it has an appropriate `as` value and it is preloaded intentionally. @ http://localhost:3000/preview/arcstone-growth?frame=1:0
[  824600ms] [WARNING] The resource http://localhost:3000/_next/static/css/app/preview/%5BtemplateId%5D/page.css?v=1786440969718 was preloaded using link preload but not used within a few seconds from the window's load event. Please make sure it has an appropriate `as` value and it is preloaded intentionally. @ http://localhost:3000/preview/arcstone-growth?frame=1:0
[  824600ms] [WARNING] The resource http://localhost:3000/_next/static/css/app/preview/%5BtemplateId%5D/page.css?v=1786440629662 was preloaded using link preload but not used within a few seconds from the window's load event. Please make sure it has an appropriate `as` value and it is preloaded intentionally. @ http://localhost:3000/preview/arcstone-growth?frame=1:0
[  824600ms] [WARNING] The resource http://localhost:3000/_next/static/css/app/preview/%5BtemplateId%5D/page.css?v=1786440651449 was preloaded using link preload but not used within a few seconds from the window's load event. Please make sure it has an appropriate `as` value and it is preloaded intentionally. @ http://localhost:3000/preview/arcstone-growth?frame=1:0
[  824600ms] [WARNING] The resource http://localhost:3000/_next/static/media/eaead17c7dbfcd5d-s.p.woff2?v=1786440500181 was preloaded using link preload but not used within a few seconds from the window's load event. Please make sure it has an appropriate `as` value and it is preloaded intentionally. @ http://localhost:3000/preview/arcstone-growth?frame=1:0
[  824600ms] [WARNING] The resource http://localhost:3000/_next/static/chunks/_app-pages-browser_src_templates_arcstone-growth_template_tsx.js was preloaded using link preload but not used within a few seconds from the window's load event. Please make sure it has an appropriate `as` value and it is preloaded intentionally. @ http://localhost:3000/preview/arcstone-growth?frame=1:0
[  824600ms] [WARNING] The resource http://localhost:3000/_next/static/css/app/layout.css?v=1786440666344 was preloaded using link preload but not used within a few seconds from the window's load event. Please make sure it has an appropriate `as` value and it is preloaded intentionally. @ http://localhost:3000/preview/arcstone-growth?frame=1:0
[  824600ms] [WARNING] The resource http://localhost:3000/_next/static/media/be955174636e5369-s.p.woff2?v=1786440500181 was preloaded using link preload but not used within a few seconds from the window's load event. Please make sure it has an appropriate `as` value and it is preloaded intentionally. @ http://localhost:3000/preview/arcstone-growth?frame=1:0
[  824600ms] [WARNING] The resource http://localhost:3000/_next/static/css/app/layout.css?v=1786440969718 was preloaded using link preload but not used within a few seconds from the window's load event. Please make sure it has an appropriate `as` value and it is preloaded intentionally. @ http://localhost:3000/preview/arcstone-growth?frame=1:0
[  824600ms] [WARNING] The resource http://localhost:3000/_next/static/css/app/preview/%5BtemplateId%5D/page.css?v=1786440666344 was preloaded using link preload but not used within a few seconds from the window's load event. Please make sure it has an appropriate `as` value and it is preloaded intentionally. @ http://localhost:3000/preview/arcstone-growth?frame=1:0
[  824600ms] [WARNING] The resource http://localhost:3000/_next/static/media/e4af272ccee01ff0-s.p.woff2?v=1786440500181 was preloaded using link preload but not used within a few seconds from the window's load event. Please make sure it has an appropriate `as` value and it is preloaded intentionally. @ http://localhost:3000/preview/arcstone-growth?frame=1:0
[  824600ms] [WARNING] The resource http://localhost:3000/_next/static/css/app/layout.css?v=1786440629662 was preloaded using link preload but not used within a few seconds from the window's load event. Please make sure it has an appropriate `as` value and it is preloaded intentionally. @ http://localhost:3000/preview/arcstone-growth?frame=1:0
[  824600ms] [WARNING] The resource http://localhost:3000/_next/static/media/ee40bb094c99a29a-s.p.woff2?v=1786440500181 was preloaded using link preload but not used within a few seconds from the window's load event. Please make sure it has an appropriate `as` value and it is preloaded intentionally. @ http://localhost:3000/preview/arcstone-growth?frame=1:0
[  824600ms] [WARNING] The resource http://localhost:3000/_next/static/media/7b89a4fd5e90ede0-s.p.woff2?v=1786440500181 was preloaded using link preload but not used within a few seconds from the window's load event. Please make sure it has an appropriate `as` value and it is preloaded intentionally. @ http://localhost:3000/preview/arcstone-growth?frame=1:0
[  824600ms] [WARNING] The resource http://localhost:3000/_next/static/css/app/layout.css?v=1786440651449 was preloaded using link preload but not used within a few seconds from the window's load event. Please make sure it has an appropriate `as` value and it is preloaded intentionally. @ http://localhost:3000/preview/arcstone-growth?frame=1:0
[  826242ms] [LOG] [Fast Refresh] rebuilding @ webpack-internal:///(app-pages-browser)/./node_modules/next/dist/next-devtools/shared/forward-logs-shared.js:27
[  826699ms] [LOG] [Fast Refresh] done in 457ms @ webpack-internal:///(app-pages-browser)/./node_modules/next/dist/next-devtools/shared/forward-logs-shared.js:27
[  829547ms] [LOG] [Fast Refresh] rebuilding @ webpack-internal:///(app-pages-browser)/./node_modules/next/dist/next-devtools/shared/forward-logs-shared.js:27
[  831461ms] [LOG] [Fast Refresh] done in 1913ms @ webpack-internal:///(app-pages-browser)/./node_modules/next/dist/next-devtools/shared/forward-logs-shared.js:27
[  833443ms] [LOG] [Fast Refresh] rebuilding @ webpack-internal:///(app-pages-browser)/./node_modules/next/dist/next-devtools/shared/forward-logs-shared.js:27
[  833674ms] [LOG] [Fast Refresh] done in 231ms @ webpack-internal:///(app-pages-browser)/./node_modules/next/dist/next-devtools/shared/forward-logs-shared.js:27
[  836677ms] [WARNING] The resource http://localhost:3000/_next/static/media/9dd75fadc5b3df29-s.p.woff2?v=1786440500181 was preloaded using link preload but not used within a few seconds from the window's load event. Please make sure it has an appropriate `as` value and it is preloaded intentionally. @ http://localhost:3000/preview/arcstone-growth?frame=1:0
[  836679ms] [WARNING] The resource http://localhost:3000/_next/static/media/569ce4b8f30dc480-s.p.woff2?v=1786440500181 was preloaded using link preload but not used within a few seconds from the window's load event. Please make sure it has an appropriate `as` value and it is preloaded intentionally. @ http://localhost:3000/preview/arcstone-growth?frame=1:0
[  836679ms] [WARNING] The resource http://localhost:3000/_next/static/css/app/preview/%5BtemplateId%5D/page.css?v=1786440629662 was preloaded using link preload but not used within a few seconds from the window's load event. Please make sure it has an appropriate `as` value and it is preloaded intentionally. @ http://localhost:3000/preview/arcstone-growth?frame=1:0
[  836679ms] [WARNING] The resource http://localhost:3000/_next/static/css/app/preview/%5BtemplateId%5D/page.css?v=1786440651449 was preloaded using link preload but not used within a few seconds from the window's load event. Please make sure it has an appropriate `as` value and it is preloaded intentionally. @ http://localhost:3000/preview/arcstone-growth?frame=1:0
[  836679ms] [WARNING] The resource http://localhost:3000/_next/static/media/eaead17c7dbfcd5d-s.p.woff2?v=1786440500181 was preloaded using link preload but not used within a few seconds from the window's load event. Please make sure it has an appropriate `as` value and it is preloaded intentionally. @ http://localhost:3000/preview/arcstone-growth?frame=1:0
[  836679ms] [WARNING] The resource http://localhost:3000/_next/static/chunks/_app-pages-browser_src_templates_arcstone-growth_template_tsx.js was preloaded using link preload but not used within a few seconds from the window's load event. Please make sure it has an appropriate `as` value and it is preloaded intentionally. @ http://localhost:3000/preview/arcstone-growth?frame=1:0
[  836679ms] [WARNING] The resource http://localhost:3000/_next/static/css/app/layout.css?v=1786440666344 was preloaded using link preload but not used within a few seconds from the window's load event. Please make sure it has an appropriate `as` value and it is preloaded intentionally. @ http://localhost:3000/preview/arcstone-growth?frame=1:0
[  836679ms] [WARNING] The resource http://localhost:3000/_next/static/media/be955174636e5369-s.p.woff2?v=1786440500181 was preloaded using link preload but not used within a few seconds from the window's load event. Please make sure it has an appropriate `as` value and it is preloaded intentionally. @ http://localhost:3000/preview/arcstone-growth?frame=1:0
[  836679ms] [WARNING] The resource http://localhost:3000/_next/static/css/app/preview/%5BtemplateId%5D/page.css?v=1786440666344 was preloaded using link preload but not used within a few seconds from the window's load event. Please make sure it has an appropriate `as` value and it is preloaded intentionally. @ http://localhost:3000/preview/arcstone-growth?frame=1:0
[  836679ms] [WARNING] The resource http://localhost:3000/_next/static/css/app/preview/%5BtemplateId%5D/page.css?v=1786440974849 was preloaded using link preload but not used within a few seconds from the window's load event. Please make sure it has an appropriate `as` value and it is preloaded intentionally. @ http://localhost:3000/preview/arcstone-growth?frame=1:0
[  836679ms] [WARNING] The resource http://localhost:3000/_next/static/media/e4af272ccee01ff0-s.p.woff2?v=1786440500181 was preloaded using link preload but not used within a few seconds from the window's load event. Please make sure it has an appropriate `as` value and it is preloaded intentionally. @ http://localhost:3000/preview/arcstone-growth?frame=1:0
[  836679ms] [WARNING] The resource http://localhost:3000/_next/static/css/app/layout.css?v=1786440974849 was preloaded using link preload but not used within a few seconds from the window's load event. Please make sure it has an appropriate `as` value and it is preloaded intentionally. @ http://localhost:3000/preview/arcstone-growth?frame=1:0
[  836680ms] [WARNING] The resource http://localhost:3000/_next/static/css/app/layout.css?v=1786440629662 was preloaded using link preload but not used within a few seconds from the window's load event. Please make sure it has an appropriate `as` value and it is preloaded intentionally. @ http://localhost:3000/preview/arcstone-growth?frame=1:0
[  836680ms] [WARNING] The resource http://localhost:3000/_next/static/media/ee40bb094c99a29a-s.p.woff2?v=1786440500181 was preloaded using link preload but not used within a few seconds from the window's load event. Please make sure it has an appropriate `as` value and it is preloaded intentionally. @ http://localhost:3000/preview/arcstone-growth?frame=1:0
[  836680ms] [WARNING] The resource http://localhost:3000/_next/static/media/7b89a4fd5e90ede0-s.p.woff2?v=1786440500181 was preloaded using link preload but not used within a few seconds from the window's load event. Please make sure it has an appropriate `as` value and it is preloaded intentionally. @ http://localhost:3000/preview/arcstone-growth?frame=1:0
[  836680ms] [WARNING] The resource http://localhost:3000/_next/static/css/app/layout.css?v=1786440651449 was preloaded using link preload but not used within a few seconds from the window's load event. Please make sure it has an appropriate `as` value and it is preloaded intentionally. @ http://localhost:3000/preview/arcstone-growth?frame=1:0
[  837556ms] [LOG] [Fast Refresh] rebuilding @ webpack-internal:///(app-pages-browser)/./node_modules/next/dist/next-devtools/shared/forward-logs-shared.js:27
[  839032ms] [LOG] [Fast Refresh] done in 1476ms @ webpack-internal:///(app-pages-browser)/./node_modules/next/dist/next-devtools/shared/forward-logs-shared.js:27
[  841873ms] [LOG] [Fast Refresh] rebuilding @ webpack-internal:///(app-pages-browser)/./node_modules/next/dist/next-devtools/shared/forward-logs-shared.js:27
[  843532ms] [LOG] [Fast Refresh] done in 1659ms @ webpack-internal:///(app-pages-browser)/./node_modules/next/dist/next-devtools/shared/forward-logs-shared.js:27
[  845595ms] [LOG] [Fast Refresh] rebuilding @ webpack-internal:///(app-pages-browser)/./node_modules/next/dist/next-devtools/shared/forward-logs-shared.js:27
[  846206ms] [LOG] [Fast Refresh] done in 610ms @ webpack-internal:///(app-pages-browser)/./node_modules/next/dist/next-devtools/shared/forward-logs-shared.js:27
[  847922ms] [LOG] [Fast Refresh] rebuilding @ webpack-internal:///(app-pages-browser)/./node_modules/next/dist/next-devtools/shared/forward-logs-shared.js:27
[  848159ms] [LOG] [Fast Refresh] done in 237ms @ webpack-internal:///(app-pages-browser)/./node_modules/next/dist/next-devtools/shared/forward-logs-shared.js:27
[  849930ms] [LOG] [Fast Refresh] rebuilding @ webpack-internal:///(app-pages-browser)/./node_modules/next/dist/next-devtools/shared/forward-logs-shared.js:27
[  851235ms] [LOG] [Fast Refresh] done in 1305ms @ webpack-internal:///(app-pages-browser)/./node_modules/next/dist/next-devtools/shared/forward-logs-shared.js:27
[  854241ms] [WARNING] The resource http://localhost:3000/_next/static/media/9dd75fadc5b3df29-s.p.woff2?v=1786440500181 was preloaded using link preload but not used within a few seconds from the window's load event. Please make sure it has an appropriate `as` value and it is preloaded intentionally. @ http://localhost:3000/preview/arcstone-growth?frame=1:0
[  854242ms] [WARNING] The resource http://localhost:3000/_next/static/media/569ce4b8f30dc480-s.p.woff2?v=1786440500181 was preloaded using link preload but not used within a few seconds from the window's load event. Please make sure it has an appropriate `as` value and it is preloaded intentionally. @ http://localhost:3000/preview/arcstone-growth?frame=1:0
[  854242ms] [WARNING] The resource http://localhost:3000/_next/static/css/app/preview/%5BtemplateId%5D/page.css?v=1786440629662 was preloaded using link preload but not used within a few seconds from the window's load event. Please make sure it has an appropriate `as` value and it is preloaded intentionally. @ http://localhost:3000/preview/arcstone-growth?frame=1:0
[  854242ms] [WARNING] The resource http://localhost:3000/_next/static/css/app/preview/%5BtemplateId%5D/page.css?v=1786440651449 was preloaded using link preload but not used within a few seconds from the window's load event. Please make sure it has an appropriate `as` value and it is preloaded intentionally. @ http://localhost:3000/preview/arcstone-growth?frame=1:0
[  854242ms] [WARNING] The resource http://localhost:3000/_next/static/media/eaead17c7dbfcd5d-s.p.woff2?v=1786440500181 was preloaded using link preload but not used within a few seconds from the window's load event. Please make sure it has an appropriate `as` value and it is preloaded intentionally. @ http://localhost:3000/preview/arcstone-growth?frame=1:0
[  854242ms] [WARNING] The resource http://localhost:3000/_next/static/chunks/_app-pages-browser_src_templates_arcstone-growth_template_tsx.js was preloaded using link preload but not used within a few seconds from the window's load event. Please make sure it has an appropriate `as` value and it is preloaded intentionally. @ http://localhost:3000/preview/arcstone-growth?frame=1:0
[  854242ms] [WARNING] The resource http://localhost:3000/_next/static/css/app/layout.css?v=1786440666344 was preloaded using link preload but not used within a few seconds from the window's load event. Please make sure it has an appropriate `as` value and it is preloaded intentionally. @ http://localhost:3000/preview/arcstone-growth?frame=1:0
[  854243ms] [WARNING] The resource http://localhost:3000/_next/static/media/be955174636e5369-s.p.woff2?v=1786440500181 was preloaded using link preload but not used within a few seconds from the window's load event. Please make sure it has an appropriate `as` value and it is preloaded intentionally. @ http://localhost:3000/preview/arcstone-growth?frame=1:0
[  854243ms] [WARNING] The resource http://localhost:3000/_next/static/css/app/preview/%5BtemplateId%5D/page.css?v=1786440666344 was preloaded using link preload but not used within a few seconds from the window's load event. Please make sure it has an appropriate `as` value and it is preloaded intentionally. @ http://localhost:3000/preview/arcstone-growth?frame=1:0
[  854243ms] [WARNING] The resource http://localhost:3000/_next/static/css/app/preview/%5BtemplateId%5D/page.css?v=1786440974849 was preloaded using link preload but not used within a few seconds from the window's load event. Please make sure it has an appropriate `as` value and it is preloaded intentionally. @ http://localhost:3000/preview/arcstone-growth?frame=1:0
[  854243ms] [WARNING] The resource http://localhost:3000/_next/static/media/e4af272ccee01ff0-s.p.woff2?v=1786440500181 was preloaded using link preload but not used within a few seconds from the window's load event. Please make sure it has an appropriate `as` value and it is preloaded intentionally. @ http://localhost:3000/preview/arcstone-growth?frame=1:0
[  854243ms] [WARNING] The resource http://localhost:3000/_next/static/css/app/layout.css?v=1786440974849 was preloaded using link preload but not used within a few seconds from the window's load event. Please make sure it has an appropriate `as` value and it is preloaded intentionally. @ http://localhost:3000/preview/arcstone-growth?frame=1:0
[  854243ms] [WARNING] The resource http://localhost:3000/_next/static/css/app/layout.css?v=1786440629662 was preloaded using link preload but not used within a few seconds from the window's load event. Please make sure it has an appropriate `as` value and it is preloaded intentionally. @ http://localhost:3000/preview/arcstone-growth?frame=1:0
[  854243ms] [WARNING] The resource http://localhost:3000/_next/static/media/ee40bb094c99a29a-s.p.woff2?v=1786440500181 was preloaded using link preload but not used within a few seconds from the window's load event. Please make sure it has an appropriate `as` value and it is preloaded intentionally. @ http://localhost:3000/preview/arcstone-growth?frame=1:0
[  854243ms] [WARNING] The resource http://localhost:3000/_next/static/media/7b89a4fd5e90ede0-s.p.woff2?v=1786440500181 was preloaded using link preload but not used within a few seconds from the window's load event. Please make sure it has an appropriate `as` value and it is preloaded intentionally. @ http://localhost:3000/preview/arcstone-growth?frame=1:0
[  854243ms] [WARNING] The resource http://localhost:3000/_next/static/css/app/layout.css?v=1786440651449 was preloaded using link preload but not used within a few seconds from the window's load event. Please make sure it has an appropriate `as` value and it is preloaded intentionally. @ http://localhost:3000/preview/arcstone-growth?frame=1:0
[  854423ms] [LOG] [Fast Refresh] rebuilding @ webpack-internal:///(app-pages-browser)/./node_modules/next/dist/next-devtools/shared/forward-logs-shared.js:27
[  855348ms] [LOG] [Fast Refresh] done in 926ms @ webpack-internal:///(app-pages-browser)/./node_modules/next/dist/next-devtools/shared/forward-logs-shared.js:27
[  858267ms] [LOG] [Fast Refresh] rebuilding @ webpack-internal:///(app-pages-browser)/./node_modules/next/dist/next-devtools/shared/forward-logs-shared.js:27
[  859500ms] [LOG] [Fast Refresh] done in 1233ms @ webpack-internal:///(app-pages-browser)/./node_modules/next/dist/next-devtools/shared/forward-logs-shared.js:27
[  863403ms] [LOG] [Fast Refresh] rebuilding @ webpack-internal:///(app-pages-browser)/./node_modules/next/dist/next-devtools/shared/forward-logs-shared.js:27
[  864264ms] [LOG] [Fast Refresh] done in 861ms @ webpack-internal:///(app-pages-browser)/./node_modules/next/dist/next-devtools/shared/forward-logs-shared.js:27
[  866721ms] [LOG] [Fast Refresh] rebuilding @ webpack-internal:///(app-pages-browser)/./node_modules/next/dist/next-devtools/shared/forward-logs-shared.js:27
[  868044ms] [LOG] [Fast Refresh] done in 1323ms @ webpack-internal:///(app-pages-browser)/./node_modules/next/dist/next-devtools/shared/forward-logs-shared.js:27
[  869254ms] [LOG] [Fast Refresh] rebuilding @ webpack-internal:///(app-pages-browser)/./node_modules/next/dist/next-devtools/shared/forward-logs-shared.js:27
[  869590ms] [LOG] [Fast Refresh] done in 336ms @ webpack-internal:///(app-pages-browser)/./node_modules/next/dist/next-devtools/shared/forward-logs-shared.js:27
[  871527ms] [LOG] [Fast Refresh] rebuilding @ webpack-internal:///(app-pages-browser)/./node_modules/next/dist/next-devtools/shared/forward-logs-shared.js:27
[  871851ms] [LOG] [Fast Refresh] done in 325ms @ webpack-internal:///(app-pages-browser)/./node_modules/next/dist/next-devtools/shared/forward-logs-shared.js:27
[  874133ms] [LOG] [Fast Refresh] rebuilding @ webpack-internal:///(app-pages-browser)/./node_modules/next/dist/next-devtools/shared/forward-logs-shared.js:27
[  874753ms] [LOG] [Fast Refresh] done in 619ms @ webpack-internal:///(app-pages-browser)/./node_modules/next/dist/next-devtools/shared/forward-logs-shared.js:27
[  877757ms] [WARNING] The resource http://localhost:3000/_next/static/media/9dd75fadc5b3df29-s.p.woff2?v=1786440500181 was preloaded using link preload but not used within a few seconds from the window's load event. Please make sure it has an appropriate `as` value and it is preloaded intentionally. @ http://localhost:3000/preview/arcstone-growth?frame=1:0
[  877758ms] [WARNING] The resource http://localhost:3000/_next/static/media/569ce4b8f30dc480-s.p.woff2?v=1786440500181 was preloaded using link preload but not used within a few seconds from the window's load event. Please make sure it has an appropriate `as` value and it is preloaded intentionally. @ http://localhost:3000/preview/arcstone-growth?frame=1:0
[  877758ms] [WARNING] The resource http://localhost:3000/_next/static/css/app/preview/%5BtemplateId%5D/page.css?v=1786440629662 was preloaded using link preload but not used within a few seconds from the window's load event. Please make sure it has an appropriate `as` value and it is preloaded intentionally. @ http://localhost:3000/preview/arcstone-growth?frame=1:0
[  877758ms] [WARNING] The resource http://localhost:3000/_next/static/css/app/preview/%5BtemplateId%5D/page.css?v=1786440651449 was preloaded using link preload but not used within a few seconds from the window's load event. Please make sure it has an appropriate `as` value and it is preloaded intentionally. @ http://localhost:3000/preview/arcstone-growth?frame=1:0
[  877758ms] [WARNING] The resource http://localhost:3000/_next/static/media/eaead17c7dbfcd5d-s.p.woff2?v=1786440500181 was preloaded using link preload but not used within a few seconds from the window's load event. Please make sure it has an appropriate `as` value and it is preloaded intentionally. @ http://localhost:3000/preview/arcstone-growth?frame=1:0
[  877758ms] [WARNING] The resource http://localhost:3000/_next/static/chunks/_app-pages-browser_src_templates_arcstone-growth_template_tsx.js was preloaded using link preload but not used within a few seconds from the window's load event. Please make sure it has an appropriate `as` value and it is preloaded intentionally. @ http://localhost:3000/preview/arcstone-growth?frame=1:0
[  877758ms] [WARNING] The resource http://localhost:3000/_next/static/css/app/layout.css?v=1786440666344 was preloaded using link preload but not used within a few seconds from the window's load event. Please make sure it has an appropriate `as` value and it is preloaded intentionally. @ http://localhost:3000/preview/arcstone-growth?frame=1:0
[  877758ms] [WARNING] The resource http://localhost:3000/_next/static/media/be955174636e5369-s.p.woff2?v=1786440500181 was preloaded using link preload but not used within a few seconds from the window's load event. Please make sure it has an appropriate `as` value and it is preloaded intentionally. @ http://localhost:3000/preview/arcstone-growth?frame=1:0
[  877758ms] [WARNING] The resource http://localhost:3000/_next/static/css/app/preview/%5BtemplateId%5D/page.css?v=1786440666344 was preloaded using link preload but not used within a few seconds from the window's load event. Please make sure it has an appropriate `as` value and it is preloaded intentionally. @ http://localhost:3000/preview/arcstone-growth?frame=1:0
[  877758ms] [WARNING] The resource http://localhost:3000/_next/static/css/app/preview/%5BtemplateId%5D/page.css?v=1786440974849 was preloaded using link preload but not used within a few seconds from the window's load event. Please make sure it has an appropriate `as` value and it is preloaded intentionally. @ http://localhost:3000/preview/arcstone-growth?frame=1:0
[  877758ms] [WARNING] The resource http://localhost:3000/_next/static/media/e4af272ccee01ff0-s.p.woff2?v=1786440500181 was preloaded using link preload but not used within a few seconds from the window's load event. Please make sure it has an appropriate `as` value and it is preloaded intentionally. @ http://localhost:3000/preview/arcstone-growth?frame=1:0
[  877758ms] [WARNING] The resource http://localhost:3000/_next/static/css/app/preview/%5BtemplateId%5D/page.css?v=1786441022580 was preloaded using link preload but not used within a few seconds from the window's load event. Please make sure it has an appropriate `as` value and it is preloaded intentionally. @ http://localhost:3000/preview/arcstone-growth?frame=1:0
[  877758ms] [WARNING] The resource http://localhost:3000/_next/static/css/app/layout.css?v=1786441022580 was preloaded using link preload but not used within a few seconds from the window's load event. Please make sure it has an appropriate `as` value and it is preloaded intentionally. @ http://localhost:3000/preview/arcstone-growth?frame=1:0
[  877758ms] [WARNING] The resource http://localhost:3000/_next/static/css/app/layout.css?v=1786440974849 was preloaded using link preload but not used within a few seconds from the window's load event. Please make sure it has an appropriate `as` value and it is preloaded intentionally. @ http://localhost:3000/preview/arcstone-growth?frame=1:0
[  877758ms] [WARNING] The resource http://localhost:3000/_next/static/css/app/layout.css?v=1786440629662 was preloaded using link preload but not used within a few seconds from the window's load event. Please make sure it has an appropriate `as` value and it is preloaded intentionally. @ http://localhost:3000/preview/arcstone-growth?frame=1:0
[  877758ms] [WARNING] The resource http://localhost:3000/_next/static/media/ee40bb094c99a29a-s.p.woff2?v=1786440500181 was preloaded using link preload but not used within a few seconds from the window's load event. Please make sure it has an appropriate `as` value and it is preloaded intentionally. @ http://localhost:3000/preview/arcstone-growth?frame=1:0
[  877758ms] [WARNING] The resource http://localhost:3000/_next/static/media/7b89a4fd5e90ede0-s.p.woff2?v=1786440500181 was preloaded using link preload but not used within a few seconds from the window's load event. Please make sure it has an appropriate `as` value and it is preloaded intentionally. @ http://localhost:3000/preview/arcstone-growth?frame=1:0
[  877758ms] [WARNING] The resource http://localhost:3000/_next/static/css/app/layout.css?v=1786440651449 was preloaded using link preload but not used within a few seconds from the window's load event. Please make sure it has an appropriate `as` value and it is preloaded intentionally. @ http://localhost:3000/preview/arcstone-growth?frame=1:0
[  880320ms] [LOG] [Fast Refresh] rebuilding @ webpack-internal:///(app-pages-browser)/./node_modules/next/dist/next-devtools/shared/forward-logs-shared.js:27
[  881863ms] [LOG] [Fast Refresh] done in 1544ms @ webpack-internal:///(app-pages-browser)/./node_modules/next/dist/next-devtools/shared/forward-logs-shared.js:27
[  883580ms] [LOG] [Fast Refresh] rebuilding @ webpack-internal:///(app-pages-browser)/./node_modules/next/dist/next-devtools/shared/forward-logs-shared.js:27
[  885066ms] [LOG] [Fast Refresh] done in 1485ms @ webpack-internal:///(app-pages-browser)/./node_modules/next/dist/next-devtools/shared/forward-logs-shared.js:27
[  888005ms] [LOG] [Fast Refresh] rebuilding @ webpack-internal:///(app-pages-browser)/./node_modules/next/dist/next-devtools/shared/forward-logs-shared.js:27
[  888638ms] [LOG] [Fast Refresh] done in 633ms @ webpack-internal:///(app-pages-browser)/./node_modules/next/dist/next-devtools/shared/forward-logs-shared.js:27
[  891228ms] [LOG] [Fast Refresh] rebuilding @ webpack-internal:///(app-pages-browser)/./node_modules/next/dist/next-devtools/shared/forward-logs-shared.js:27
[  891711ms] [LOG] [Fast Refresh] done in 484ms @ webpack-internal:///(app-pages-browser)/./node_modules/next/dist/next-devtools/shared/forward-logs-shared.js:27
[  895849ms] [LOG] [Fast Refresh] rebuilding @ webpack-internal:///(app-pages-browser)/./node_modules/next/dist/next-devtools/shared/forward-logs-shared.js:27
[  897582ms] [LOG] [Fast Refresh] done in 1735ms @ webpack-internal:///(app-pages-browser)/./node_modules/next/dist/next-devtools/shared/forward-logs-shared.js:27
[  900585ms] [WARNING] The resource http://localhost:3000/_next/static/media/9dd75fadc5b3df29-s.p.woff2?v=1786440500181 was preloaded using link preload but not used within a few seconds from the window's load event. Please make sure it has an appropriate `as` value and it is preloaded intentionally. @ http://localhost:3000/preview/arcstone-growth?frame=1:0
[  900586ms] [WARNING] The resource http://localhost:3000/_next/static/media/569ce4b8f30dc480-s.p.woff2?v=1786440500181 was preloaded using link preload but not used within a few seconds from the window's load event. Please make sure it has an appropriate `as` value and it is preloaded intentionally. @ http://localhost:3000/preview/arcstone-growth?frame=1:0
[  900586ms] [WARNING] The resource http://localhost:3000/_next/static/css/app/preview/%5BtemplateId%5D/page.css?v=1786440629662 was preloaded using link preload but not used within a few seconds from the window's load event. Please make sure it has an appropriate `as` value and it is preloaded intentionally. @ http://localhost:3000/preview/arcstone-growth?frame=1:0
[  900586ms] [WARNING] The resource http://localhost:3000/_next/static/css/app/preview/%5BtemplateId%5D/page.css?v=1786440651449 was preloaded using link preload but not used within a few seconds from the window's load event. Please make sure it has an appropriate `as` value and it is preloaded intentionally. @ http://localhost:3000/preview/arcstone-growth?frame=1:0
[  900586ms] [WARNING] The resource http://localhost:3000/_next/static/media/eaead17c7dbfcd5d-s.p.woff2?v=1786440500181 was preloaded using link preload but not used within a few seconds from the window's load event. Please make sure it has an appropriate `as` value and it is preloaded intentionally. @ http://localhost:3000/preview/arcstone-growth?frame=1:0
[  900586ms] [WARNING] The resource http://localhost:3000/_next/static/chunks/_app-pages-browser_src_templates_arcstone-growth_template_tsx.js was preloaded using link preload but not used within a few seconds from the window's load event. Please make sure it has an appropriate `as` value and it is preloaded intentionally. @ http://localhost:3000/preview/arcstone-growth?frame=1:0
[  900586ms] [WARNING] The resource http://localhost:3000/_next/static/css/app/layout.css?v=1786440666344 was preloaded using link preload but not used within a few seconds from the window's load event. Please make sure it has an appropriate `as` value and it is preloaded intentionally. @ http://localhost:3000/preview/arcstone-growth?frame=1:0
[  900586ms] [WARNING] The resource http://localhost:3000/_next/static/media/be955174636e5369-s.p.woff2?v=1786440500181 was preloaded using link preload but not used within a few seconds from the window's load event. Please make sure it has an appropriate `as` value and it is preloaded intentionally. @ http://localhost:3000/preview/arcstone-growth?frame=1:0
[  900586ms] [WARNING] The resource http://localhost:3000/_next/static/css/app/preview/%5BtemplateId%5D/page.css?v=1786441045652 was preloaded using link preload but not used within a few seconds from the window's load event. Please make sure it has an appropriate `as` value and it is preloaded intentionally. @ http://localhost:3000/preview/arcstone-growth?frame=1:0
[  900586ms] [WARNING] The resource http://localhost:3000/_next/static/css/app/preview/%5BtemplateId%5D/page.css?v=1786440666344 was preloaded using link preload but not used within a few seconds from the window's load event. Please make sure it has an appropriate `as` value and it is preloaded intentionally. @ http://localhost:3000/preview/arcstone-growth?frame=1:0
[  900586ms] [WARNING] The resource http://localhost:3000/_next/static/css/app/preview/%5BtemplateId%5D/page.css?v=1786440974849 was preloaded using link preload but not used within a few seconds from the window's load event. Please make sure it has an appropriate `as` value and it is preloaded intentionally. @ http://localhost:3000/preview/arcstone-growth?frame=1:0
[  900586ms] [WARNING] The resource http://localhost:3000/_next/static/media/e4af272ccee01ff0-s.p.woff2?v=1786440500181 was preloaded using link preload but not used within a few seconds from the window's load event. Please make sure it has an appropriate `as` value and it is preloaded intentionally. @ http://localhost:3000/preview/arcstone-growth?frame=1:0
[  900586ms] [WARNING] The resource http://localhost:3000/_next/static/css/app/layout.css?v=1786440974849 was preloaded using link preload but not used within a few seconds from the window's load event. Please make sure it has an appropriate `as` value and it is preloaded intentionally. @ http://localhost:3000/preview/arcstone-growth?frame=1:0
[  900586ms] [WARNING] The resource http://localhost:3000/_next/static/css/app/layout.css?v=1786441045652 was preloaded using link preload but not used within a few seconds from the window's load event. Please make sure it has an appropriate `as` value and it is preloaded intentionally. @ http://localhost:3000/preview/arcstone-growth?frame=1:0
[  900586ms] [WARNING] The resource http://localhost:3000/_next/static/css/app/layout.css?v=1786440629662 was preloaded using link preload but not used within a few seconds from the window's load event. Please make sure it has an appropriate `as` value and it is preloaded intentionally. @ http://localhost:3000/preview/arcstone-growth?frame=1:0
[  900586ms] [WARNING] The resource http://localhost:3000/_next/static/media/ee40bb094c99a29a-s.p.woff2?v=1786440500181 was preloaded using link preload but not used within a few seconds from the window's load event. Please make sure it has an appropriate `as` value and it is preloaded intentionally. @ http://localhost:3000/preview/arcstone-growth?frame=1:0
[  900586ms] [WARNING] The resource http://localhost:3000/_next/static/media/7b89a4fd5e90ede0-s.p.woff2?v=1786440500181 was preloaded using link preload but not used within a few seconds from the window's load event. Please make sure it has an appropriate `as` value and it is preloaded intentionally. @ http://localhost:3000/preview/arcstone-growth?frame=1:0
[  900586ms] [WARNING] The resource http://localhost:3000/_next/static/css/app/layout.css?v=1786440651449 was preloaded using link preload but not used within a few seconds from the window's load event. Please make sure it has an appropriate `as` value and it is preloaded intentionally. @ http://localhost:3000/preview/arcstone-growth?frame=1:0
[  902368ms] [LOG] [Fast Refresh] rebuilding @ webpack-internal:///(app-pages-browser)/./node_modules/next/dist/next-devtools/shared/forward-logs-shared.js:27
[  904497ms] [LOG] [Fast Refresh] done in 2130ms @ webpack-internal:///(app-pages-browser)/./node_modules/next/dist/next-devtools/shared/forward-logs-shared.js:27
[  907837ms] [LOG] [Fast Refresh] rebuilding @ webpack-internal:///(app-pages-browser)/./node_modules/next/dist/next-devtools/shared/forward-logs-shared.js:27
[  908304ms] [LOG] [Fast Refresh] done in 468ms @ webpack-internal:///(app-pages-browser)/./node_modules/next/dist/next-devtools/shared/forward-logs-shared.js:27
[  910581ms] [LOG] [Fast Refresh] rebuilding @ webpack-internal:///(app-pages-browser)/./node_modules/next/dist/next-devtools/shared/forward-logs-shared.js:27
[  911368ms] [LOG] [Fast Refresh] done in 788ms @ webpack-internal:///(app-pages-browser)/./node_modules/next/dist/next-devtools/shared/forward-logs-shared.js:27
[  913750ms] [LOG] [Fast Refresh] rebuilding @ webpack-internal:///(app-pages-browser)/./node_modules/next/dist/next-devtools/shared/forward-logs-shared.js:27
[  915522ms] [LOG] [Fast Refresh] done in 1772ms @ webpack-internal:///(app-pages-browser)/./node_modules/next/dist/next-devtools/shared/forward-logs-shared.js:27
[  920201ms] [LOG] [Fast Refresh] rebuilding @ webpack-internal:///(app-pages-browser)/./node_modules/next/dist/next-devtools/shared/forward-logs-shared.js:27
[  920586ms] [WARNING] The resource http://localhost:3000/_next/static/media/9dd75fadc5b3df29-s.p.woff2?v=1786440500181 was preloaded using link preload but not used within a few seconds from the window's load event. Please make sure it has an appropriate `as` value and it is preloaded intentionally. @ http://localhost:3000/preview/arcstone-growth?frame=1:0
[  920587ms] [WARNING] The resource http://localhost:3000/_next/static/media/569ce4b8f30dc480-s.p.woff2?v=1786440500181 was preloaded using link preload but not used within a few seconds from the window's load event. Please make sure it has an appropriate `as` value and it is preloaded intentionally. @ http://localhost:3000/preview/arcstone-growth?frame=1:0
[  920587ms] [WARNING] The resource http://localhost:3000/_next/static/css/app/preview/%5BtemplateId%5D/page.css?v=1786440629662 was preloaded using link preload but not used within a few seconds from the window's load event. Please make sure it has an appropriate `as` value and it is preloaded intentionally. @ http://localhost:3000/preview/arcstone-growth?frame=1:0
[  920587ms] [WARNING] The resource http://localhost:3000/_next/static/css/app/preview/%5BtemplateId%5D/page.css?v=1786440651449 was preloaded using link preload but not used within a few seconds from the window's load event. Please make sure it has an appropriate `as` value and it is preloaded intentionally. @ http://localhost:3000/preview/arcstone-growth?frame=1:0
[  920587ms] [WARNING] The resource http://localhost:3000/_next/static/media/eaead17c7dbfcd5d-s.p.woff2?v=1786440500181 was preloaded using link preload but not used within a few seconds from the window's load event. Please make sure it has an appropriate `as` value and it is preloaded intentionally. @ http://localhost:3000/preview/arcstone-growth?frame=1:0
[  920587ms] [WARNING] The resource http://localhost:3000/_next/static/chunks/_app-pages-browser_src_templates_arcstone-growth_template_tsx.js was preloaded using link preload but not used within a few seconds from the window's load event. Please make sure it has an appropriate `as` value and it is preloaded intentionally. @ http://localhost:3000/preview/arcstone-growth?frame=1:0
[  920587ms] [WARNING] The resource http://localhost:3000/_next/static/css/app/layout.css?v=1786440666344 was preloaded using link preload but not used within a few seconds from the window's load event. Please make sure it has an appropriate `as` value and it is preloaded intentionally. @ http://localhost:3000/preview/arcstone-growth?frame=1:0
[  920587ms] [WARNING] The resource http://localhost:3000/_next/static/media/be955174636e5369-s.p.woff2?v=1786440500181 was preloaded using link preload but not used within a few seconds from the window's load event. Please make sure it has an appropriate `as` value and it is preloaded intentionally. @ http://localhost:3000/preview/arcstone-growth?frame=1:0
[  920587ms] [WARNING] The resource http://localhost:3000/_next/static/css/app/preview/%5BtemplateId%5D/page.css?v=1786440666344 was preloaded using link preload but not used within a few seconds from the window's load event. Please make sure it has an appropriate `as` value and it is preloaded intentionally. @ http://localhost:3000/preview/arcstone-growth?frame=1:0
[  920587ms] [WARNING] The resource http://localhost:3000/_next/static/css/app/preview/%5BtemplateId%5D/page.css?v=1786440974849 was preloaded using link preload but not used within a few seconds from the window's load event. Please make sure it has an appropriate `as` value and it is preloaded intentionally. @ http://localhost:3000/preview/arcstone-growth?frame=1:0
[  920587ms] [WARNING] The resource http://localhost:3000/_next/static/media/e4af272ccee01ff0-s.p.woff2?v=1786440500181 was preloaded using link preload but not used within a few seconds from the window's load event. Please make sure it has an appropriate `as` value and it is preloaded intentionally. @ http://localhost:3000/preview/arcstone-growth?frame=1:0
[  920587ms] [WARNING] The resource http://localhost:3000/_next/static/css/app/layout.css?v=1786440974849 was preloaded using link preload but not used within a few seconds from the window's load event. Please make sure it has an appropriate `as` value and it is preloaded intentionally. @ http://localhost:3000/preview/arcstone-growth?frame=1:0
[  920587ms] [WARNING] The resource http://localhost:3000/_next/static/css/app/layout.css?v=1786440629662 was preloaded using link preload but not used within a few seconds from the window's load event. Please make sure it has an appropriate `as` value and it is preloaded intentionally. @ http://localhost:3000/preview/arcstone-growth?frame=1:0
[  920587ms] [WARNING] The resource http://localhost:3000/_next/static/media/ee40bb094c99a29a-s.p.woff2?v=1786440500181 was preloaded using link preload but not used within a few seconds from the window's load event. Please make sure it has an appropriate `as` value and it is preloaded intentionally. @ http://localhost:3000/preview/arcstone-growth?frame=1:0
[  920587ms] [WARNING] The resource http://localhost:3000/_next/static/media/7b89a4fd5e90ede0-s.p.woff2?v=1786440500181 was preloaded using link preload but not used within a few seconds from the window's load event. Please make sure it has an appropriate `as` value and it is preloaded intentionally. @ http://localhost:3000/preview/arcstone-growth?frame=1:0
[  920587ms] [WARNING] The resource http://localhost:3000/_next/static/css/app/layout.css?v=1786440651449 was preloaded using link preload but not used within a few seconds from the window's load event. Please make sure it has an appropriate `as` value and it is preloaded intentionally. @ http://localhost:3000/preview/arcstone-growth?frame=1:0
[  922243ms] [LOG] [Fast Refresh] done in 2042ms @ webpack-internal:///(app-pages-browser)/./node_modules/next/dist/next-devtools/shared/forward-logs-shared.js:27
[  925247ms] [WARNING] The resource http://localhost:3000/_next/static/media/9dd75fadc5b3df29-s.p.woff2?v=1786440500181 was preloaded using link preload but not used within a few seconds from the window's load event. Please make sure it has an appropriate `as` value and it is preloaded intentionally. @ http://localhost:3000/preview/arcstone-growth?frame=1:0
[  925248ms] [WARNING] The resource http://localhost:3000/_next/static/media/569ce4b8f30dc480-s.p.woff2?v=1786440500181 was preloaded using link preload but not used within a few seconds from the window's load event. Please make sure it has an appropriate `as` value and it is preloaded intentionally. @ http://localhost:3000/preview/arcstone-growth?frame=1:0
[  925248ms] [WARNING] The resource http://localhost:3000/_next/static/css/app/preview/%5BtemplateId%5D/page.css?v=1786440629662 was preloaded using link preload but not used within a few seconds from the window's load event. Please make sure it has an appropriate `as` value and it is preloaded intentionally. @ http://localhost:3000/preview/arcstone-growth?frame=1:0
[  925248ms] [WARNING] The resource http://localhost:3000/_next/static/css/app/preview/%5BtemplateId%5D/page.css?v=1786440651449 was preloaded using link preload but not used within a few seconds from the window's load event. Please make sure it has an appropriate `as` value and it is preloaded intentionally. @ http://localhost:3000/preview/arcstone-growth?frame=1:0
[  925248ms] [WARNING] The resource http://localhost:3000/_next/static/media/eaead17c7dbfcd5d-s.p.woff2?v=1786440500181 was preloaded using link preload but not used within a few seconds from the window's load event. Please make sure it has an appropriate `as` value and it is preloaded intentionally. @ http://localhost:3000/preview/arcstone-growth?frame=1:0
[  925249ms] [WARNING] The resource http://localhost:3000/_next/static/chunks/_app-pages-browser_src_templates_arcstone-growth_template_tsx.js was preloaded using link preload but not used within a few seconds from the window's load event. Please make sure it has an appropriate `as` value and it is preloaded intentionally. @ http://localhost:3000/preview/arcstone-growth?frame=1:0
[  925249ms] [WARNING] The resource http://localhost:3000/_next/static/css/app/layout.css?v=1786440666344 was preloaded using link preload but not used within a few seconds from the window's load event. Please make sure it has an appropriate `as` value and it is preloaded intentionally. @ http://localhost:3000/preview/arcstone-growth?frame=1:0
[  925249ms] [WARNING] The resource http://localhost:3000/_next/static/css/app/preview/%5BtemplateId%5D/page.css?v=1786441069810 was preloaded using link preload but not used within a few seconds from the window's load event. Please make sure it has an appropriate `as` value and it is preloaded intentionally. @ http://localhost:3000/preview/arcstone-growth?frame=1:0
[  925249ms] [WARNING] The resource http://localhost:3000/_next/static/media/be955174636e5369-s.p.woff2?v=1786440500181 was preloaded using link preload but not used within a few seconds from the window's load event. Please make sure it has an appropriate `as` value and it is preloaded intentionally. @ http://localhost:3000/preview/arcstone-growth?frame=1:0
[  925249ms] [WARNING] The resource http://localhost:3000/_next/static/css/app/preview/%5BtemplateId%5D/page.css?v=1786440666344 was preloaded using link preload but not used within a few seconds from the window's load event. Please make sure it has an appropriate `as` value and it is preloaded intentionally. @ http://localhost:3000/preview/arcstone-growth?frame=1:0
[  925249ms] [WARNING] The resource http://localhost:3000/_next/static/css/app/preview/%5BtemplateId%5D/page.css?v=1786440974849 was preloaded using link preload but not used within a few seconds from the window's load event. Please make sure it has an appropriate `as` value and it is preloaded intentionally. @ http://localhost:3000/preview/arcstone-growth?frame=1:0
[  925249ms] [WARNING] The resource http://localhost:3000/_next/static/media/e4af272ccee01ff0-s.p.woff2?v=1786440500181 was preloaded using link preload but not used within a few seconds from the window's load event. Please make sure it has an appropriate `as` value and it is preloaded intentionally. @ http://localhost:3000/preview/arcstone-growth?frame=1:0
[  925249ms] [WARNING] The resource http://localhost:3000/_next/static/css/app/layout.css?v=1786441069810 was preloaded using link preload but not used within a few seconds from the window's load event. Please make sure it has an appropriate `as` value and it is preloaded intentionally. @ http://localhost:3000/preview/arcstone-growth?frame=1:0
[  925249ms] [WARNING] The resource http://localhost:3000/_next/static/css/app/layout.css?v=1786440974849 was preloaded using link preload but not used within a few seconds from the window's load event. Please make sure it has an appropriate `as` value and it is preloaded intentionally. @ http://localhost:3000/preview/arcstone-growth?frame=1:0
[  925249ms] [WARNING] The resource http://localhost:3000/_next/static/css/app/layout.css?v=1786440629662 was preloaded using link preload but not used within a few seconds from the window's load event. Please make sure it has an appropriate `as` value and it is preloaded intentionally. @ http://localhost:3000/preview/arcstone-growth?frame=1:0
[  925250ms] [WARNING] The resource http://localhost:3000/_next/static/media/ee40bb094c99a29a-s.p.woff2?v=1786440500181 was preloaded using link preload but not used within a few seconds from the window's load event. Please make sure it has an appropriate `as` value and it is preloaded intentionally. @ http://localhost:3000/preview/arcstone-growth?frame=1:0
[  925250ms] [WARNING] The resource http://localhost:3000/_next/static/media/7b89a4fd5e90ede0-s.p.woff2?v=1786440500181 was preloaded using link preload but not used within a few seconds from the window's load event. Please make sure it has an appropriate `as` value and it is preloaded intentionally. @ http://localhost:3000/preview/arcstone-growth?frame=1:0
[  925250ms] [WARNING] The resource http://localhost:3000/_next/static/css/app/layout.css?v=1786440651449 was preloaded using link preload but not used within a few seconds from the window's load event. Please make sure it has an appropriate `as` value and it is preloaded intentionally. @ http://localhost:3000/preview/arcstone-growth?frame=1:0
[  927799ms] [LOG] [Fast Refresh] rebuilding @ webpack-internal:///(app-pages-browser)/./node_modules/next/dist/next-devtools/shared/forward-logs-shared.js:27
[  929358ms] [LOG] [Fast Refresh] done in 1559ms @ webpack-internal:///(app-pages-browser)/./node_modules/next/dist/next-devtools/shared/forward-logs-shared.js:27
[  931696ms] [LOG] [Fast Refresh] rebuilding @ webpack-internal:///(app-pages-browser)/./node_modules/next/dist/next-devtools/shared/forward-logs-shared.js:27
[  932925ms] [LOG] [Fast Refresh] done in 1229ms @ webpack-internal:///(app-pages-browser)/./node_modules/next/dist/next-devtools/shared/forward-logs-shared.js:27
[  935929ms] [WARNING] The resource http://localhost:3000/_next/static/media/9dd75fadc5b3df29-s.p.woff2?v=1786440500181 was preloaded using link preload but not used within a few seconds from the window's load event. Please make sure it has an appropriate `as` value and it is preloaded intentionally. @ http://localhost:3000/preview/arcstone-growth?frame=1:0
[  935930ms] [WARNING] The resource http://localhost:3000/_next/static/media/569ce4b8f30dc480-s.p.woff2?v=1786440500181 was preloaded using link preload but not used within a few seconds from the window's load event. Please make sure it has an appropriate `as` value and it is preloaded intentionally. @ http://localhost:3000/preview/arcstone-growth?frame=1:0
[  935930ms] [WARNING] The resource http://localhost:3000/_next/static/css/app/preview/%5BtemplateId%5D/page.css?v=1786441080988 was preloaded using link preload but not used within a few seconds from the window's load event. Please make sure it has an appropriate `as` value and it is preloaded intentionally. @ http://localhost:3000/preview/arcstone-growth?frame=1:0
[  935931ms] [WARNING] The resource http://localhost:3000/_next/static/css/app/preview/%5BtemplateId%5D/page.css?v=1786440629662 was preloaded using link preload but not used within a few seconds from the window's load event. Please make sure it has an appropriate `as` value and it is preloaded intentionally. @ http://localhost:3000/preview/arcstone-growth?frame=1:0
[  935931ms] [WARNING] The resource http://localhost:3000/_next/static/css/app/preview/%5BtemplateId%5D/page.css?v=1786440651449 was preloaded using link preload but not used within a few seconds from the window's load event. Please make sure it has an appropriate `as` value and it is preloaded intentionally. @ http://localhost:3000/preview/arcstone-growth?frame=1:0
[  935931ms] [WARNING] The resource http://localhost:3000/_next/static/media/eaead17c7dbfcd5d-s.p.woff2?v=1786440500181 was preloaded using link preload but not used within a few seconds from the window's load event. Please make sure it has an appropriate `as` value and it is preloaded intentionally. @ http://localhost:3000/preview/arcstone-growth?frame=1:0
[  935931ms] [WARNING] The resource http://localhost:3000/_next/static/chunks/_app-pages-browser_src_templates_arcstone-growth_template_tsx.js was preloaded using link preload but not used within a few seconds from the window's load event. Please make sure it has an appropriate `as` value and it is preloaded intentionally. @ http://localhost:3000/preview/arcstone-growth?frame=1:0
[  935931ms] [WARNING] The resource http://localhost:3000/_next/static/css/app/layout.css?v=1786440666344 was preloaded using link preload but not used within a few seconds from the window's load event. Please make sure it has an appropriate `as` value and it is preloaded intentionally. @ http://localhost:3000/preview/arcstone-growth?frame=1:0
[  935931ms] [WARNING] The resource http://localhost:3000/_next/static/media/be955174636e5369-s.p.woff2?v=1786440500181 was preloaded using link preload but not used within a few seconds from the window's load event. Please make sure it has an appropriate `as` value and it is preloaded intentionally. @ http://localhost:3000/preview/arcstone-growth?frame=1:0
[  935931ms] [WARNING] The resource http://localhost:3000/_next/static/css/app/layout.css?v=1786441080988 was preloaded using link preload but not used within a few seconds from the window's load event. Please make sure it has an appropriate `as` value and it is preloaded intentionally. @ http://localhost:3000/preview/arcstone-growth?frame=1:0
[  935932ms] [WARNING] The resource http://localhost:3000/_next/static/css/app/preview/%5BtemplateId%5D/page.css?v=1786440666344 was preloaded using link preload but not used within a few seconds from the window's load event. Please make sure it has an appropriate `as` value and it is preloaded intentionally. @ http://localhost:3000/preview/arcstone-growth?frame=1:0
[  935932ms] [WARNING] The resource http://localhost:3000/_next/static/css/app/preview/%5BtemplateId%5D/page.css?v=1786440974849 was preloaded using link preload but not used within a few seconds from the window's load event. Please make sure it has an appropriate `as` value and it is preloaded intentionally. @ http://localhost:3000/preview/arcstone-growth?frame=1:0
[  935933ms] [WARNING] The resource http://localhost:3000/_next/static/media/e4af272ccee01ff0-s.p.woff2?v=1786440500181 was preloaded using link preload but not used within a few seconds from the window's load event. Please make sure it has an appropriate `as` value and it is preloaded intentionally. @ http://localhost:3000/preview/arcstone-growth?frame=1:0
[  935933ms] [WARNING] The resource http://localhost:3000/_next/static/css/app/layout.css?v=1786440974849 was preloaded using link preload but not used within a few seconds from the window's load event. Please make sure it has an appropriate `as` value and it is preloaded intentionally. @ http://localhost:3000/preview/arcstone-growth?frame=1:0
[  935933ms] [WARNING] The resource http://localhost:3000/_next/static/css/app/layout.css?v=1786440629662 was preloaded using link preload but not used within a few seconds from the window's load event. Please make sure it has an appropriate `as` value and it is preloaded intentionally. @ http://localhost:3000/preview/arcstone-growth?frame=1:0
[  935933ms] [WARNING] The resource http://localhost:3000/_next/static/media/ee40bb094c99a29a-s.p.woff2?v=1786440500181 was preloaded using link preload but not used within a few seconds from the window's load event. Please make sure it has an appropriate `as` value and it is preloaded intentionally. @ http://localhost:3000/preview/arcstone-growth?frame=1:0
[  935933ms] [WARNING] The resource http://localhost:3000/_next/static/media/7b89a4fd5e90ede0-s.p.woff2?v=1786440500181 was preloaded using link preload but not used within a few seconds from the window's load event. Please make sure it has an appropriate `as` value and it is preloaded intentionally. @ http://localhost:3000/preview/arcstone-growth?frame=1:0
[  935933ms] [WARNING] The resource http://localhost:3000/_next/static/css/app/layout.css?v=1786440651449 was preloaded using link preload but not used within a few seconds from the window's load event. Please make sure it has an appropriate `as` value and it is preloaded intentionally. @ http://localhost:3000/preview/arcstone-growth?frame=1:0
[  936892ms] [LOG] [Fast Refresh] rebuilding @ webpack-internal:///(app-pages-browser)/./node_modules/next/dist/next-devtools/shared/forward-logs-shared.js:27
[  938535ms] [LOG] [Fast Refresh] done in 1641ms @ webpack-internal:///(app-pages-browser)/./node_modules/next/dist/next-devtools/shared/forward-logs-shared.js:27
[  941562ms] [WARNING] The resource http://localhost:3000/_next/static/media/9dd75fadc5b3df29-s.p.woff2?v=1786440500181 was preloaded using link preload but not used within a few seconds from the window's load event. Please make sure it has an appropriate `as` value and it is preloaded intentionally. @ http://localhost:3000/preview/arcstone-growth?frame=1:0
[  941563ms] [WARNING] The resource http://localhost:3000/_next/static/media/569ce4b8f30dc480-s.p.woff2?v=1786440500181 was preloaded using link preload but not used within a few seconds from the window's load event. Please make sure it has an appropriate `as` value and it is preloaded intentionally. @ http://localhost:3000/preview/arcstone-growth?frame=1:0
[  941563ms] [WARNING] The resource http://localhost:3000/_next/static/css/app/preview/%5BtemplateId%5D/page.css?v=1786440629662 was preloaded using link preload but not used within a few seconds from the window's load event. Please make sure it has an appropriate `as` value and it is preloaded intentionally. @ http://localhost:3000/preview/arcstone-growth?frame=1:0
[  941563ms] [WARNING] The resource http://localhost:3000/_next/static/css/app/preview/%5BtemplateId%5D/page.css?v=1786440651449 was preloaded using link preload but not used within a few seconds from the window's load event. Please make sure it has an appropriate `as` value and it is preloaded intentionally. @ http://localhost:3000/preview/arcstone-growth?frame=1:0
[  941563ms] [WARNING] The resource http://localhost:3000/_next/static/media/eaead17c7dbfcd5d-s.p.woff2?v=1786440500181 was preloaded using link preload but not used within a few seconds from the window's load event. Please make sure it has an appropriate `as` value and it is preloaded intentionally. @ http://localhost:3000/preview/arcstone-growth?frame=1:0
[  941563ms] [WARNING] The resource http://localhost:3000/_next/static/chunks/_app-pages-browser_src_templates_arcstone-growth_template_tsx.js was preloaded using link preload but not used within a few seconds from the window's load event. Please make sure it has an appropriate `as` value and it is preloaded intentionally. @ http://localhost:3000/preview/arcstone-growth?frame=1:0
[  941563ms] [WARNING] The resource http://localhost:3000/_next/static/css/app/layout.css?v=1786440666344 was preloaded using link preload but not used within a few seconds from the window's load event. Please make sure it has an appropriate `as` value and it is preloaded intentionally. @ http://localhost:3000/preview/arcstone-growth?frame=1:0
[  941563ms] [WARNING] The resource http://localhost:3000/_next/static/media/be955174636e5369-s.p.woff2?v=1786440500181 was preloaded using link preload but not used within a few seconds from the window's load event. Please make sure it has an appropriate `as` value and it is preloaded intentionally. @ http://localhost:3000/preview/arcstone-growth?frame=1:0
[  941563ms] [WARNING] The resource http://localhost:3000/_next/static/css/app/preview/%5BtemplateId%5D/page.css?v=1786440666344 was preloaded using link preload but not used within a few seconds from the window's load event. Please make sure it has an appropriate `as` value and it is preloaded intentionally. @ http://localhost:3000/preview/arcstone-growth?frame=1:0
[  941563ms] [WARNING] The resource http://localhost:3000/_next/static/css/app/preview/%5BtemplateId%5D/page.css?v=1786440974849 was preloaded using link preload but not used within a few seconds from the window's load event. Please make sure it has an appropriate `as` value and it is preloaded intentionally. @ http://localhost:3000/preview/arcstone-growth?frame=1:0
[  941563ms] [WARNING] The resource http://localhost:3000/_next/static/media/e4af272ccee01ff0-s.p.woff2?v=1786440500181 was preloaded using link preload but not used within a few seconds from the window's load event. Please make sure it has an appropriate `as` value and it is preloaded intentionally. @ http://localhost:3000/preview/arcstone-growth?frame=1:0
[  941563ms] [WARNING] The resource http://localhost:3000/_next/static/css/app/layout.css?v=1786440974849 was preloaded using link preload but not used within a few seconds from the window's load event. Please make sure it has an appropriate `as` value and it is preloaded intentionally. @ http://localhost:3000/preview/arcstone-growth?frame=1:0
[  941563ms] [WARNING] The resource http://localhost:3000/_next/static/css/app/layout.css?v=1786441085456 was preloaded using link preload but not used within a few seconds from the window's load event. Please make sure it has an appropriate `as` value and it is preloaded intentionally. @ http://localhost:3000/preview/arcstone-growth?frame=1:0
[  941563ms] [WARNING] The resource http://localhost:3000/_next/static/css/app/layout.css?v=1786440629662 was preloaded using link preload but not used within a few seconds from the window's load event. Please make sure it has an appropriate `as` value and it is preloaded intentionally. @ http://localhost:3000/preview/arcstone-growth?frame=1:0
[  941564ms] [WARNING] The resource http://localhost:3000/_next/static/css/app/preview/%5BtemplateId%5D/page.css?v=1786441085456 was preloaded using link preload but not used within a few seconds from the window's load event. Please make sure it has an appropriate `as` value and it is preloaded intentionally. @ http://localhost:3000/preview/arcstone-growth?frame=1:0
[  941564ms] [WARNING] The resource http://localhost:3000/_next/static/media/ee40bb094c99a29a-s.p.woff2?v=1786440500181 was preloaded using link preload but not used within a few seconds from the window's load event. Please make sure it has an appropriate `as` value and it is preloaded intentionally. @ http://localhost:3000/preview/arcstone-growth?frame=1:0
[  941564ms] [WARNING] The resource http://localhost:3000/_next/static/media/7b89a4fd5e90ede0-s.p.woff2?v=1786440500181 was preloaded using link preload but not used within a few seconds from the window's load event. Please make sure it has an appropriate `as` value and it is preloaded intentionally. @ http://localhost:3000/preview/arcstone-growth?frame=1:0
[  941564ms] [WARNING] The resource http://localhost:3000/_next/static/css/app/layout.css?v=1786440651449 was preloaded using link preload but not used within a few seconds from the window's load event. Please make sure it has an appropriate `as` value and it is preloaded intentionally. @ http://localhost:3000/preview/arcstone-growth?frame=1:0
[  946650ms] [LOG] [Fast Refresh] rebuilding @ webpack-internal:///(app-pages-browser)/./node_modules/next/dist/next-devtools/shared/forward-logs-shared.js:27
[  947047ms] [LOG] [Fast Refresh] done in 396ms @ webpack-internal:///(app-pages-browser)/./node_modules/next/dist/next-devtools/shared/forward-logs-shared.js:27
[  949689ms] [LOG] [Fast Refresh] rebuilding @ webpack-internal:///(app-pages-browser)/./node_modules/next/dist/next-devtools/shared/forward-logs-shared.js:27
[  950530ms] [LOG] [Fast Refresh] done in 842ms @ webpack-internal:///(app-pages-browser)/./node_modules/next/dist/next-devtools/shared/forward-logs-shared.js:27
[  953113ms] [LOG] [Fast Refresh] rebuilding @ webpack-internal:///(app-pages-browser)/./node_modules/next/dist/next-devtools/shared/forward-logs-shared.js:27
[  954512ms] [LOG] [Fast Refresh] done in 1400ms @ webpack-internal:///(app-pages-browser)/./node_modules/next/dist/next-devtools/shared/forward-logs-shared.js:27
[  957517ms] [WARNING] The resource http://localhost:3000/_next/static/media/9dd75fadc5b3df29-s.p.woff2?v=1786440500181 was preloaded using link preload but not used within a few seconds from the window's load event. Please make sure it has an appropriate `as` value and it is preloaded intentionally. @ http://localhost:3000/preview/arcstone-growth?frame=1:0
[  957518ms] [WARNING] The resource http://localhost:3000/_next/static/media/569ce4b8f30dc480-s.p.woff2?v=1786440500181 was preloaded using link preload but not used within a few seconds from the window's load event. Please make sure it has an appropriate `as` value and it is preloaded intentionally. @ http://localhost:3000/preview/arcstone-growth?frame=1:0
[  957518ms] [WARNING] The resource http://localhost:3000/_next/static/css/app/preview/%5BtemplateId%5D/page.css?v=1786440629662 was preloaded using link preload but not used within a few seconds from the window's load event. Please make sure it has an appropriate `as` value and it is preloaded intentionally. @ http://localhost:3000/preview/arcstone-growth?frame=1:0
[  957518ms] [WARNING] The resource http://localhost:3000/_next/static/css/app/preview/%5BtemplateId%5D/page.css?v=1786440651449 was preloaded using link preload but not used within a few seconds from the window's load event. Please make sure it has an appropriate `as` value and it is preloaded intentionally. @ http://localhost:3000/preview/arcstone-growth?frame=1:0
[  957518ms] [WARNING] The resource http://localhost:3000/_next/static/media/eaead17c7dbfcd5d-s.p.woff2?v=1786440500181 was preloaded using link preload but not used within a few seconds from the window's load event. Please make sure it has an appropriate `as` value and it is preloaded intentionally. @ http://localhost:3000/preview/arcstone-growth?frame=1:0
[  957518ms] [WARNING] The resource http://localhost:3000/_next/static/chunks/_app-pages-browser_src_templates_arcstone-growth_template_tsx.js was preloaded using link preload but not used within a few seconds from the window's load event. Please make sure it has an appropriate `as` value and it is preloaded intentionally. @ http://localhost:3000/preview/arcstone-growth?frame=1:0
[  957518ms] [WARNING] The resource http://localhost:3000/_next/static/css/app/layout.css?v=1786440666344 was preloaded using link preload but not used within a few seconds from the window's load event. Please make sure it has an appropriate `as` value and it is preloaded intentionally. @ http://localhost:3000/preview/arcstone-growth?frame=1:0
[  957518ms] [WARNING] The resource http://localhost:3000/_next/static/media/be955174636e5369-s.p.woff2?v=1786440500181 was preloaded using link preload but not used within a few seconds from the window's load event. Please make sure it has an appropriate `as` value and it is preloaded intentionally. @ http://localhost:3000/preview/arcstone-growth?frame=1:0
[  957518ms] [WARNING] The resource http://localhost:3000/_next/static/css/app/preview/%5BtemplateId%5D/page.css?v=1786440666344 was preloaded using link preload but not used within a few seconds from the window's load event. Please make sure it has an appropriate `as` value and it is preloaded intentionally. @ http://localhost:3000/preview/arcstone-growth?frame=1:0
[  957519ms] [WARNING] The resource http://localhost:3000/_next/static/css/app/preview/%5BtemplateId%5D/page.css?v=1786440974849 was preloaded using link preload but not used within a few seconds from the window's load event. Please make sure it has an appropriate `as` value and it is preloaded intentionally. @ http://localhost:3000/preview/arcstone-growth?frame=1:0
[  957519ms] [WARNING] The resource http://localhost:3000/_next/static/media/e4af272ccee01ff0-s.p.woff2?v=1786440500181 was preloaded using link preload but not used within a few seconds from the window's load event. Please make sure it has an appropriate `as` value and it is preloaded intentionally. @ http://localhost:3000/preview/arcstone-growth?frame=1:0
[  957519ms] [WARNING] The resource http://localhost:3000/_next/static/css/app/layout.css?v=1786440974849 was preloaded using link preload but not used within a few seconds from the window's load event. Please make sure it has an appropriate `as` value and it is preloaded intentionally. @ http://localhost:3000/preview/arcstone-growth?frame=1:0
[  957519ms] [WARNING] The resource http://localhost:3000/_next/static/css/app/layout.css?v=1786440629662 was preloaded using link preload but not used within a few seconds from the window's load event. Please make sure it has an appropriate `as` value and it is preloaded intentionally. @ http://localhost:3000/preview/arcstone-growth?frame=1:0
[  957519ms] [WARNING] The resource http://localhost:3000/_next/static/media/ee40bb094c99a29a-s.p.woff2?v=1786440500181 was preloaded using link preload but not used within a few seconds from the window's load event. Please make sure it has an appropriate `as` value and it is preloaded intentionally. @ http://localhost:3000/preview/arcstone-growth?frame=1:0
[  957519ms] [WARNING] The resource http://localhost:3000/_next/static/media/7b89a4fd5e90ede0-s.p.woff2?v=1786440500181 was preloaded using link preload but not used within a few seconds from the window's load event. Please make sure it has an appropriate `as` value and it is preloaded intentionally. @ http://localhost:3000/preview/arcstone-growth?frame=1:0
[  957519ms] [WARNING] The resource http://localhost:3000/_next/static/css/app/layout.css?v=1786440651449 was preloaded using link preload but not used within a few seconds from the window's load event. Please make sure it has an appropriate `as` value and it is preloaded intentionally. @ http://localhost:3000/preview/arcstone-growth?frame=1:0
[  959043ms] [LOG] [Fast Refresh] rebuilding @ webpack-internal:///(app-pages-browser)/./node_modules/next/dist/next-devtools/shared/forward-logs-shared.js:27
[  959966ms] [LOG] [Fast Refresh] done in 924ms @ webpack-internal:///(app-pages-browser)/./node_modules/next/dist/next-devtools/shared/forward-logs-shared.js:27
[  962969ms] [WARNING] The resource http://localhost:3000/_next/static/media/9dd75fadc5b3df29-s.p.woff2?v=1786440500181 was preloaded using link preload but not used within a few seconds from the window's load event. Please make sure it has an appropriate `as` value and it is preloaded intentionally. @ http://localhost:3000/preview/arcstone-growth?frame=1:0
[  962973ms] [WARNING] The resource http://localhost:3000/_next/static/media/569ce4b8f30dc480-s.p.woff2?v=1786440500181 was preloaded using link preload but not used within a few seconds from the window's load event. Please make sure it has an appropriate `as` value and it is preloaded intentionally. @ http://localhost:3000/preview/arcstone-growth?frame=1:0
[  962973ms] [WARNING] The resource http://localhost:3000/_next/static/css/app/preview/%5BtemplateId%5D/page.css?v=1786440629662 was preloaded using link preload but not used within a few seconds from the window's load event. Please make sure it has an appropriate `as` value and it is preloaded intentionally. @ http://localhost:3000/preview/arcstone-growth?frame=1:0
[  962973ms] [WARNING] The resource http://localhost:3000/_next/static/css/app/preview/%5BtemplateId%5D/page.css?v=1786440651449 was preloaded using link preload but not used within a few seconds from the window's load event. Please make sure it has an appropriate `as` value and it is preloaded intentionally. @ http://localhost:3000/preview/arcstone-growth?frame=1:0
[  962975ms] [WARNING] The resource http://localhost:3000/_next/static/media/eaead17c7dbfcd5d-s.p.woff2?v=1786440500181 was preloaded using link preload but not used within a few seconds from the window's load event. Please make sure it has an appropriate `as` value and it is preloaded intentionally. @ http://localhost:3000/preview/arcstone-growth?frame=1:0
[  962975ms] [WARNING] The resource http://localhost:3000/_next/static/chunks/_app-pages-browser_src_templates_arcstone-growth_template_tsx.js was preloaded using link preload but not used within a few seconds from the window's load event. Please make sure it has an appropriate `as` value and it is preloaded intentionally. @ http://localhost:3000/preview/arcstone-growth?frame=1:0
[  962976ms] [WARNING] The resource http://localhost:3000/_next/static/css/app/layout.css?v=1786440666344 was preloaded using link preload but not used within a few seconds from the window's load event. Please make sure it has an appropriate `as` value and it is preloaded intentionally. @ http://localhost:3000/preview/arcstone-growth?frame=1:0
[  962976ms] [WARNING] The resource http://localhost:3000/_next/static/media/be955174636e5369-s.p.woff2?v=1786440500181 was preloaded using link preload but not used within a few seconds from the window's load event. Please make sure it has an appropriate `as` value and it is preloaded intentionally. @ http://localhost:3000/preview/arcstone-growth?frame=1:0
[  962976ms] [WARNING] The resource http://localhost:3000/_next/static/css/app/preview/%5BtemplateId%5D/page.css?v=1786440666344 was preloaded using link preload but not used within a few seconds from the window's load event. Please make sure it has an appropriate `as` value and it is preloaded intentionally. @ http://localhost:3000/preview/arcstone-growth?frame=1:0
[  962977ms] [WARNING] The resource http://localhost:3000/_next/static/css/app/preview/%5BtemplateId%5D/page.css?v=1786440974849 was preloaded using link preload but not used within a few seconds from the window's load event. Please make sure it has an appropriate `as` value and it is preloaded intentionally. @ http://localhost:3000/preview/arcstone-growth?frame=1:0
[  962978ms] [WARNING] The resource http://localhost:3000/_next/static/media/e4af272ccee01ff0-s.p.woff2?v=1786440500181 was preloaded using link preload but not used within a few seconds from the window's load event. Please make sure it has an appropriate `as` value and it is preloaded intentionally. @ http://localhost:3000/preview/arcstone-growth?frame=1:0
[  962978ms] [WARNING] The resource http://localhost:3000/_next/static/css/app/layout.css?v=1786441108063 was preloaded using link preload but not used within a few seconds from the window's load event. Please make sure it has an appropriate `as` value and it is preloaded intentionally. @ http://localhost:3000/preview/arcstone-growth?frame=1:0
[  962978ms] [WARNING] The resource http://localhost:3000/_next/static/css/app/layout.css?v=1786440974849 was preloaded using link preload but not used within a few seconds from the window's load event. Please make sure it has an appropriate `as` value and it is preloaded intentionally. @ http://localhost:3000/preview/arcstone-growth?frame=1:0
[  962978ms] [WARNING] The resource http://localhost:3000/_next/static/css/app/layout.css?v=1786440629662 was preloaded using link preload but not used within a few seconds from the window's load event. Please make sure it has an appropriate `as` value and it is preloaded intentionally. @ http://localhost:3000/preview/arcstone-growth?frame=1:0
[  962978ms] [WARNING] The resource http://localhost:3000/_next/static/media/ee40bb094c99a29a-s.p.woff2?v=1786440500181 was preloaded using link preload but not used within a few seconds from the window's load event. Please make sure it has an appropriate `as` value and it is preloaded intentionally. @ http://localhost:3000/preview/arcstone-growth?frame=1:0
[  962978ms] [WARNING] The resource http://localhost:3000/_next/static/media/7b89a4fd5e90ede0-s.p.woff2?v=1786440500181 was preloaded using link preload but not used within a few seconds from the window's load event. Please make sure it has an appropriate `as` value and it is preloaded intentionally. @ http://localhost:3000/preview/arcstone-growth?frame=1:0
[  962979ms] [WARNING] The resource http://localhost:3000/_next/static/css/app/layout.css?v=1786440651449 was preloaded using link preload but not used within a few seconds from the window's load event. Please make sure it has an appropriate `as` value and it is preloaded intentionally. @ http://localhost:3000/preview/arcstone-growth?frame=1:0
[  962979ms] [WARNING] The resource http://localhost:3000/_next/static/css/app/preview/%5BtemplateId%5D/page.css?v=1786441108063 was preloaded using link preload but not used within a few seconds from the window's load event. Please make sure it has an appropriate `as` value and it is preloaded intentionally. @ http://localhost:3000/preview/arcstone-growth?frame=1:0
[  963714ms] [LOG] [Fast Refresh] rebuilding @ webpack-internal:///(app-pages-browser)/./node_modules/next/dist/next-devtools/shared/forward-logs-shared.js:27
[  965106ms] [LOG] [Fast Refresh] done in 1393ms @ webpack-internal:///(app-pages-browser)/./node_modules/next/dist/next-devtools/shared/forward-logs-shared.js:27
[  968115ms] [WARNING] The resource http://localhost:3000/_next/static/media/9dd75fadc5b3df29-s.p.woff2?v=1786440500181 was preloaded using link preload but not used within a few seconds from the window's load event. Please make sure it has an appropriate `as` value and it is preloaded intentionally. @ http://localhost:3000/preview/arcstone-growth?frame=1:0
[  968117ms] [WARNING] The resource http://localhost:3000/_next/static/media/569ce4b8f30dc480-s.p.woff2?v=1786440500181 was preloaded using link preload but not used within a few seconds from the window's load event. Please make sure it has an appropriate `as` value and it is preloaded intentionally. @ http://localhost:3000/preview/arcstone-growth?frame=1:0
[  968118ms] [WARNING] The resource http://localhost:3000/_next/static/css/app/preview/%5BtemplateId%5D/page.css?v=1786440629662 was preloaded using link preload but not used within a few seconds from the window's load event. Please make sure it has an appropriate `as` value and it is preloaded intentionally. @ http://localhost:3000/preview/arcstone-growth?frame=1:0
[  968118ms] [WARNING] The resource http://localhost:3000/_next/static/css/app/preview/%5BtemplateId%5D/page.css?v=1786440651449 was preloaded using link preload but not used within a few seconds from the window's load event. Please make sure it has an appropriate `as` value and it is preloaded intentionally. @ http://localhost:3000/preview/arcstone-growth?frame=1:0
[  968118ms] [WARNING] The resource http://localhost:3000/_next/static/media/eaead17c7dbfcd5d-s.p.woff2?v=1786440500181 was preloaded using link preload but not used within a few seconds from the window's load event. Please make sure it has an appropriate `as` value and it is preloaded intentionally. @ http://localhost:3000/preview/arcstone-growth?frame=1:0
[  968119ms] [WARNING] The resource http://localhost:3000/_next/static/chunks/_app-pages-browser_src_templates_arcstone-growth_template_tsx.js was preloaded using link preload but not used within a few seconds from the window's load event. Please make sure it has an appropriate `as` value and it is preloaded intentionally. @ http://localhost:3000/preview/arcstone-growth?frame=1:0
[  968119ms] [WARNING] The resource http://localhost:3000/_next/static/css/app/layout.css?v=1786440666344 was preloaded using link preload but not used within a few seconds from the window's load event. Please make sure it has an appropriate `as` value and it is preloaded intentionally. @ http://localhost:3000/preview/arcstone-growth?frame=1:0
[  968119ms] [WARNING] The resource http://localhost:3000/_next/static/css/app/layout.css?v=1786441112179 was preloaded using link preload but not used within a few seconds from the window's load event. Please make sure it has an appropriate `as` value and it is preloaded intentionally. @ http://localhost:3000/preview/arcstone-growth?frame=1:0
[  968119ms] [WARNING] The resource http://localhost:3000/_next/static/media/be955174636e5369-s.p.woff2?v=1786440500181 was preloaded using link preload but not used within a few seconds from the window's load event. Please make sure it has an appropriate `as` value and it is preloaded intentionally. @ http://localhost:3000/preview/arcstone-growth?frame=1:0
[  968119ms] [WARNING] The resource http://localhost:3000/_next/static/css/app/preview/%5BtemplateId%5D/page.css?v=1786440666344 was preloaded using link preload but not used within a few seconds from the window's load event. Please make sure it has an appropriate `as` value and it is preloaded intentionally. @ http://localhost:3000/preview/arcstone-growth?frame=1:0
[  968119ms] [WARNING] The resource http://localhost:3000/_next/static/css/app/preview/%5BtemplateId%5D/page.css?v=1786440974849 was preloaded using link preload but not used within a few seconds from the window's load event. Please make sure it has an appropriate `as` value and it is preloaded intentionally. @ http://localhost:3000/preview/arcstone-growth?frame=1:0
[  968119ms] [WARNING] The resource http://localhost:3000/_next/static/css/app/preview/%5BtemplateId%5D/page.css?v=1786441112179 was preloaded using link preload but not used within a few seconds from the window's load event. Please make sure it has an appropriate `as` value and it is preloaded intentionally. @ http://localhost:3000/preview/arcstone-growth?frame=1:0
[  968120ms] [WARNING] The resource http://localhost:3000/_next/static/media/e4af272ccee01ff0-s.p.woff2?v=1786440500181 was preloaded using link preload but not used within a few seconds from the window's load event. Please make sure it has an appropriate `as` value and it is preloaded intentionally. @ http://localhost:3000/preview/arcstone-growth?frame=1:0
[  968120ms] [WARNING] The resource http://localhost:3000/_next/static/css/app/layout.css?v=1786440974849 was preloaded using link preload but not used within a few seconds from the window's load event. Please make sure it has an appropriate `as` value and it is preloaded intentionally. @ http://localhost:3000/preview/arcstone-growth?frame=1:0
[  968120ms] [WARNING] The resource http://localhost:3000/_next/static/css/app/layout.css?v=1786440629662 was preloaded using link preload but not used within a few seconds from the window's load event. Please make sure it has an appropriate `as` value and it is preloaded intentionally. @ http://localhost:3000/preview/arcstone-growth?frame=1:0
[  968120ms] [WARNING] The resource http://localhost:3000/_next/static/media/ee40bb094c99a29a-s.p.woff2?v=1786440500181 was preloaded using link preload but not used within a few seconds from the window's load event. Please make sure it has an appropriate `as` value and it is preloaded intentionally. @ http://localhost:3000/preview/arcstone-growth?frame=1:0
[  968120ms] [WARNING] The resource http://localhost:3000/_next/static/media/7b89a4fd5e90ede0-s.p.woff2?v=1786440500181 was preloaded using link preload but not used within a few seconds from the window's load event. Please make sure it has an appropriate `as` value and it is preloaded intentionally. @ http://localhost:3000/preview/arcstone-growth?frame=1:0
[  968120ms] [WARNING] The resource http://localhost:3000/_next/static/css/app/layout.css?v=1786440651449 was preloaded using link preload but not used within a few seconds from the window's load event. Please make sure it has an appropriate `as` value and it is preloaded intentionally. @ http://localhost:3000/preview/arcstone-growth?frame=1:0
[  971686ms] [LOG] [Fast Refresh] rebuilding @ webpack-internal:///(app-pages-browser)/./node_modules/next/dist/next-devtools/shared/forward-logs-shared.js:27
[  972390ms] [LOG] [Fast Refresh] done in 704ms @ webpack-internal:///(app-pages-browser)/./node_modules/next/dist/next-devtools/shared/forward-logs-shared.js:27
[  975022ms] [LOG] [Fast Refresh] rebuilding @ webpack-internal:///(app-pages-browser)/./node_modules/next/dist/next-devtools/shared/forward-logs-shared.js:27
[  975590ms] [LOG] [Fast Refresh] done in 567ms @ webpack-internal:///(app-pages-browser)/./node_modules/next/dist/next-devtools/shared/forward-logs-shared.js:27
[  977939ms] [LOG] [Fast Refresh] rebuilding @ webpack-internal:///(app-pages-browser)/./node_modules/next/dist/next-devtools/shared/forward-logs-shared.js:27
[  980722ms] [LOG] [Fast Refresh] done in 2783ms @ webpack-internal:///(app-pages-browser)/./node_modules/next/dist/next-devtools/shared/forward-logs-shared.js:27
[  982921ms] [LOG] [Fast Refresh] rebuilding @ webpack-internal:///(app-pages-browser)/./node_modules/next/dist/next-devtools/shared/forward-logs-shared.js:27
[  984730ms] [LOG] [Fast Refresh] done in 1809ms @ webpack-internal:///(app-pages-browser)/./node_modules/next/dist/next-devtools/shared/forward-logs-shared.js:27
[  987413ms] [LOG] [Fast Refresh] rebuilding @ webpack-internal:///(app-pages-browser)/./node_modules/next/dist/next-devtools/shared/forward-logs-shared.js:27
[  987738ms] [WARNING] The resource http://localhost:3000/_next/static/media/9dd75fadc5b3df29-s.p.woff2?v=1786440500181 was preloaded using link preload but not used within a few seconds from the window's load event. Please make sure it has an appropriate `as` value and it is preloaded intentionally. @ http://localhost:3000/preview/arcstone-growth?frame=1:0
[  987738ms] [WARNING] The resource http://localhost:3000/_next/static/media/569ce4b8f30dc480-s.p.woff2?v=1786440500181 was preloaded using link preload but not used within a few seconds from the window's load event. Please make sure it has an appropriate `as` value and it is preloaded intentionally. @ http://localhost:3000/preview/arcstone-growth?frame=1:0
[  987739ms] [WARNING] The resource http://localhost:3000/_next/static/css/app/preview/%5BtemplateId%5D/page.css?v=1786440629662 was preloaded using link preload but not used within a few seconds from the window's load event. Please make sure it has an appropriate `as` value and it is preloaded intentionally. @ http://localhost:3000/preview/arcstone-growth?frame=1:0
[  987739ms] [WARNING] The resource http://localhost:3000/_next/static/css/app/preview/%5BtemplateId%5D/page.css?v=1786440651449 was preloaded using link preload but not used within a few seconds from the window's load event. Please make sure it has an appropriate `as` value and it is preloaded intentionally. @ http://localhost:3000/preview/arcstone-growth?frame=1:0
[  987739ms] [WARNING] The resource http://localhost:3000/_next/static/media/eaead17c7dbfcd5d-s.p.woff2?v=1786440500181 was preloaded using link preload but not used within a few seconds from the window's load event. Please make sure it has an appropriate `as` value and it is preloaded intentionally. @ http://localhost:3000/preview/arcstone-growth?frame=1:0
[  987739ms] [WARNING] The resource http://localhost:3000/_next/static/chunks/_app-pages-browser_src_templates_arcstone-growth_template_tsx.js was preloaded using link preload but not used within a few seconds from the window's load event. Please make sure it has an appropriate `as` value and it is preloaded intentionally. @ http://localhost:3000/preview/arcstone-growth?frame=1:0
[  987739ms] [WARNING] The resource http://localhost:3000/_next/static/css/app/layout.css?v=1786440666344 was preloaded using link preload but not used within a few seconds from the window's load event. Please make sure it has an appropriate `as` value and it is preloaded intentionally. @ http://localhost:3000/preview/arcstone-growth?frame=1:0
[  987739ms] [WARNING] The resource http://localhost:3000/_next/static/media/be955174636e5369-s.p.woff2?v=1786440500181 was preloaded using link preload but not used within a few seconds from the window's load event. Please make sure it has an appropriate `as` value and it is preloaded intentionally. @ http://localhost:3000/preview/arcstone-growth?frame=1:0
[  987739ms] [WARNING] The resource http://localhost:3000/_next/static/css/app/preview/%5BtemplateId%5D/page.css?v=1786440666344 was preloaded using link preload but not used within a few seconds from the window's load event. Please make sure it has an appropriate `as` value and it is preloaded intentionally. @ http://localhost:3000/preview/arcstone-growth?frame=1:0
[  987739ms] [WARNING] The resource http://localhost:3000/_next/static/css/app/preview/%5BtemplateId%5D/page.css?v=1786440974849 was preloaded using link preload but not used within a few seconds from the window's load event. Please make sure it has an appropriate `as` value and it is preloaded intentionally. @ http://localhost:3000/preview/arcstone-growth?frame=1:0
[  987739ms] [WARNING] The resource http://localhost:3000/_next/static/media/e4af272ccee01ff0-s.p.woff2?v=1786440500181 was preloaded using link preload but not used within a few seconds from the window's load event. Please make sure it has an appropriate `as` value and it is preloaded intentionally. @ http://localhost:3000/preview/arcstone-growth?frame=1:0
[  987739ms] [WARNING] The resource http://localhost:3000/_next/static/css/app/layout.css?v=1786440974849 was preloaded using link preload but not used within a few seconds from the window's load event. Please make sure it has an appropriate `as` value and it is preloaded intentionally. @ http://localhost:3000/preview/arcstone-growth?frame=1:0
[  987739ms] [WARNING] The resource http://localhost:3000/_next/static/css/app/layout.css?v=1786440629662 was preloaded using link preload but not used within a few seconds from the window's load event. Please make sure it has an appropriate `as` value and it is preloaded intentionally. @ http://localhost:3000/preview/arcstone-growth?frame=1:0
[  987739ms] [WARNING] The resource http://localhost:3000/_next/static/media/ee40bb094c99a29a-s.p.woff2?v=1786440500181 was preloaded using link preload but not used within a few seconds from the window's load event. Please make sure it has an appropriate `as` value and it is preloaded intentionally. @ http://localhost:3000/preview/arcstone-growth?frame=1:0
[  987739ms] [WARNING] The resource http://localhost:3000/_next/static/media/7b89a4fd5e90ede0-s.p.woff2?v=1786440500181 was preloaded using link preload but not used within a few seconds from the window's load event. Please make sure it has an appropriate `as` value and it is preloaded intentionally. @ http://localhost:3000/preview/arcstone-growth?frame=1:0
[  987739ms] [WARNING] The resource http://localhost:3000/_next/static/css/app/layout.css?v=1786440651449 was preloaded using link preload but not used within a few seconds from the window's load event. Please make sure it has an appropriate `as` value and it is preloaded intentionally. @ http://localhost:3000/preview/arcstone-growth?frame=1:0
[  988377ms] [LOG] [Fast Refresh] done in 963ms @ webpack-internal:///(app-pages-browser)/./node_modules/next/dist/next-devtools/shared/forward-logs-shared.js:27
[  991378ms] [WARNING] The resource http://localhost:3000/_next/static/media/9dd75fadc5b3df29-s.p.woff2?v=1786440500181 was preloaded using link preload but not used within a few seconds from the window's load event. Please make sure it has an appropriate `as` value and it is preloaded intentionally. @ http://localhost:3000/preview/arcstone-growth?frame=1:0
[  991379ms] [WARNING] The resource http://localhost:3000/_next/static/media/569ce4b8f30dc480-s.p.woff2?v=1786440500181 was preloaded using link preload but not used within a few seconds from the window's load event. Please make sure it has an appropriate `as` value and it is preloaded intentionally. @ http://localhost:3000/preview/arcstone-growth?frame=1:0
[  991379ms] [WARNING] The resource http://localhost:3000/_next/static/css/app/preview/%5BtemplateId%5D/page.css?v=1786440629662 was preloaded using link preload but not used within a few seconds from the window's load event. Please make sure it has an appropriate `as` value and it is preloaded intentionally. @ http://localhost:3000/preview/arcstone-growth?frame=1:0
[  991379ms] [WARNING] The resource http://localhost:3000/_next/static/css/app/preview/%5BtemplateId%5D/page.css?v=1786440651449 was preloaded using link preload but not used within a few seconds from the window's load event. Please make sure it has an appropriate `as` value and it is preloaded intentionally. @ http://localhost:3000/preview/arcstone-growth?frame=1:0
[  991379ms] [WARNING] The resource http://localhost:3000/_next/static/media/eaead17c7dbfcd5d-s.p.woff2?v=1786440500181 was preloaded using link preload but not used within a few seconds from the window's load event. Please make sure it has an appropriate `as` value and it is preloaded intentionally. @ http://localhost:3000/preview/arcstone-growth?frame=1:0
[  991379ms] [WARNING] The resource http://localhost:3000/_next/static/chunks/_app-pages-browser_src_templates_arcstone-growth_template_tsx.js was preloaded using link preload but not used within a few seconds from the window's load event. Please make sure it has an appropriate `as` value and it is preloaded intentionally. @ http://localhost:3000/preview/arcstone-growth?frame=1:0
[  991379ms] [WARNING] The resource http://localhost:3000/_next/static/css/app/layout.css?v=1786440666344 was preloaded using link preload but not used within a few seconds from the window's load event. Please make sure it has an appropriate `as` value and it is preloaded intentionally. @ http://localhost:3000/preview/arcstone-growth?frame=1:0
[  991379ms] [WARNING] The resource http://localhost:3000/_next/static/media/be955174636e5369-s.p.woff2?v=1786440500181 was preloaded using link preload but not used within a few seconds from the window's load event. Please make sure it has an appropriate `as` value and it is preloaded intentionally. @ http://localhost:3000/preview/arcstone-growth?frame=1:0
[  991379ms] [WARNING] The resource http://localhost:3000/_next/static/css/app/preview/%5BtemplateId%5D/page.css?v=1786441136481 was preloaded using link preload but not used within a few seconds from the window's load event. Please make sure it has an appropriate `as` value and it is preloaded intentionally. @ http://localhost:3000/preview/arcstone-growth?frame=1:0
[  991380ms] [WARNING] The resource http://localhost:3000/_next/static/css/app/preview/%5BtemplateId%5D/page.css?v=1786440666344 was preloaded using link preload but not used within a few seconds from the window's load event. Please make sure it has an appropriate `as` value and it is preloaded intentionally. @ http://localhost:3000/preview/arcstone-growth?frame=1:0
[  991380ms] [WARNING] The resource http://localhost:3000/_next/static/css/app/preview/%5BtemplateId%5D/page.css?v=1786440974849 was preloaded using link preload but not used within a few seconds from the window's load event. Please make sure it has an appropriate `as` value and it is preloaded intentionally. @ http://localhost:3000/preview/arcstone-growth?frame=1:0
[  991380ms] [WARNING] The resource http://localhost:3000/_next/static/media/e4af272ccee01ff0-s.p.woff2?v=1786440500181 was preloaded using link preload but not used within a few seconds from the window's load event. Please make sure it has an appropriate `as` value and it is preloaded intentionally. @ http://localhost:3000/preview/arcstone-growth?frame=1:0
[  991380ms] [WARNING] The resource http://localhost:3000/_next/static/css/app/layout.css?v=1786440974849 was preloaded using link preload but not used within a few seconds from the window's load event. Please make sure it has an appropriate `as` value and it is preloaded intentionally. @ http://localhost:3000/preview/arcstone-growth?frame=1:0
[  991380ms] [WARNING] The resource http://localhost:3000/_next/static/css/app/layout.css?v=1786440629662 was preloaded using link preload but not used within a few seconds from the window's load event. Please make sure it has an appropriate `as` value and it is preloaded intentionally. @ http://localhost:3000/preview/arcstone-growth?frame=1:0
[  991380ms] [WARNING] The resource http://localhost:3000/_next/static/media/ee40bb094c99a29a-s.p.woff2?v=1786440500181 was preloaded using link preload but not used within a few seconds from the window's load event. Please make sure it has an appropriate `as` value and it is preloaded intentionally. @ http://localhost:3000/preview/arcstone-growth?frame=1:0
[  991380ms] [WARNING] The resource http://localhost:3000/_next/static/media/7b89a4fd5e90ede0-s.p.woff2?v=1786440500181 was preloaded using link preload but not used within a few seconds from the window's load event. Please make sure it has an appropriate `as` value and it is preloaded intentionally. @ http://localhost:3000/preview/arcstone-growth?frame=1:0
[  991380ms] [WARNING] The resource http://localhost:3000/_next/static/css/app/layout.css?v=1786441136481 was preloaded using link preload but not used within a few seconds from the window's load event. Please make sure it has an appropriate `as` value and it is preloaded intentionally. @ http://localhost:3000/preview/arcstone-growth?frame=1:0
[  991380ms] [WARNING] The resource http://localhost:3000/_next/static/css/app/layout.css?v=1786440651449 was preloaded using link preload but not used within a few seconds from the window's load event. Please make sure it has an appropriate `as` value and it is preloaded intentionally. @ http://localhost:3000/preview/arcstone-growth?frame=1:0
[  993929ms] [LOG] [Fast Refresh] rebuilding @ webpack-internal:///(app-pages-browser)/./node_modules/next/dist/next-devtools/shared/forward-logs-shared.js:27
[  994242ms] [LOG] [Fast Refresh] done in 313ms @ webpack-internal:///(app-pages-browser)/./node_modules/next/dist/next-devtools/shared/forward-logs-shared.js:27
[  995894ms] [LOG] [Fast Refresh] rebuilding @ webpack-internal:///(app-pages-browser)/./node_modules/next/dist/next-devtools/shared/forward-logs-shared.js:27
[  998079ms] [LOG] [Fast Refresh] done in 2185ms @ webpack-internal:///(app-pages-browser)/./node_modules/next/dist/next-devtools/shared/forward-logs-shared.js:27
[ 1000348ms] [LOG] [Fast Refresh] rebuilding @ webpack-internal:///(app-pages-browser)/./node_modules/next/dist/next-devtools/shared/forward-logs-shared.js:27
[ 1001660ms] [LOG] [Fast Refresh] done in 1312ms @ webpack-internal:///(app-pages-browser)/./node_modules/next/dist/next-devtools/shared/forward-logs-shared.js:27
[ 1003528ms] [LOG] [Fast Refresh] rebuilding @ webpack-internal:///(app-pages-browser)/./node_modules/next/dist/next-devtools/shared/forward-logs-shared.js:27
[ 1005057ms] [LOG] [Fast Refresh] done in 1530ms @ webpack-internal:///(app-pages-browser)/./node_modules/next/dist/next-devtools/shared/forward-logs-shared.js:27
[ 1006105ms] [LOG] [Fast Refresh] rebuilding @ webpack-internal:///(app-pages-browser)/./node_modules/next/dist/next-devtools/shared/forward-logs-shared.js:27
[ 1006537ms] [LOG] [Fast Refresh] done in 432ms @ webpack-internal:///(app-pages-browser)/./node_modules/next/dist/next-devtools/shared/forward-logs-shared.js:27
[ 1009547ms] [WARNING] The resource http://localhost:3000/_next/static/media/9dd75fadc5b3df29-s.p.woff2?v=1786440500181 was preloaded using link preload but not used within a few seconds from the window's load event. Please make sure it has an appropriate `as` value and it is preloaded intentionally. @ http://localhost:3000/preview/arcstone-growth?frame=1:0
[ 1009549ms] [WARNING] The resource http://localhost:3000/_next/static/media/569ce4b8f30dc480-s.p.woff2?v=1786440500181 was preloaded using link preload but not used within a few seconds from the window's load event. Please make sure it has an appropriate `as` value and it is preloaded intentionally. @ http://localhost:3000/preview/arcstone-growth?frame=1:0
[ 1009549ms] [WARNING] The resource http://localhost:3000/_next/static/css/app/preview/%5BtemplateId%5D/page.css?v=1786440629662 was preloaded using link preload but not used within a few seconds from the window's load event. Please make sure it has an appropriate `as` value and it is preloaded intentionally. @ http://localhost:3000/preview/arcstone-growth?frame=1:0
[ 1009549ms] [WARNING] The resource http://localhost:3000/_next/static/css/app/preview/%5BtemplateId%5D/page.css?v=1786440651449 was preloaded using link preload but not used within a few seconds from the window's load event. Please make sure it has an appropriate `as` value and it is preloaded intentionally. @ http://localhost:3000/preview/arcstone-growth?frame=1:0
[ 1009549ms] [WARNING] The resource http://localhost:3000/_next/static/media/eaead17c7dbfcd5d-s.p.woff2?v=1786440500181 was preloaded using link preload but not used within a few seconds from the window's load event. Please make sure it has an appropriate `as` value and it is preloaded intentionally. @ http://localhost:3000/preview/arcstone-growth?frame=1:0
[ 1009549ms] [WARNING] The resource http://localhost:3000/_next/static/chunks/_app-pages-browser_src_templates_arcstone-growth_template_tsx.js was preloaded using link preload but not used within a few seconds from the window's load event. Please make sure it has an appropriate `as` value and it is preloaded intentionally. @ http://localhost:3000/preview/arcstone-growth?frame=1:0
[ 1009549ms] [WARNING] The resource http://localhost:3000/_next/static/css/app/layout.css?v=1786440666344 was preloaded using link preload but not used within a few seconds from the window's load event. Please make sure it has an appropriate `as` value and it is preloaded intentionally. @ http://localhost:3000/preview/arcstone-growth?frame=1:0
[ 1009549ms] [WARNING] The resource http://localhost:3000/_next/static/media/be955174636e5369-s.p.woff2?v=1786440500181 was preloaded using link preload but not used within a few seconds from the window's load event. Please make sure it has an appropriate `as` value and it is preloaded intentionally. @ http://localhost:3000/preview/arcstone-growth?frame=1:0
[ 1009549ms] [WARNING] The resource http://localhost:3000/_next/static/css/app/preview/%5BtemplateId%5D/page.css?v=1786440666344 was preloaded using link preload but not used within a few seconds from the window's load event. Please make sure it has an appropriate `as` value and it is preloaded intentionally. @ http://localhost:3000/preview/arcstone-growth?frame=1:0
[ 1009549ms] [WARNING] The resource http://localhost:3000/_next/static/css/app/preview/%5BtemplateId%5D/page.css?v=1786440974849 was preloaded using link preload but not used within a few seconds from the window's load event. Please make sure it has an appropriate `as` value and it is preloaded intentionally. @ http://localhost:3000/preview/arcstone-growth?frame=1:0
[ 1009550ms] [WARNING] The resource http://localhost:3000/_next/static/media/e4af272ccee01ff0-s.p.woff2?v=1786440500181 was preloaded using link preload but not used within a few seconds from the window's load event. Please make sure it has an appropriate `as` value and it is preloaded intentionally. @ http://localhost:3000/preview/arcstone-growth?frame=1:0
[ 1009550ms] [WARNING] The resource http://localhost:3000/_next/static/css/app/preview/%5BtemplateId%5D/page.css?v=1786441154557 was preloaded using link preload but not used within a few seconds from the window's load event. Please make sure it has an appropriate `as` value and it is preloaded intentionally. @ http://localhost:3000/preview/arcstone-growth?frame=1:0
[ 1009550ms] [WARNING] The resource http://localhost:3000/_next/static/css/app/layout.css?v=1786441154557 was preloaded using link preload but not used within a few seconds from the window's load event. Please make sure it has an appropriate `as` value and it is preloaded intentionally. @ http://localhost:3000/preview/arcstone-growth?frame=1:0
[ 1009550ms] [WARNING] The resource http://localhost:3000/_next/static/css/app/layout.css?v=1786440974849 was preloaded using link preload but not used within a few seconds from the window's load event. Please make sure it has an appropriate `as` value and it is preloaded intentionally. @ http://localhost:3000/preview/arcstone-growth?frame=1:0
[ 1009550ms] [WARNING] The resource http://localhost:3000/_next/static/css/app/layout.css?v=1786440629662 was preloaded using link preload but not used within a few seconds from the window's load event. Please make sure it has an appropriate `as` value and it is preloaded intentionally. @ http://localhost:3000/preview/arcstone-growth?frame=1:0
[ 1009550ms] [WARNING] The resource http://localhost:3000/_next/static/media/ee40bb094c99a29a-s.p.woff2?v=1786440500181 was preloaded using link preload but not used within a few seconds from the window's load event. Please make sure it has an appropriate `as` value and it is preloaded intentionally. @ http://localhost:3000/preview/arcstone-growth?frame=1:0
[ 1009550ms] [WARNING] The resource http://localhost:3000/_next/static/media/7b89a4fd5e90ede0-s.p.woff2?v=1786440500181 was preloaded using link preload but not used within a few seconds from the window's load event. Please make sure it has an appropriate `as` value and it is preloaded intentionally. @ http://localhost:3000/preview/arcstone-growth?frame=1:0
[ 1009550ms] [WARNING] The resource http://localhost:3000/_next/static/css/app/layout.css?v=1786440651449 was preloaded using link preload but not used within a few seconds from the window's load event. Please make sure it has an appropriate `as` value and it is preloaded intentionally. @ http://localhost:3000/preview/arcstone-growth?frame=1:0
[ 1012063ms] [LOG] [Fast Refresh] rebuilding @ webpack-internal:///(app-pages-browser)/./node_modules/next/dist/next-devtools/shared/forward-logs-shared.js:27
[ 1012732ms] [LOG] [Fast Refresh] done in 670ms @ webpack-internal:///(app-pages-browser)/./node_modules/next/dist/next-devtools/shared/forward-logs-shared.js:27
[ 1014794ms] [LOG] [Fast Refresh] rebuilding @ webpack-internal:///(app-pages-browser)/./node_modules/next/dist/next-devtools/shared/forward-logs-shared.js:27
[ 1015639ms] [LOG] [Fast Refresh] done in 844ms @ webpack-internal:///(app-pages-browser)/./node_modules/next/dist/next-devtools/shared/forward-logs-shared.js:27
[ 1016596ms] [LOG] [Fast Refresh] rebuilding @ webpack-internal:///(app-pages-browser)/./node_modules/next/dist/next-devtools/shared/forward-logs-shared.js:27
[ 1017317ms] [LOG] [Fast Refresh] done in 720ms @ webpack-internal:///(app-pages-browser)/./node_modules/next/dist/next-devtools/shared/forward-logs-shared.js:27
[ 1019291ms] [LOG] [Fast Refresh] rebuilding @ webpack-internal:///(app-pages-browser)/./node_modules/next/dist/next-devtools/shared/forward-logs-shared.js:27
[ 1019438ms] [LOG] [Fast Refresh] done in 148ms @ webpack-internal:///(app-pages-browser)/./node_modules/next/dist/next-devtools/shared/forward-logs-shared.js:27
[ 1021675ms] [LOG] [Fast Refresh] rebuilding @ webpack-internal:///(app-pages-browser)/./node_modules/next/dist/next-devtools/shared/forward-logs-shared.js:27
[ 1022435ms] [LOG] [Fast Refresh] done in 761ms @ webpack-internal:///(app-pages-browser)/./node_modules/next/dist/next-devtools/shared/forward-logs-shared.js:27
[ 1026069ms] [LOG] [Fast Refresh] rebuilding @ webpack-internal:///(app-pages-browser)/./node_modules/next/dist/next-devtools/shared/forward-logs-shared.js:27
[ 1027111ms] [LOG] [Fast Refresh] done in 1041ms @ webpack-internal:///(app-pages-browser)/./node_modules/next/dist/next-devtools/shared/forward-logs-shared.js:27
[ 1028262ms] [LOG] [Fast Refresh] rebuilding @ webpack-internal:///(app-pages-browser)/./node_modules/next/dist/next-devtools/shared/forward-logs-shared.js:27
[ 1029196ms] [LOG] [Fast Refresh] done in 935ms @ webpack-internal:///(app-pages-browser)/./node_modules/next/dist/next-devtools/shared/forward-logs-shared.js:27
[ 1030128ms] [LOG] [Fast Refresh] rebuilding @ webpack-internal:///(app-pages-browser)/./node_modules/next/dist/next-devtools/shared/forward-logs-shared.js:27
[ 1030301ms] [LOG] [Fast Refresh] done in 172ms @ webpack-internal:///(app-pages-browser)/./node_modules/next/dist/next-devtools/shared/forward-logs-shared.js:27
[ 1032007ms] [LOG] [Fast Refresh] rebuilding @ webpack-internal:///(app-pages-browser)/./node_modules/next/dist/next-devtools/shared/forward-logs-shared.js:27
[ 1032124ms] [LOG] [Fast Refresh] done in 117ms @ webpack-internal:///(app-pages-browser)/./node_modules/next/dist/next-devtools/shared/forward-logs-shared.js:27
[ 1034785ms] [LOG] [Fast Refresh] rebuilding @ webpack-internal:///(app-pages-browser)/./node_modules/next/dist/next-devtools/shared/forward-logs-shared.js:27
[ 1035126ms] [WARNING] The resource http://localhost:3000/_next/static/media/9dd75fadc5b3df29-s.p.woff2?v=1786440500181 was preloaded using link preload but not used within a few seconds from the window's load event. Please make sure it has an appropriate `as` value and it is preloaded intentionally. @ http://localhost:3000/preview/arcstone-growth?frame=1:0
[ 1035126ms] [WARNING] The resource http://localhost:3000/_next/static/media/569ce4b8f30dc480-s.p.woff2?v=1786440500181 was preloaded using link preload but not used within a few seconds from the window's load event. Please make sure it has an appropriate `as` value and it is preloaded intentionally. @ http://localhost:3000/preview/arcstone-growth?frame=1:0
[ 1035126ms] [WARNING] The resource http://localhost:3000/_next/static/css/app/preview/%5BtemplateId%5D/page.css?v=1786440629662 was preloaded using link preload but not used within a few seconds from the window's load event. Please make sure it has an appropriate `as` value and it is preloaded intentionally. @ http://localhost:3000/preview/arcstone-growth?frame=1:0
[ 1035127ms] [WARNING] The resource http://localhost:3000/_next/static/css/app/preview/%5BtemplateId%5D/page.css?v=1786440651449 was preloaded using link preload but not used within a few seconds from the window's load event. Please make sure it has an appropriate `as` value and it is preloaded intentionally. @ http://localhost:3000/preview/arcstone-growth?frame=1:0
[ 1035127ms] [WARNING] The resource http://localhost:3000/_next/static/media/eaead17c7dbfcd5d-s.p.woff2?v=1786440500181 was preloaded using link preload but not used within a few seconds from the window's load event. Please make sure it has an appropriate `as` value and it is preloaded intentionally. @ http://localhost:3000/preview/arcstone-growth?frame=1:0
[ 1035127ms] [WARNING] The resource http://localhost:3000/_next/static/chunks/_app-pages-browser_src_templates_arcstone-growth_template_tsx.js was preloaded using link preload but not used within a few seconds from the window's load event. Please make sure it has an appropriate `as` value and it is preloaded intentionally. @ http://localhost:3000/preview/arcstone-growth?frame=1:0
[ 1035127ms] [WARNING] The resource http://localhost:3000/_next/static/css/app/layout.css?v=1786440666344 was preloaded using link preload but not used within a few seconds from the window's load event. Please make sure it has an appropriate `as` value and it is preloaded intentionally. @ http://localhost:3000/preview/arcstone-growth?frame=1:0
[ 1035127ms] [WARNING] The resource http://localhost:3000/_next/static/media/be955174636e5369-s.p.woff2?v=1786440500181 was preloaded using link preload but not used within a few seconds from the window's load event. Please make sure it has an appropriate `as` value and it is preloaded intentionally. @ http://localhost:3000/preview/arcstone-growth?frame=1:0
[ 1035127ms] [WARNING] The resource http://localhost:3000/_next/static/css/app/preview/%5BtemplateId%5D/page.css?v=1786440666344 was preloaded using link preload but not used within a few seconds from the window's load event. Please make sure it has an appropriate `as` value and it is preloaded intentionally. @ http://localhost:3000/preview/arcstone-growth?frame=1:0
[ 1035127ms] [WARNING] The resource http://localhost:3000/_next/static/css/app/preview/%5BtemplateId%5D/page.css?v=1786440974849 was preloaded using link preload but not used within a few seconds from the window's load event. Please make sure it has an appropriate `as` value and it is preloaded intentionally. @ http://localhost:3000/preview/arcstone-growth?frame=1:0
[ 1035127ms] [WARNING] The resource http://localhost:3000/_next/static/media/e4af272ccee01ff0-s.p.woff2?v=1786440500181 was preloaded using link preload but not used within a few seconds from the window's load event. Please make sure it has an appropriate `as` value and it is preloaded intentionally. @ http://localhost:3000/preview/arcstone-growth?frame=1:0
[ 1035127ms] [WARNING] The resource http://localhost:3000/_next/static/css/app/layout.css?v=1786440974849 was preloaded using link preload but not used within a few seconds from the window's load event. Please make sure it has an appropriate `as` value and it is preloaded intentionally. @ http://localhost:3000/preview/arcstone-growth?frame=1:0
[ 1035127ms] [WARNING] The resource http://localhost:3000/_next/static/css/app/layout.css?v=1786440629662 was preloaded using link preload but not used within a few seconds from the window's load event. Please make sure it has an appropriate `as` value and it is preloaded intentionally. @ http://localhost:3000/preview/arcstone-growth?frame=1:0
[ 1035127ms] [WARNING] The resource http://localhost:3000/_next/static/media/ee40bb094c99a29a-s.p.woff2?v=1786440500181 was preloaded using link preload but not used within a few seconds from the window's load event. Please make sure it has an appropriate `as` value and it is preloaded intentionally. @ http://localhost:3000/preview/arcstone-growth?frame=1:0
[ 1035127ms] [WARNING] The resource http://localhost:3000/_next/static/media/7b89a4fd5e90ede0-s.p.woff2?v=1786440500181 was preloaded using link preload but not used within a few seconds from the window's load event. Please make sure it has an appropriate `as` value and it is preloaded intentionally. @ http://localhost:3000/preview/arcstone-growth?frame=1:0
[ 1035127ms] [WARNING] The resource http://localhost:3000/_next/static/css/app/layout.css?v=1786440651449 was preloaded using link preload but not used within a few seconds from the window's load event. Please make sure it has an appropriate `as` value and it is preloaded intentionally. @ http://localhost:3000/preview/arcstone-growth?frame=1:0
[ 1035838ms] [LOG] [Fast Refresh] done in 1054ms @ webpack-internal:///(app-pages-browser)/./node_modules/next/dist/next-devtools/shared/forward-logs-shared.js:27
[ 1038841ms] [WARNING] The resource http://localhost:3000/_next/static/media/9dd75fadc5b3df29-s.p.woff2?v=1786440500181 was preloaded using link preload but not used within a few seconds from the window's load event. Please make sure it has an appropriate `as` value and it is preloaded intentionally. @ http://localhost:3000/preview/arcstone-growth?frame=1:0
[ 1038844ms] [WARNING] The resource http://localhost:3000/_next/static/media/569ce4b8f30dc480-s.p.woff2?v=1786440500181 was preloaded using link preload but not used within a few seconds from the window's load event. Please make sure it has an appropriate `as` value and it is preloaded intentionally. @ http://localhost:3000/preview/arcstone-growth?frame=1:0
[ 1038844ms] [WARNING] The resource http://localhost:3000/_next/static/css/app/preview/%5BtemplateId%5D/page.css?v=1786440629662 was preloaded using link preload but not used within a few seconds from the window's load event. Please make sure it has an appropriate `as` value and it is preloaded intentionally. @ http://localhost:3000/preview/arcstone-growth?frame=1:0
[ 1038845ms] [WARNING] The resource http://localhost:3000/_next/static/css/app/preview/%5BtemplateId%5D/page.css?v=1786440651449 was preloaded using link preload but not used within a few seconds from the window's load event. Please make sure it has an appropriate `as` value and it is preloaded intentionally. @ http://localhost:3000/preview/arcstone-growth?frame=1:0
[ 1038845ms] [WARNING] The resource http://localhost:3000/_next/static/media/eaead17c7dbfcd5d-s.p.woff2?v=1786440500181 was preloaded using link preload but not used within a few seconds from the window's load event. Please make sure it has an appropriate `as` value and it is preloaded intentionally. @ http://localhost:3000/preview/arcstone-growth?frame=1:0
[ 1038845ms] [WARNING] The resource http://localhost:3000/_next/static/chunks/_app-pages-browser_src_templates_arcstone-growth_template_tsx.js was preloaded using link preload but not used within a few seconds from the window's load event. Please make sure it has an appropriate `as` value and it is preloaded intentionally. @ http://localhost:3000/preview/arcstone-growth?frame=1:0
[ 1038846ms] [WARNING] The resource http://localhost:3000/_next/static/css/app/layout.css?v=1786440666344 was preloaded using link preload but not used within a few seconds from the window's load event. Please make sure it has an appropriate `as` value and it is preloaded intentionally. @ http://localhost:3000/preview/arcstone-growth?frame=1:0
[ 1038846ms] [WARNING] The resource http://localhost:3000/_next/static/css/app/preview/%5BtemplateId%5D/page.css?v=1786441184022 was preloaded using link preload but not used within a few seconds from the window's load event. Please make sure it has an appropriate `as` value and it is preloaded intentionally. @ http://localhost:3000/preview/arcstone-growth?frame=1:0
[ 1038846ms] [WARNING] The resource http://localhost:3000/_next/static/media/be955174636e5369-s.p.woff2?v=1786440500181 was preloaded using link preload but not used within a few seconds from the window's load event. Please make sure it has an appropriate `as` value and it is preloaded intentionally. @ http://localhost:3000/preview/arcstone-growth?frame=1:0
[ 1038846ms] [WARNING] The resource http://localhost:3000/_next/static/css/app/preview/%5BtemplateId%5D/page.css?v=1786440666344 was preloaded using link preload but not used within a few seconds from the window's load event. Please make sure it has an appropriate `as` value and it is preloaded intentionally. @ http://localhost:3000/preview/arcstone-growth?frame=1:0
[ 1038846ms] [WARNING] The resource http://localhost:3000/_next/static/css/app/preview/%5BtemplateId%5D/page.css?v=1786440974849 was preloaded using link preload but not used within a few seconds from the window's load event. Please make sure it has an appropriate `as` value and it is preloaded intentionally. @ http://localhost:3000/preview/arcstone-growth?frame=1:0
[ 1038846ms] [WARNING] The resource http://localhost:3000/_next/static/media/e4af272ccee01ff0-s.p.woff2?v=1786440500181 was preloaded using link preload but not used within a few seconds from the window's load event. Please make sure it has an appropriate `as` value and it is preloaded intentionally. @ http://localhost:3000/preview/arcstone-growth?frame=1:0
[ 1038846ms] [WARNING] The resource http://localhost:3000/_next/static/css/app/layout.css?v=1786440974849 was preloaded using link preload but not used within a few seconds from the window's load event. Please make sure it has an appropriate `as` value and it is preloaded intentionally. @ http://localhost:3000/preview/arcstone-growth?frame=1:0
[ 1038847ms] [WARNING] The resource http://localhost:3000/_next/static/css/app/layout.css?v=1786440629662 was preloaded using link preload but not used within a few seconds from the window's load event. Please make sure it has an appropriate `as` value and it is preloaded intentionally. @ http://localhost:3000/preview/arcstone-growth?frame=1:0
[ 1038847ms] [WARNING] The resource http://localhost:3000/_next/static/css/app/layout.css?v=1786441184022 was preloaded using link preload but not used within a few seconds from the window's load event. Please make sure it has an appropriate `as` value and it is preloaded intentionally. @ http://localhost:3000/preview/arcstone-growth?frame=1:0
[ 1038847ms] [WARNING] The resource http://localhost:3000/_next/static/media/ee40bb094c99a29a-s.p.woff2?v=1786440500181 was preloaded using link preload but not used within a few seconds from the window's load event. Please make sure it has an appropriate `as` value and it is preloaded intentionally. @ http://localhost:3000/preview/arcstone-growth?frame=1:0
[ 1038847ms] [WARNING] The resource http://localhost:3000/_next/static/media/7b89a4fd5e90ede0-s.p.woff2?v=1786440500181 was preloaded using link preload but not used within a few seconds from the window's load event. Please make sure it has an appropriate `as` value and it is preloaded intentionally. @ http://localhost:3000/preview/arcstone-growth?frame=1:0
[ 1038847ms] [WARNING] The resource http://localhost:3000/_next/static/css/app/layout.css?v=1786440651449 was preloaded using link preload but not used within a few seconds from the window's load event. Please make sure it has an appropriate `as` value and it is preloaded intentionally. @ http://localhost:3000/preview/arcstone-growth?frame=1:0
[ 1041087ms] [LOG] [Fast Refresh] rebuilding @ webpack-internal:///(app-pages-browser)/./node_modules/next/dist/next-devtools/shared/forward-logs-shared.js:27
[ 1041441ms] [LOG] [Fast Refresh] done in 354ms @ webpack-internal:///(app-pages-browser)/./node_modules/next/dist/next-devtools/shared/forward-logs-shared.js:27
[ 1044446ms] [WARNING] The resource http://localhost:3000/_next/static/media/9dd75fadc5b3df29-s.p.woff2?v=1786440500181 was preloaded using link preload but not used within a few seconds from the window's load event. Please make sure it has an appropriate `as` value and it is preloaded intentionally. @ http://localhost:3000/preview/arcstone-growth?frame=1:0
[ 1044446ms] [WARNING] The resource http://localhost:3000/_next/static/media/569ce4b8f30dc480-s.p.woff2?v=1786440500181 was preloaded using link preload but not used within a few seconds from the window's load event. Please make sure it has an appropriate `as` value and it is preloaded intentionally. @ http://localhost:3000/preview/arcstone-growth?frame=1:0
[ 1044446ms] [WARNING] The resource http://localhost:3000/_next/static/css/app/preview/%5BtemplateId%5D/page.css?v=1786440629662 was preloaded using link preload but not used within a few seconds from the window's load event. Please make sure it has an appropriate `as` value and it is preloaded intentionally. @ http://localhost:3000/preview/arcstone-growth?frame=1:0
[ 1044446ms] [WARNING] The resource http://localhost:3000/_next/static/css/app/preview/%5BtemplateId%5D/page.css?v=1786440651449 was preloaded using link preload but not used within a few seconds from the window's load event. Please make sure it has an appropriate `as` value and it is preloaded intentionally. @ http://localhost:3000/preview/arcstone-growth?frame=1:0
[ 1044446ms] [WARNING] The resource http://localhost:3000/_next/static/media/eaead17c7dbfcd5d-s.p.woff2?v=1786440500181 was preloaded using link preload but not used within a few seconds from the window's load event. Please make sure it has an appropriate `as` value and it is preloaded intentionally. @ http://localhost:3000/preview/arcstone-growth?frame=1:0
[ 1044447ms] [WARNING] The resource http://localhost:3000/_next/static/chunks/_app-pages-browser_src_templates_arcstone-growth_template_tsx.js was preloaded using link preload but not used within a few seconds from the window's load event. Please make sure it has an appropriate `as` value and it is preloaded intentionally. @ http://localhost:3000/preview/arcstone-growth?frame=1:0
[ 1044447ms] [WARNING] The resource http://localhost:3000/_next/static/css/app/layout.css?v=1786440666344 was preloaded using link preload but not used within a few seconds from the window's load event. Please make sure it has an appropriate `as` value and it is preloaded intentionally. @ http://localhost:3000/preview/arcstone-growth?frame=1:0
[ 1044447ms] [WARNING] The resource http://localhost:3000/_next/static/media/be955174636e5369-s.p.woff2?v=1786440500181 was preloaded using link preload but not used within a few seconds from the window's load event. Please make sure it has an appropriate `as` value and it is preloaded intentionally. @ http://localhost:3000/preview/arcstone-growth?frame=1:0
[ 1044447ms] [WARNING] The resource http://localhost:3000/_next/static/css/app/preview/%5BtemplateId%5D/page.css?v=1786440666344 was preloaded using link preload but not used within a few seconds from the window's load event. Please make sure it has an appropriate `as` value and it is preloaded intentionally. @ http://localhost:3000/preview/arcstone-growth?frame=1:0
[ 1044447ms] [WARNING] The resource http://localhost:3000/_next/static/css/app/preview/%5BtemplateId%5D/page.css?v=1786440974849 was preloaded using link preload but not used within a few seconds from the window's load event. Please make sure it has an appropriate `as` value and it is preloaded intentionally. @ http://localhost:3000/preview/arcstone-growth?frame=1:0
[ 1044447ms] [WARNING] The resource http://localhost:3000/_next/static/media/e4af272ccee01ff0-s.p.woff2?v=1786440500181 was preloaded using link preload but not used within a few seconds from the window's load event. Please make sure it has an appropriate `as` value and it is preloaded intentionally. @ http://localhost:3000/preview/arcstone-growth?frame=1:0
[ 1044447ms] [WARNING] The resource http://localhost:3000/_next/static/css/app/layout.css?v=1786440974849 was preloaded using link preload but not used within a few seconds from the window's load event. Please make sure it has an appropriate `as` value and it is preloaded intentionally. @ http://localhost:3000/preview/arcstone-growth?frame=1:0
[ 1044447ms] [WARNING] The resource http://localhost:3000/_next/static/css/app/layout.css?v=1786440629662 was preloaded using link preload but not used within a few seconds from the window's load event. Please make sure it has an appropriate `as` value and it is preloaded intentionally. @ http://localhost:3000/preview/arcstone-growth?frame=1:0
[ 1044447ms] [WARNING] The resource http://localhost:3000/_next/static/media/ee40bb094c99a29a-s.p.woff2?v=1786440500181 was preloaded using link preload but not used within a few seconds from the window's load event. Please make sure it has an appropriate `as` value and it is preloaded intentionally. @ http://localhost:3000/preview/arcstone-growth?frame=1:0
[ 1044447ms] [WARNING] The resource http://localhost:3000/_next/static/media/7b89a4fd5e90ede0-s.p.woff2?v=1786440500181 was preloaded using link preload but not used within a few seconds from the window's load event. Please make sure it has an appropriate `as` value and it is preloaded intentionally. @ http://localhost:3000/preview/arcstone-growth?frame=1:0
[ 1044447ms] [WARNING] The resource http://localhost:3000/_next/static/css/app/layout.css?v=1786440651449 was preloaded using link preload but not used within a few seconds from the window's load event. Please make sure it has an appropriate `as` value and it is preloaded intentionally. @ http://localhost:3000/preview/arcstone-growth?frame=1:0
[ 1045054ms] [LOG] [Fast Refresh] rebuilding @ webpack-internal:///(app-pages-browser)/./node_modules/next/dist/next-devtools/shared/forward-logs-shared.js:27
[ 1046844ms] [LOG] [Fast Refresh] done in 1790ms @ webpack-internal:///(app-pages-browser)/./node_modules/next/dist/next-devtools/shared/forward-logs-shared.js:27
[ 1048555ms] [LOG] [Fast Refresh] rebuilding @ webpack-internal:///(app-pages-browser)/./node_modules/next/dist/next-devtools/shared/forward-logs-shared.js:27
[ 1049912ms] [LOG] [Fast Refresh] done in 1356ms @ webpack-internal:///(app-pages-browser)/./node_modules/next/dist/next-devtools/shared/forward-logs-shared.js:27
[ 1051239ms] [LOG] [Fast Refresh] rebuilding @ webpack-internal:///(app-pages-browser)/./node_modules/next/dist/next-devtools/shared/forward-logs-shared.js:27
[ 1052539ms] [LOG] [Fast Refresh] done in 1299ms @ webpack-internal:///(app-pages-browser)/./node_modules/next/dist/next-devtools/shared/forward-logs-shared.js:27
[ 1054725ms] [LOG] [Fast Refresh] rebuilding @ webpack-internal:///(app-pages-browser)/./node_modules/next/dist/next-devtools/shared/forward-logs-shared.js:27
[ 1056595ms] [LOG] [Fast Refresh] done in 1869ms @ webpack-internal:///(app-pages-browser)/./node_modules/next/dist/next-devtools/shared/forward-logs-shared.js:27
[ 1065593ms] [INFO] %cDownload the React DevTools for a better development experience: https://react.dev/link/react-devtools font-weight:bold @ webpack-internal:///(app-pages-browser)/./node_modules/next/dist/next-devtools/shared/forward-logs-shared.js:27
[ 1065767ms] [LOG] [HMR] connected @ webpack-internal:///(app-pages-browser)/./node_modules/next/dist/next-devtools/shared/forward-logs-shared.js:27
[ 1074813ms] [ERROR] Can't perform a React state update on a component that hasn't mounted yet. This indicates that you have a side-effect in your render function that asynchronously tries to update the component. Move this work to useEffect instead. @ webpack-internal:///(app-pages-browser)/./node_modules/next/dist/next-devtools/userspace/app/errors/intercept-console-error.js:57
[ 1075208ms] [LOG] [Fast Refresh] rebuilding @ webpack-internal:///(app-pages-browser)/./node_modules/next/dist/next-devtools/shared/forward-logs-shared.js:27
[ 1080945ms] [LOG] [Fast Refresh] done in 5736ms @ webpack-internal:///(app-pages-browser)/./node_modules/next/dist/next-devtools/shared/forward-logs-shared.js:27
[ 1082758ms] [LOG] [Fast Refresh] rebuilding @ webpack-internal:///(app-pages-browser)/./node_modules/next/dist/next-devtools/shared/forward-logs-shared.js:27
[ 1083799ms] [LOG] [Fast Refresh] done in 1042ms @ webpack-internal:///(app-pages-browser)/./node_modules/next/dist/next-devtools/shared/forward-logs-shared.js:27
[ 1088725ms] [LOG] [Fast Refresh] rebuilding @ webpack-internal:///(app-pages-browser)/./node_modules/next/dist/next-devtools/shared/forward-logs-shared.js:27
[ 1089067ms] [LOG] [Fast Refresh] done in 341ms @ webpack-internal:///(app-pages-browser)/./node_modules/next/dist/next-devtools/shared/forward-logs-shared.js:27
[ 1091511ms] [LOG] [Fast Refresh] rebuilding @ webpack-internal:///(app-pages-browser)/./node_modules/next/dist/next-devtools/shared/forward-logs-shared.js:27
[ 1091653ms] [LOG] [Fast Refresh] done in 142ms @ webpack-internal:///(app-pages-browser)/./node_modules/next/dist/next-devtools/shared/forward-logs-shared.js:27
[ 1094655ms] [WARNING] The resource http://localhost:3000/_next/static/media/eaead17c7dbfcd5d-s.p.woff2?v=1786441208044 was preloaded using link preload but not used within a few seconds from the window's load event. Please make sure it has an appropriate `as` value and it is preloaded intentionally. @ http://localhost:3000/preview/arcstone-growth?frame=1:0
[ 1094656ms] [WARNING] The resource http://localhost:3000/_next/static/media/569ce4b8f30dc480-s.p.woff2?v=1786441208044 was preloaded using link preload but not used within a few seconds from the window's load event. Please make sure it has an appropriate `as` value and it is preloaded intentionally. @ http://localhost:3000/preview/arcstone-growth?frame=1:0
[ 1094656ms] [WARNING] The resource http://localhost:3000/_next/static/css/app/preview/%5BtemplateId%5D/page.css?v=1786441225983 was preloaded using link preload but not used within a few seconds from the window's load event. Please make sure it has an appropriate `as` value and it is preloaded intentionally. @ http://localhost:3000/preview/arcstone-growth?frame=1:0
[ 1094657ms] [WARNING] The resource http://localhost:3000/_next/static/css/app/preview/%5BtemplateId%5D/page.css?v=1786441239916 was preloaded using link preload but not used within a few seconds from the window's load event. Please make sure it has an appropriate `as` value and it is preloaded intentionally. @ http://localhost:3000/preview/arcstone-growth?frame=1:0
[ 1094657ms] [WARNING] The resource http://localhost:3000/_next/static/media/be955174636e5369-s.p.woff2?v=1786441208044 was preloaded using link preload but not used within a few seconds from the window's load event. Please make sure it has an appropriate `as` value and it is preloaded intentionally. @ http://localhost:3000/preview/arcstone-growth?frame=1:0
[ 1094657ms] [WARNING] The resource http://localhost:3000/_next/static/chunks/_app-pages-browser_src_templates_arcstone-growth_template_tsx.js was preloaded using link preload but not used within a few seconds from the window's load event. Please make sure it has an appropriate `as` value and it is preloaded intentionally. @ http://localhost:3000/preview/arcstone-growth?frame=1:0
[ 1094657ms] [WARNING] The resource http://localhost:3000/_next/static/media/9dd75fadc5b3df29-s.p.woff2?v=1786441208044 was preloaded using link preload but not used within a few seconds from the window's load event. Please make sure it has an appropriate `as` value and it is preloaded intentionally. @ http://localhost:3000/preview/arcstone-growth?frame=1:0
[ 1094657ms] [WARNING] The resource http://localhost:3000/_next/static/media/e4af272ccee01ff0-s.p.woff2?v=1786441208044 was preloaded using link preload but not used within a few seconds from the window's load event. Please make sure it has an appropriate `as` value and it is preloaded intentionally. @ http://localhost:3000/preview/arcstone-growth?frame=1:0
[ 1094657ms] [WARNING] The resource http://localhost:3000/_next/static/media/ee40bb094c99a29a-s.p.woff2?v=1786441208044 was preloaded using link preload but not used within a few seconds from the window's load event. Please make sure it has an appropriate `as` value and it is preloaded intentionally. @ http://localhost:3000/preview/arcstone-growth?frame=1:0
[ 1094657ms] [WARNING] The resource http://localhost:3000/_next/static/css/app/layout.css?v=1786441225983 was preloaded using link preload but not used within a few seconds from the window's load event. Please make sure it has an appropriate `as` value and it is preloaded intentionally. @ http://localhost:3000/preview/arcstone-growth?frame=1:0
[ 1094658ms] [WARNING] The resource http://localhost:3000/_next/static/css/app/layout.css?v=1786441239916 was preloaded using link preload but not used within a few seconds from the window's load event. Please make sure it has an appropriate `as` value and it is preloaded intentionally. @ http://localhost:3000/preview/arcstone-growth?frame=1:0
[ 1094658ms] [WARNING] The resource http://localhost:3000/_next/static/media/7b89a4fd5e90ede0-s.p.woff2?v=1786441208044 was preloaded using link preload but not used within a few seconds from the window's load event. Please make sure it has an appropriate `as` value and it is preloaded intentionally. @ http://localhost:3000/preview/arcstone-growth?frame=1:0
[ 1097239ms] [LOG] [Fast Refresh] rebuilding @ webpack-internal:///(app-pages-browser)/./node_modules/next/dist/next-devtools/shared/forward-logs-shared.js:27
[ 1098184ms] [LOG] [Fast Refresh] done in 945ms @ webpack-internal:///(app-pages-browser)/./node_modules/next/dist/next-devtools/shared/forward-logs-shared.js:27
[ 1099786ms] [LOG] [Fast Refresh] rebuilding @ webpack-internal:///(app-pages-browser)/./node_modules/next/dist/next-devtools/shared/forward-logs-shared.js:27
[ 1100706ms] [LOG] [Fast Refresh] done in 920ms @ webpack-internal:///(app-pages-browser)/./node_modules/next/dist/next-devtools/shared/forward-logs-shared.js:27
[ 1101704ms] [LOG] [Fast Refresh] rebuilding @ webpack-internal:///(app-pages-browser)/./node_modules/next/dist/next-devtools/shared/forward-logs-shared.js:27
[ 1101845ms] [LOG] [Fast Refresh] done in 141ms @ webpack-internal:///(app-pages-browser)/./node_modules/next/dist/next-devtools/shared/forward-logs-shared.js:27
[ 1103352ms] [LOG] [Fast Refresh] rebuilding @ webpack-internal:///(app-pages-browser)/./node_modules/next/dist/next-devtools/shared/forward-logs-shared.js:27
[ 1103540ms] [LOG] [Fast Refresh] done in 189ms @ webpack-internal:///(app-pages-browser)/./node_modules/next/dist/next-devtools/shared/forward-logs-shared.js:27
[ 1105238ms] [LOG] [Fast Refresh] rebuilding @ webpack-internal:///(app-pages-browser)/./node_modules/next/dist/next-devtools/shared/forward-logs-shared.js:27
[ 1105344ms] [LOG] [Fast Refresh] done in 107ms @ webpack-internal:///(app-pages-browser)/./node_modules/next/dist/next-devtools/shared/forward-logs-shared.js:27
[ 1108341ms] [LOG] [Fast Refresh] rebuilding @ webpack-internal:///(app-pages-browser)/./node_modules/next/dist/next-devtools/shared/forward-logs-shared.js:27
[ 1109525ms] [LOG] [Fast Refresh] done in 1184ms @ webpack-internal:///(app-pages-browser)/./node_modules/next/dist/next-devtools/shared/forward-logs-shared.js:27
[ 1110472ms] [LOG] [Fast Refresh] rebuilding @ webpack-internal:///(app-pages-browser)/./node_modules/next/dist/next-devtools/shared/forward-logs-shared.js:27
[ 1110561ms] [LOG] [Fast Refresh] done in 88ms @ webpack-internal:///(app-pages-browser)/./node_modules/next/dist/next-devtools/shared/forward-logs-shared.js:27
[ 1111936ms] [LOG] [Fast Refresh] rebuilding @ webpack-internal:///(app-pages-browser)/./node_modules/next/dist/next-devtools/shared/forward-logs-shared.js:27
[ 1112066ms] [LOG] [Fast Refresh] done in 130ms @ webpack-internal:///(app-pages-browser)/./node_modules/next/dist/next-devtools/shared/forward-logs-shared.js:27
[ 1113806ms] [LOG] [Fast Refresh] rebuilding @ webpack-internal:///(app-pages-browser)/./node_modules/next/dist/next-devtools/shared/forward-logs-shared.js:27
[ 1113901ms] [LOG] [Fast Refresh] done in 95ms @ webpack-internal:///(app-pages-browser)/./node_modules/next/dist/next-devtools/shared/forward-logs-shared.js:27
[ 1115189ms] [LOG] [Fast Refresh] rebuilding @ webpack-internal:///(app-pages-browser)/./node_modules/next/dist/next-devtools/shared/forward-logs-shared.js:27
[ 1115312ms] [LOG] [Fast Refresh] done in 122ms @ webpack-internal:///(app-pages-browser)/./node_modules/next/dist/next-devtools/shared/forward-logs-shared.js:27
[ 1122444ms] [INFO] %cDownload the React DevTools for a better development experience: https://react.dev/link/react-devtools font-weight:bold @ webpack-internal:///(app-pages-browser)/./node_modules/next/dist/next-devtools/shared/forward-logs-shared.js:27
[ 1122970ms] [LOG] [HMR] connected @ webpack-internal:///(app-pages-browser)/./node_modules/next/dist/next-devtools/shared/forward-logs-shared.js:27
[ 1126273ms] [WARNING] The resource http://localhost:3000/_next/static/media/7b89a4fd5e90ede0-s.p.woff2?v=1786441266971 was preloaded using link preload but not used within a few seconds from the window's load event. Please make sure it has an appropriate `as` value and it is preloaded intentionally. @ http://localhost:3000/preview/arcstone-growth?frame=1:0
[ 1126274ms] [WARNING] The resource http://localhost:3000/_next/static/media/e4af272ccee01ff0-s.p.woff2?v=1786441266971 was preloaded using link preload but not used within a few seconds from the window's load event. Please make sure it has an appropriate `as` value and it is preloaded intentionally. @ http://localhost:3000/preview/arcstone-growth?frame=1:0
[ 1126275ms] [WARNING] The resource http://localhost:3000/_next/static/media/eaead17c7dbfcd5d-s.p.woff2?v=1786441266971 was preloaded using link preload but not used within a few seconds from the window's load event. Please make sure it has an appropriate `as` value and it is preloaded intentionally. @ http://localhost:3000/preview/arcstone-growth?frame=1:0
[ 1126275ms] [WARNING] The resource http://localhost:3000/_next/static/media/569ce4b8f30dc480-s.p.woff2?v=1786441266971 was preloaded using link preload but not used within a few seconds from the window's load event. Please make sure it has an appropriate `as` value and it is preloaded intentionally. @ http://localhost:3000/preview/arcstone-growth?frame=1:0
[ 1126275ms] [WARNING] The resource http://localhost:3000/_next/static/media/ee40bb094c99a29a-s.p.woff2?v=1786441266971 was preloaded using link preload but not used within a few seconds from the window's load event. Please make sure it has an appropriate `as` value and it is preloaded intentionally. @ http://localhost:3000/preview/arcstone-growth?frame=1:0
[ 1126275ms] [WARNING] The resource http://localhost:3000/_next/static/chunks/_app-pages-browser_src_templates_arcstone-growth_template_tsx.js was preloaded using link preload but not used within a few seconds from the window's load event. Please make sure it has an appropriate `as` value and it is preloaded intentionally. @ http://localhost:3000/preview/arcstone-growth?frame=1:0
[ 1126275ms] [WARNING] The resource http://localhost:3000/_next/static/media/be955174636e5369-s.p.woff2?v=1786441266971 was preloaded using link preload but not used within a few seconds from the window's load event. Please make sure it has an appropriate `as` value and it is preloaded intentionally. @ http://localhost:3000/preview/arcstone-growth?frame=1:0
[ 1126275ms] [WARNING] The resource http://localhost:3000/_next/static/media/9dd75fadc5b3df29-s.p.woff2?v=1786441266971 was preloaded using link preload but not used within a few seconds from the window's load event. Please make sure it has an appropriate `as` value and it is preloaded intentionally. @ http://localhost:3000/preview/arcstone-growth?frame=1:0
[ 1130292ms] [LOG] [Fast Refresh] rebuilding @ webpack-internal:///(app-pages-browser)/./node_modules/next/dist/next-devtools/shared/forward-logs-shared.js:27
[ 1132351ms] [LOG] [Fast Refresh] done in 2060ms @ webpack-internal:///(app-pages-browser)/./node_modules/next/dist/next-devtools/shared/forward-logs-shared.js:27
[ 1132449ms] [LOG] [Fast Refresh] rebuilding @ webpack-internal:///(app-pages-browser)/./node_modules/next/dist/next-devtools/shared/forward-logs-shared.js:27
[ 1132605ms] [LOG] [Fast Refresh] done in 156ms @ webpack-internal:///(app-pages-browser)/./node_modules/next/dist/next-devtools/shared/forward-logs-shared.js:27
[ 1133823ms] [LOG] [Fast Refresh] rebuilding @ webpack-internal:///(app-pages-browser)/./node_modules/next/dist/next-devtools/shared/forward-logs-shared.js:27
[ 1133932ms] [LOG] [Fast Refresh] done in 108ms @ webpack-internal:///(app-pages-browser)/./node_modules/next/dist/next-devtools/shared/forward-logs-shared.js:27
[ 1135305ms] [LOG] [Fast Refresh] rebuilding @ webpack-internal:///(app-pages-browser)/./node_modules/next/dist/next-devtools/shared/forward-logs-shared.js:27
[ 1135415ms] [LOG] [Fast Refresh] done in 111ms @ webpack-internal:///(app-pages-browser)/./node_modules/next/dist/next-devtools/shared/forward-logs-shared.js:27
[ 1137821ms] [LOG] [Fast Refresh] rebuilding @ webpack-internal:///(app-pages-browser)/./node_modules/next/dist/next-devtools/shared/forward-logs-shared.js:27
[ 1138039ms] [LOG] [Fast Refresh] done in 219ms @ webpack-internal:///(app-pages-browser)/./node_modules/next/dist/next-devtools/shared/forward-logs-shared.js:27
[ 1139544ms] [LOG] [Fast Refresh] rebuilding @ webpack-internal:///(app-pages-browser)/./node_modules/next/dist/next-devtools/shared/forward-logs-shared.js:27
[ 1139641ms] [LOG] [Fast Refresh] done in 97ms @ webpack-internal:///(app-pages-browser)/./node_modules/next/dist/next-devtools/shared/forward-logs-shared.js:27
[ 1141149ms] [LOG] [Fast Refresh] rebuilding @ webpack-internal:///(app-pages-browser)/./node_modules/next/dist/next-devtools/shared/forward-logs-shared.js:27
[ 1141357ms] [LOG] [Fast Refresh] done in 208ms @ webpack-internal:///(app-pages-browser)/./node_modules/next/dist/next-devtools/shared/forward-logs-shared.js:27
[ 1146794ms] [INFO] %cDownload the React DevTools for a better development experience: https://react.dev/link/react-devtools font-weight:bold @ webpack-internal:///(app-pages-browser)/./node_modules/next/dist/next-devtools/shared/forward-logs-shared.js:27
[ 1147479ms] [LOG] [HMR] connected @ webpack-internal:///(app-pages-browser)/./node_modules/next/dist/next-devtools/shared/forward-logs-shared.js:27
[ 1151468ms] [WARNING] The resource http://localhost:3000/_next/static/media/be955174636e5369-s.p.woff2?v=1786441291189 was preloaded using link preload but not used within a few seconds from the window's load event. Please make sure it has an appropriate `as` value and it is preloaded intentionally. @ http://localhost:3000/preview/arcstone-growth?frame=1:0
[ 1151472ms] [WARNING] The resource http://localhost:3000/_next/static/media/9dd75fadc5b3df29-s.p.woff2?v=1786441291189 was preloaded using link preload but not used within a few seconds from the window's load event. Please make sure it has an appropriate `as` value and it is preloaded intentionally. @ http://localhost:3000/preview/arcstone-growth?frame=1:0
[ 1151472ms] [WARNING] The resource http://localhost:3000/_next/static/chunks/_app-pages-browser_src_templates_arcstone-growth_template_tsx.js was preloaded using link preload but not used within a few seconds from the window's load event. Please make sure it has an appropriate `as` value and it is preloaded intentionally. @ http://localhost:3000/preview/arcstone-growth?frame=1:0
[ 1151472ms] [WARNING] The resource http://localhost:3000/_next/static/media/ee40bb094c99a29a-s.p.woff2?v=1786441291189 was preloaded using link preload but not used within a few seconds from the window's load event. Please make sure it has an appropriate `as` value and it is preloaded intentionally. @ http://localhost:3000/preview/arcstone-growth?frame=1:0
[ 1151472ms] [WARNING] The resource http://localhost:3000/_next/static/media/e4af272ccee01ff0-s.p.woff2?v=1786441291189 was preloaded using link preload but not used within a few seconds from the window's load event. Please make sure it has an appropriate `as` value and it is preloaded intentionally. @ http://localhost:3000/preview/arcstone-growth?frame=1:0
[ 1151472ms] [WARNING] The resource http://localhost:3000/_next/static/media/eaead17c7dbfcd5d-s.p.woff2?v=1786441291189 was preloaded using link preload but not used within a few seconds from the window's load event. Please make sure it has an appropriate `as` value and it is preloaded intentionally. @ http://localhost:3000/preview/arcstone-growth?frame=1:0
[ 1151472ms] [WARNING] The resource http://localhost:3000/_next/static/media/7b89a4fd5e90ede0-s.p.woff2?v=1786441291189 was preloaded using link preload but not used within a few seconds from the window's load event. Please make sure it has an appropriate `as` value and it is preloaded intentionally. @ http://localhost:3000/preview/arcstone-growth?frame=1:0
[ 1151473ms] [WARNING] The resource http://localhost:3000/_next/static/media/569ce4b8f30dc480-s.p.woff2?v=1786441291189 was preloaded using link preload but not used within a few seconds from the window's load event. Please make sure it has an appropriate `as` value and it is preloaded intentionally. @ http://localhost:3000/preview/arcstone-growth?frame=1:0
[ 1155967ms] [LOG] [Fast Refresh] rebuilding @ webpack-internal:///(app-pages-browser)/./node_modules/next/dist/next-devtools/shared/forward-logs-shared.js:27
[ 1158106ms] [LOG] [Fast Refresh] done in 2139ms @ webpack-internal:///(app-pages-browser)/./node_modules/next/dist/next-devtools/shared/forward-logs-shared.js:27
[ 1159374ms] [LOG] [Fast Refresh] rebuilding @ webpack-internal:///(app-pages-browser)/./node_modules/next/dist/next-devtools/shared/forward-logs-shared.js:27
[ 1159901ms] [LOG] [Fast Refresh] done in 528ms @ webpack-internal:///(app-pages-browser)/./node_modules/next/dist/next-devtools/shared/forward-logs-shared.js:27
[ 1162791ms] [LOG] [Fast Refresh] rebuilding @ webpack-internal:///(app-pages-browser)/./node_modules/next/dist/next-devtools/shared/forward-logs-shared.js:27
[ 1162935ms] [LOG] [Fast Refresh] done in 143ms @ webpack-internal:///(app-pages-browser)/./node_modules/next/dist/next-devtools/shared/forward-logs-shared.js:27
[ 1165940ms] [WARNING] The resource http://localhost:3000/_next/static/media/be955174636e5369-s.p.woff2?v=1786441291189 was preloaded using link preload but not used within a few seconds from the window's load event. Please make sure it has an appropriate `as` value and it is preloaded intentionally. @ http://localhost:3000/preview/arcstone-growth?frame=1:0
[ 1165941ms] [WARNING] The resource http://localhost:3000/_next/static/media/9dd75fadc5b3df29-s.p.woff2?v=1786441291189 was preloaded using link preload but not used within a few seconds from the window's load event. Please make sure it has an appropriate `as` value and it is preloaded intentionally. @ http://localhost:3000/preview/arcstone-growth?frame=1:0
[ 1165941ms] [WARNING] The resource http://localhost:3000/_next/static/chunks/_app-pages-browser_src_templates_arcstone-growth_template_tsx.js was preloaded using link preload but not used within a few seconds from the window's load event. Please make sure it has an appropriate `as` value and it is preloaded intentionally. @ http://localhost:3000/preview/arcstone-growth?frame=1:0
[ 1165941ms] [WARNING] The resource http://localhost:3000/_next/static/media/ee40bb094c99a29a-s.p.woff2?v=1786441291189 was preloaded using link preload but not used within a few seconds from the window's load event. Please make sure it has an appropriate `as` value and it is preloaded intentionally. @ http://localhost:3000/preview/arcstone-growth?frame=1:0
[ 1165941ms] [WARNING] The resource http://localhost:3000/_next/static/media/e4af272ccee01ff0-s.p.woff2?v=1786441291189 was preloaded using link preload but not used within a few seconds from the window's load event. Please make sure it has an appropriate `as` value and it is preloaded intentionally. @ http://localhost:3000/preview/arcstone-growth?frame=1:0
[ 1165941ms] [WARNING] The resource http://localhost:3000/_next/static/media/eaead17c7dbfcd5d-s.p.woff2?v=1786441291189 was preloaded using link preload but not used within a few seconds from the window's load event. Please make sure it has an appropriate `as` value and it is preloaded intentionally. @ http://localhost:3000/preview/arcstone-growth?frame=1:0
[ 1165941ms] [WARNING] The resource http://localhost:3000/_next/static/media/7b89a4fd5e90ede0-s.p.woff2?v=1786441291189 was preloaded using link preload but not used within a few seconds from the window's load event. Please make sure it has an appropriate `as` value and it is preloaded intentionally. @ http://localhost:3000/preview/arcstone-growth?frame=1:0
[ 1165941ms] [WARNING] The resource http://localhost:3000/_next/static/media/569ce4b8f30dc480-s.p.woff2?v=1786441291189 was preloaded using link preload but not used within a few seconds from the window's load event. Please make sure it has an appropriate `as` value and it is preloaded intentionally. @ http://localhost:3000/preview/arcstone-growth?frame=1:0
[ 1167638ms] [LOG] [Fast Refresh] rebuilding @ webpack-internal:///(app-pages-browser)/./node_modules/next/dist/next-devtools/shared/forward-logs-shared.js:27
[ 1168342ms] [LOG] [Fast Refresh] done in 704ms @ webpack-internal:///(app-pages-browser)/./node_modules/next/dist/next-devtools/shared/forward-logs-shared.js:27
[ 1170498ms] [LOG] [Fast Refresh] rebuilding @ webpack-internal:///(app-pages-browser)/./node_modules/next/dist/next-devtools/shared/forward-logs-shared.js:27
[ 1171077ms] [LOG] [Fast Refresh] done in 580ms @ webpack-internal:///(app-pages-browser)/./node_modules/next/dist/next-devtools/shared/forward-logs-shared.js:27
[ 1175642ms] [LOG] [Fast Refresh] rebuilding @ webpack-internal:///(app-pages-browser)/./node_modules/next/dist/next-devtools/shared/forward-logs-shared.js:27
[ 1176730ms] [LOG] [Fast Refresh] done in 1086ms @ webpack-internal:///(app-pages-browser)/./node_modules/next/dist/next-devtools/shared/forward-logs-shared.js:27
[ 1180524ms] [LOG] [Fast Refresh] rebuilding @ webpack-internal:///(app-pages-browser)/./node_modules/next/dist/next-devtools/shared/forward-logs-shared.js:27
[ 1181565ms] [LOG] [Fast Refresh] done in 1042ms @ webpack-internal:///(app-pages-browser)/./node_modules/next/dist/next-devtools/shared/forward-logs-shared.js:27
[ 1184432ms] [LOG] [Fast Refresh] rebuilding @ webpack-internal:///(app-pages-browser)/./node_modules/next/dist/next-devtools/shared/forward-logs-shared.js:27
[ 1184643ms] [WARNING] The resource http://localhost:3000/_next/static/media/be955174636e5369-s.p.woff2?v=1786441291189 was preloaded using link preload but not used within a few seconds from the window's load event. Please make sure it has an appropriate `as` value and it is preloaded intentionally. @ http://localhost:3000/preview/arcstone-growth?frame=1:0
[ 1184643ms] [WARNING] The resource http://localhost:3000/_next/static/media/9dd75fadc5b3df29-s.p.woff2?v=1786441291189 was preloaded using link preload but not used within a few seconds from the window's load event. Please make sure it has an appropriate `as` value and it is preloaded intentionally. @ http://localhost:3000/preview/arcstone-growth?frame=1:0
[ 1184643ms] [WARNING] The resource http://localhost:3000/_next/static/chunks/_app-pages-browser_src_templates_arcstone-growth_template_tsx.js was preloaded using link preload but not used within a few seconds from the window's load event. Please make sure it has an appropriate `as` value and it is preloaded intentionally. @ http://localhost:3000/preview/arcstone-growth?frame=1:0
[ 1184643ms] [WARNING] The resource http://localhost:3000/_next/static/media/ee40bb094c99a29a-s.p.woff2?v=1786441291189 was preloaded using link preload but not used within a few seconds from the window's load event. Please make sure it has an appropriate `as` value and it is preloaded intentionally. @ http://localhost:3000/preview/arcstone-growth?frame=1:0
[ 1184644ms] [WARNING] The resource http://localhost:3000/_next/static/media/e4af272ccee01ff0-s.p.woff2?v=1786441291189 was preloaded using link preload but not used within a few seconds from the window's load event. Please make sure it has an appropriate `as` value and it is preloaded intentionally. @ http://localhost:3000/preview/arcstone-growth?frame=1:0
[ 1184644ms] [WARNING] The resource http://localhost:3000/_next/static/media/eaead17c7dbfcd5d-s.p.woff2?v=1786441291189 was preloaded using link preload but not used within a few seconds from the window's load event. Please make sure it has an appropriate `as` value and it is preloaded intentionally. @ http://localhost:3000/preview/arcstone-growth?frame=1:0
[ 1184644ms] [WARNING] The resource http://localhost:3000/_next/static/media/7b89a4fd5e90ede0-s.p.woff2?v=1786441291189 was preloaded using link preload but not used within a few seconds from the window's load event. Please make sure it has an appropriate `as` value and it is preloaded intentionally. @ http://localhost:3000/preview/arcstone-growth?frame=1:0
[ 1184644ms] [WARNING] The resource http://localhost:3000/_next/static/media/569ce4b8f30dc480-s.p.woff2?v=1786441291189 was preloaded using link preload but not used within a few seconds from the window's load event. Please make sure it has an appropriate `as` value and it is preloaded intentionally. @ http://localhost:3000/preview/arcstone-growth?frame=1:0
[ 1185415ms] [LOG] [Fast Refresh] done in 984ms @ webpack-internal:///(app-pages-browser)/./node_modules/next/dist/next-devtools/shared/forward-logs-shared.js:27
[ 1187412ms] [LOG] [Fast Refresh] rebuilding @ webpack-internal:///(app-pages-browser)/./node_modules/next/dist/next-devtools/shared/forward-logs-shared.js:27
[ 1188997ms] [LOG] [Fast Refresh] done in 1585ms @ webpack-internal:///(app-pages-browser)/./node_modules/next/dist/next-devtools/shared/forward-logs-shared.js:27
[ 1190326ms] [LOG] [Fast Refresh] rebuilding @ webpack-internal:///(app-pages-browser)/./node_modules/next/dist/next-devtools/shared/forward-logs-shared.js:27
[ 1190597ms] [LOG] [Fast Refresh] done in 270ms @ webpack-internal:///(app-pages-browser)/./node_modules/next/dist/next-devtools/shared/forward-logs-shared.js:27
[ 1193868ms] [LOG] [Fast Refresh] rebuilding @ webpack-internal:///(app-pages-browser)/./node_modules/next/dist/next-devtools/shared/forward-logs-shared.js:27
[ 1195306ms] [LOG] [Fast Refresh] done in 1438ms @ webpack-internal:///(app-pages-browser)/./node_modules/next/dist/next-devtools/shared/forward-logs-shared.js:27
[ 1201149ms] [INFO] %cDownload the React DevTools for a better development experience: https://react.dev/link/react-devtools font-weight:bold @ webpack-internal:///(app-pages-browser)/./node_modules/next/dist/next-devtools/shared/forward-logs-shared.js:27
[ 1202873ms] [LOG] [HMR] connected @ webpack-internal:///(app-pages-browser)/./node_modules/next/dist/next-devtools/shared/forward-logs-shared.js:27
[ 1206262ms] [WARNING] The resource http://localhost:3000/_next/static/media/569ce4b8f30dc480-s.p.woff2?v=1786441346076 was preloaded using link preload but not used within a few seconds from the window's load event. Please make sure it has an appropriate `as` value and it is preloaded intentionally. @ http://localhost:3000/preview/arcstone-growth?frame=1:0
[ 1206265ms] [WARNING] The resource http://localhost:3000/_next/static/media/eaead17c7dbfcd5d-s.p.woff2?v=1786441346076 was preloaded using link preload but not used within a few seconds from the window's load event. Please make sure it has an appropriate `as` value and it is preloaded intentionally. @ http://localhost:3000/preview/arcstone-growth?frame=1:0
[ 1206265ms] [WARNING] The resource http://localhost:3000/_next/static/media/be955174636e5369-s.p.woff2?v=1786441346076 was preloaded using link preload but not used within a few seconds from the window's load event. Please make sure it has an appropriate `as` value and it is preloaded intentionally. @ http://localhost:3000/preview/arcstone-growth?frame=1:0
[ 1206265ms] [WARNING] The resource http://localhost:3000/_next/static/media/ee40bb094c99a29a-s.p.woff2?v=1786441346076 was preloaded using link preload but not used within a few seconds from the window's load event. Please make sure it has an appropriate `as` value and it is preloaded intentionally. @ http://localhost:3000/preview/arcstone-growth?frame=1:0
[ 1206265ms] [WARNING] The resource http://localhost:3000/_next/static/chunks/_app-pages-browser_src_templates_arcstone-growth_template_tsx.js was preloaded using link preload but not used within a few seconds from the window's load event. Please make sure it has an appropriate `as` value and it is preloaded intentionally. @ http://localhost:3000/preview/arcstone-growth?frame=1:0
[ 1206265ms] [WARNING] The resource http://localhost:3000/_next/static/media/7b89a4fd5e90ede0-s.p.woff2?v=1786441346076 was preloaded using link preload but not used within a few seconds from the window's load event. Please make sure it has an appropriate `as` value and it is preloaded intentionally. @ http://localhost:3000/preview/arcstone-growth?frame=1:0
[ 1206265ms] [WARNING] The resource http://localhost:3000/_next/static/media/9dd75fadc5b3df29-s.p.woff2?v=1786441346076 was preloaded using link preload but not used within a few seconds from the window's load event. Please make sure it has an appropriate `as` value and it is preloaded intentionally. @ http://localhost:3000/preview/arcstone-growth?frame=1:0
[ 1206265ms] [WARNING] The resource http://localhost:3000/_next/static/media/e4af272ccee01ff0-s.p.woff2?v=1786441346076 was preloaded using link preload but not used within a few seconds from the window's load event. Please make sure it has an appropriate `as` value and it is preloaded intentionally. @ http://localhost:3000/preview/arcstone-growth?frame=1:0
[ 1213188ms] [LOG] [Fast Refresh] rebuilding @ webpack-internal:///(app-pages-browser)/./node_modules/next/dist/next-devtools/shared/forward-logs-shared.js:27
[ 1215956ms] [LOG] [Fast Refresh] done in 2768ms @ webpack-internal:///(app-pages-browser)/./node_modules/next/dist/next-devtools/shared/forward-logs-shared.js:27
[ 1216087ms] [LOG] [Fast Refresh] rebuilding @ webpack-internal:///(app-pages-browser)/./node_modules/next/dist/next-devtools/shared/forward-logs-shared.js:27
[ 1216315ms] [LOG] [Fast Refresh] done in 229ms @ webpack-internal:///(app-pages-browser)/./node_modules/next/dist/next-devtools/shared/forward-logs-shared.js:27
[ 1219122ms] [LOG] [Fast Refresh] rebuilding @ webpack-internal:///(app-pages-browser)/./node_modules/next/dist/next-devtools/shared/forward-logs-shared.js:27
[ 1219983ms] [LOG] [Fast Refresh] done in 861ms @ webpack-internal:///(app-pages-browser)/./node_modules/next/dist/next-devtools/shared/forward-logs-shared.js:27
[ 1221004ms] [LOG] [Fast Refresh] rebuilding @ webpack-internal:///(app-pages-browser)/./node_modules/next/dist/next-devtools/shared/forward-logs-shared.js:27
[ 1221121ms] [LOG] [Fast Refresh] done in 117ms @ webpack-internal:///(app-pages-browser)/./node_modules/next/dist/next-devtools/shared/forward-logs-shared.js:27
[ 1222752ms] [LOG] [Fast Refresh] rebuilding @ webpack-internal:///(app-pages-browser)/./node_modules/next/dist/next-devtools/shared/forward-logs-shared.js:27
[ 1224297ms] [LOG] [Fast Refresh] done in 1545ms @ webpack-internal:///(app-pages-browser)/./node_modules/next/dist/next-devtools/shared/forward-logs-shared.js:27
[ 1226060ms] [LOG] [Fast Refresh] rebuilding @ webpack-internal:///(app-pages-browser)/./node_modules/next/dist/next-devtools/shared/forward-logs-shared.js:27
[ 1226602ms] [LOG] [Fast Refresh] done in 541ms @ webpack-internal:///(app-pages-browser)/./node_modules/next/dist/next-devtools/shared/forward-logs-shared.js:27
[ 1228183ms] [LOG] [Fast Refresh] rebuilding @ webpack-internal:///(app-pages-browser)/./node_modules/next/dist/next-devtools/shared/forward-logs-shared.js:27
[ 1228397ms] [LOG] [Fast Refresh] done in 215ms @ webpack-internal:///(app-pages-browser)/./node_modules/next/dist/next-devtools/shared/forward-logs-shared.js:27
[ 1232880ms] [INFO] %cDownload the React DevTools for a better development experience: https://react.dev/link/react-devtools font-weight:bold @ webpack-internal:///(app-pages-browser)/./node_modules/next/dist/next-devtools/shared/forward-logs-shared.js:27
[ 1233517ms] [LOG] [HMR] connected @ webpack-internal:///(app-pages-browser)/./node_modules/next/dist/next-devtools/shared/forward-logs-shared.js:27
[ 1237310ms] [LOG] [Fast Refresh] rebuilding @ webpack-internal:///(app-pages-browser)/./node_modules/next/dist/next-devtools/shared/forward-logs-shared.js:27
[ 1240205ms] [LOG] [Fast Refresh] done in 2896ms @ webpack-internal:///(app-pages-browser)/./node_modules/next/dist/next-devtools/shared/forward-logs-shared.js:27
[ 1241093ms] [LOG] [Fast Refresh] rebuilding @ webpack-internal:///(app-pages-browser)/./node_modules/next/dist/next-devtools/shared/forward-logs-shared.js:27
[ 1241274ms] [LOG] [Fast Refresh] done in 182ms @ webpack-internal:///(app-pages-browser)/./node_modules/next/dist/next-devtools/shared/forward-logs-shared.js:27
[ 1244362ms] [WARNING] The resource http://localhost:3000/_next/static/media/be955174636e5369-s.p.woff2?v=1786441377766 was preloaded using link preload but not used within a few seconds from the window's load event. Please make sure it has an appropriate `as` value and it is preloaded intentionally. @ http://localhost:3000/preview/arcstone-growth?frame=1:0
[ 1244364ms] [WARNING] The resource http://localhost:3000/_next/static/media/9dd75fadc5b3df29-s.p.woff2?v=1786441377766 was preloaded using link preload but not used within a few seconds from the window's load event. Please make sure it has an appropriate `as` value and it is preloaded intentionally. @ http://localhost:3000/preview/arcstone-growth?frame=1:0
[ 1244364ms] [WARNING] The resource http://localhost:3000/_next/static/media/7b89a4fd5e90ede0-s.p.woff2?v=1786441377766 was preloaded using link preload but not used within a few seconds from the window's load event. Please make sure it has an appropriate `as` value and it is preloaded intentionally. @ http://localhost:3000/preview/arcstone-growth?frame=1:0
[ 1244364ms] [WARNING] The resource http://localhost:3000/_next/static/chunks/_app-pages-browser_src_templates_arcstone-growth_template_tsx.js was preloaded using link preload but not used within a few seconds from the window's load event. Please make sure it has an appropriate `as` value and it is preloaded intentionally. @ http://localhost:3000/preview/arcstone-growth?frame=1:0
[ 1244365ms] [WARNING] The resource http://localhost:3000/_next/static/media/ee40bb094c99a29a-s.p.woff2?v=1786441377766 was preloaded using link preload but not used within a few seconds from the window's load event. Please make sure it has an appropriate `as` value and it is preloaded intentionally. @ http://localhost:3000/preview/arcstone-growth?frame=1:0
[ 1244365ms] [WARNING] The resource http://localhost:3000/_next/static/media/e4af272ccee01ff0-s.p.woff2?v=1786441377766 was preloaded using link preload but not used within a few seconds from the window's load event. Please make sure it has an appropriate `as` value and it is preloaded intentionally. @ http://localhost:3000/preview/arcstone-growth?frame=1:0
[ 1244365ms] [WARNING] The resource http://localhost:3000/_next/static/media/eaead17c7dbfcd5d-s.p.woff2?v=1786441377766 was preloaded using link preload but not used within a few seconds from the window's load event. Please make sure it has an appropriate `as` value and it is preloaded intentionally. @ http://localhost:3000/preview/arcstone-growth?frame=1:0
[ 1244365ms] [WARNING] The resource http://localhost:3000/_next/static/media/569ce4b8f30dc480-s.p.woff2?v=1786441377766 was preloaded using link preload but not used within a few seconds from the window's load event. Please make sure it has an appropriate `as` value and it is preloaded intentionally. @ http://localhost:3000/preview/arcstone-growth?frame=1:0
[ 1250161ms] [LOG] [Fast Refresh] done in 9069ms @ webpack-internal:///(app-pages-browser)/./node_modules/next/dist/next-devtools/shared/forward-logs-shared.js:27
[ 1250257ms] [LOG] [Fast Refresh] rebuilding @ webpack-internal:///(app-pages-browser)/./node_modules/next/dist/next-devtools/shared/forward-logs-shared.js:27
[ 1252976ms] [LOG] [Fast Refresh] rebuilding @ webpack-internal:///(app-pages-browser)/./node_modules/next/dist/next-devtools/shared/forward-logs-shared.js:27
[ 1253126ms] [LOG] [Fast Refresh] done in 150ms @ webpack-internal:///(app-pages-browser)/./node_modules/next/dist/next-devtools/shared/forward-logs-shared.js:27
[ 1256129ms] [WARNING] The resource http://localhost:3000/_next/static/media/be955174636e5369-s.p.woff2?v=1786441377766 was preloaded using link preload but not used within a few seconds from the window's load event. Please make sure it has an appropriate `as` value and it is preloaded intentionally. @ http://localhost:3000/preview/arcstone-growth?frame=1:0
[ 1256130ms] [WARNING] The resource http://localhost:3000/_next/static/media/9dd75fadc5b3df29-s.p.woff2?v=1786441377766 was preloaded using link preload but not used within a few seconds from the window's load event. Please make sure it has an appropriate `as` value and it is preloaded intentionally. @ http://localhost:3000/preview/arcstone-growth?frame=1:0
[ 1256130ms] [WARNING] The resource http://localhost:3000/_next/static/media/7b89a4fd5e90ede0-s.p.woff2?v=1786441377766 was preloaded using link preload but not used within a few seconds from the window's load event. Please make sure it has an appropriate `as` value and it is preloaded intentionally. @ http://localhost:3000/preview/arcstone-growth?frame=1:0
[ 1256130ms] [WARNING] The resource http://localhost:3000/_next/static/chunks/_app-pages-browser_src_templates_arcstone-growth_template_tsx.js was preloaded using link preload but not used within a few seconds from the window's load event. Please make sure it has an appropriate `as` value and it is preloaded intentionally. @ http://localhost:3000/preview/arcstone-growth?frame=1:0
[ 1256131ms] [WARNING] The resource http://localhost:3000/_next/static/media/ee40bb094c99a29a-s.p.woff2?v=1786441377766 was preloaded using link preload but not used within a few seconds from the window's load event. Please make sure it has an appropriate `as` value and it is preloaded intentionally. @ http://localhost:3000/preview/arcstone-growth?frame=1:0
[ 1256131ms] [WARNING] The resource http://localhost:3000/_next/static/media/e4af272ccee01ff0-s.p.woff2?v=1786441377766 was preloaded using link preload but not used within a few seconds from the window's load event. Please make sure it has an appropriate `as` value and it is preloaded intentionally. @ http://localhost:3000/preview/arcstone-growth?frame=1:0
[ 1256131ms] [WARNING] The resource http://localhost:3000/_next/static/media/eaead17c7dbfcd5d-s.p.woff2?v=1786441377766 was preloaded using link preload but not used within a few seconds from the window's load event. Please make sure it has an appropriate `as` value and it is preloaded intentionally. @ http://localhost:3000/preview/arcstone-growth?frame=1:0
[ 1256131ms] [WARNING] The resource http://localhost:3000/_next/static/media/569ce4b8f30dc480-s.p.woff2?v=1786441377766 was preloaded using link preload but not used within a few seconds from the window's load event. Please make sure it has an appropriate `as` value and it is preloaded intentionally. @ http://localhost:3000/preview/arcstone-growth?frame=1:0
[ 1259614ms] [LOG] [Fast Refresh] rebuilding @ webpack-internal:///(app-pages-browser)/./node_modules/next/dist/next-devtools/shared/forward-logs-shared.js:27
[ 1259762ms] [LOG] [Fast Refresh] done in 148ms @ webpack-internal:///(app-pages-browser)/./node_modules/next/dist/next-devtools/shared/forward-logs-shared.js:27
[ 1261424ms] [LOG] [Fast Refresh] rebuilding @ webpack-internal:///(app-pages-browser)/./node_modules/next/dist/next-devtools/shared/forward-logs-shared.js:27
[ 1261560ms] [LOG] [Fast Refresh] done in 136ms @ webpack-internal:///(app-pages-browser)/./node_modules/next/dist/next-devtools/shared/forward-logs-shared.js:27
[ 1263408ms] [LOG] [Fast Refresh] rebuilding @ webpack-internal:///(app-pages-browser)/./node_modules/next/dist/next-devtools/shared/forward-logs-shared.js:27
[ 1264210ms] [LOG] [Fast Refresh] done in 802ms @ webpack-internal:///(app-pages-browser)/./node_modules/next/dist/next-devtools/shared/forward-logs-shared.js:27
[ 1265575ms] [LOG] [Fast Refresh] rebuilding @ webpack-internal:///(app-pages-browser)/./node_modules/next/dist/next-devtools/shared/forward-logs-shared.js:27
[ 1265652ms] [LOG] [Fast Refresh] done in 78ms @ webpack-internal:///(app-pages-browser)/./node_modules/next/dist/next-devtools/shared/forward-logs-shared.js:27
[ 1267960ms] [LOG] [Fast Refresh] rebuilding @ webpack-internal:///(app-pages-browser)/./node_modules/next/dist/next-devtools/shared/forward-logs-shared.js:27
[ 1268724ms] [LOG] [Fast Refresh] done in 764ms @ webpack-internal:///(app-pages-browser)/./node_modules/next/dist/next-devtools/shared/forward-logs-shared.js:27
[ 1282480ms] [INFO] %cDownload the React DevTools for a better development experience: https://react.dev/link/react-devtools font-weight:bold @ webpack-internal:///(app-pages-browser)/./node_modules/next/dist/next-devtools/shared/forward-logs-shared.js:27
[ 1283661ms] [LOG] [HMR] connected @ webpack-internal:///(app-pages-browser)/./node_modules/next/dist/next-devtools/shared/forward-logs-shared.js:27
[ 1288599ms] [WARNING] The resource http://localhost:3000/_next/static/media/9dd75fadc5b3df29-s.p.woff2?v=1786441419114 was preloaded using link preload but not used within a few seconds from the window's load event. Please make sure it has an appropriate `as` value and it is preloaded intentionally. @ http://localhost:3000/preview/arcstone-growth?frame=1:0
[ 1288600ms] [WARNING] The resource http://localhost:3000/_next/static/media/e4af272ccee01ff0-s.p.woff2?v=1786441419114 was preloaded using link preload but not used within a few seconds from the window's load event. Please make sure it has an appropriate `as` value and it is preloaded intentionally. @ http://localhost:3000/preview/arcstone-growth?frame=1:0
[ 1288600ms] [WARNING] The resource http://localhost:3000/_next/static/chunks/_app-pages-browser_src_templates_arcstone-growth_template_tsx.js was preloaded using link preload but not used within a few seconds from the window's load event. Please make sure it has an appropriate `as` value and it is preloaded intentionally. @ http://localhost:3000/preview/arcstone-growth?frame=1:0
[ 1288600ms] [WARNING] The resource http://localhost:3000/_next/static/media/ee40bb094c99a29a-s.p.woff2?v=1786441419114 was preloaded using link preload but not used within a few seconds from the window's load event. Please make sure it has an appropriate `as` value and it is preloaded intentionally. @ http://localhost:3000/preview/arcstone-growth?frame=1:0
[ 1288600ms] [WARNING] The resource http://localhost:3000/_next/static/media/be955174636e5369-s.p.woff2?v=1786441419114 was preloaded using link preload but not used within a few seconds from the window's load event. Please make sure it has an appropriate `as` value and it is preloaded intentionally. @ http://localhost:3000/preview/arcstone-growth?frame=1:0
[ 1288600ms] [WARNING] The resource http://localhost:3000/_next/static/media/eaead17c7dbfcd5d-s.p.woff2?v=1786441419114 was preloaded using link preload but not used within a few seconds from the window's load event. Please make sure it has an appropriate `as` value and it is preloaded intentionally. @ http://localhost:3000/preview/arcstone-growth?frame=1:0
[ 1288600ms] [WARNING] The resource http://localhost:3000/_next/static/media/569ce4b8f30dc480-s.p.woff2?v=1786441419114 was preloaded using link preload but not used within a few seconds from the window's load event. Please make sure it has an appropriate `as` value and it is preloaded intentionally. @ http://localhost:3000/preview/arcstone-growth?frame=1:0
[ 1288600ms] [WARNING] The resource http://localhost:3000/_next/static/media/7b89a4fd5e90ede0-s.p.woff2?v=1786441419114 was preloaded using link preload but not used within a few seconds from the window's load event. Please make sure it has an appropriate `as` value and it is preloaded intentionally. @ http://localhost:3000/preview/arcstone-growth?frame=1:0
[ 1290492ms] [LOG] [Fast Refresh] rebuilding @ webpack-internal:///(app-pages-browser)/./node_modules/next/dist/next-devtools/shared/forward-logs-shared.js:27
[ 1292252ms] [LOG] [Fast Refresh] done in 1760ms @ webpack-internal:///(app-pages-browser)/./node_modules/next/dist/next-devtools/shared/forward-logs-shared.js:27
[ 1293414ms] [LOG] [Fast Refresh] rebuilding @ webpack-internal:///(app-pages-browser)/./node_modules/next/dist/next-devtools/shared/forward-logs-shared.js:27
[ 1293558ms] [LOG] [Fast Refresh] done in 145ms @ webpack-internal:///(app-pages-browser)/./node_modules/next/dist/next-devtools/shared/forward-logs-shared.js:27
[ 1299866ms] [INFO] %cDownload the React DevTools for a better development experience: https://react.dev/link/react-devtools font-weight:bold @ webpack-internal:///(app-pages-browser)/./node_modules/next/dist/next-devtools/shared/forward-logs-shared.js:27
[ 1300391ms] [LOG] [HMR] connected @ webpack-internal:///(app-pages-browser)/./node_modules/next/dist/next-devtools/shared/forward-logs-shared.js:27
[ 1303321ms] [LOG] [Fast Refresh] rebuilding @ webpack-internal:///(app-pages-browser)/./node_modules/next/dist/next-devtools/shared/forward-logs-shared.js:27
[ 1308178ms] [LOG] [Fast Refresh] done in 4857ms @ webpack-internal:///(app-pages-browser)/./node_modules/next/dist/next-devtools/shared/forward-logs-shared.js:27
[ 1311195ms] [WARNING] The resource http://localhost:3000/_next/static/media/be955174636e5369-s.p.woff2?v=1786441445102 was preloaded using link preload but not used within a few seconds from the window's load event. Please make sure it has an appropriate `as` value and it is preloaded intentionally. @ http://localhost:3000/preview/arcstone-growth?frame=1:0
[ 1311196ms] [WARNING] The resource http://localhost:3000/_next/static/media/7b89a4fd5e90ede0-s.p.woff2?v=1786441445102 was preloaded using link preload but not used within a few seconds from the window's load event. Please make sure it has an appropriate `as` value and it is preloaded intentionally. @ http://localhost:3000/preview/arcstone-growth?frame=1:0
[ 1311196ms] [WARNING] The resource http://localhost:3000/_next/static/media/eaead17c7dbfcd5d-s.p.woff2?v=1786441445102 was preloaded using link preload but not used within a few seconds from the window's load event. Please make sure it has an appropriate `as` value and it is preloaded intentionally. @ http://localhost:3000/preview/arcstone-growth?frame=1:0
[ 1311196ms] [WARNING] The resource http://localhost:3000/_next/static/media/569ce4b8f30dc480-s.p.woff2?v=1786441445102 was preloaded using link preload but not used within a few seconds from the window's load event. Please make sure it has an appropriate `as` value and it is preloaded intentionally. @ http://localhost:3000/preview/arcstone-growth?frame=1:0
[ 1311196ms] [WARNING] The resource http://localhost:3000/_next/static/media/9dd75fadc5b3df29-s.p.woff2?v=1786441445102 was preloaded using link preload but not used within a few seconds from the window's load event. Please make sure it has an appropriate `as` value and it is preloaded intentionally. @ http://localhost:3000/preview/arcstone-growth?frame=1:0
[ 1311196ms] [WARNING] The resource http://localhost:3000/_next/static/media/e4af272ccee01ff0-s.p.woff2?v=1786441445102 was preloaded using link preload but not used within a few seconds from the window's load event. Please make sure it has an appropriate `as` value and it is preloaded intentionally. @ http://localhost:3000/preview/arcstone-growth?frame=1:0
[ 1311196ms] [WARNING] The resource http://localhost:3000/_next/static/media/ee40bb094c99a29a-s.p.woff2?v=1786441445102 was preloaded using link preload but not used within a few seconds from the window's load event. Please make sure it has an appropriate `as` value and it is preloaded intentionally. @ http://localhost:3000/preview/arcstone-growth?frame=1:0
[ 1311196ms] [WARNING] The resource http://localhost:3000/_next/static/chunks/_app-pages-browser_src_templates_arcstone-growth_template_tsx.js was preloaded using link preload but not used within a few seconds from the window's load event. Please make sure it has an appropriate `as` value and it is preloaded intentionally. @ http://localhost:3000/preview/arcstone-growth?frame=1:0
[ 1311634ms] [LOG] [Fast Refresh] rebuilding @ webpack-internal:///(app-pages-browser)/./node_modules/next/dist/next-devtools/shared/forward-logs-shared.js:27
[ 1312660ms] [LOG] [Fast Refresh] done in 1028ms @ webpack-internal:///(app-pages-browser)/./node_modules/next/dist/next-devtools/shared/forward-logs-shared.js:27
[ 1314498ms] [LOG] [Fast Refresh] rebuilding @ webpack-internal:///(app-pages-browser)/./node_modules/next/dist/next-devtools/shared/forward-logs-shared.js:27
[ 1314604ms] [LOG] [Fast Refresh] done in 106ms @ webpack-internal:///(app-pages-browser)/./node_modules/next/dist/next-devtools/shared/forward-logs-shared.js:27
[ 1316025ms] [LOG] [Fast Refresh] rebuilding @ webpack-internal:///(app-pages-browser)/./node_modules/next/dist/next-devtools/shared/forward-logs-shared.js:27
[ 1316129ms] [LOG] [Fast Refresh] done in 104ms @ webpack-internal:///(app-pages-browser)/./node_modules/next/dist/next-devtools/shared/forward-logs-shared.js:27
[ 1317599ms] [LOG] [Fast Refresh] rebuilding @ webpack-internal:///(app-pages-browser)/./node_modules/next/dist/next-devtools/shared/forward-logs-shared.js:27
[ 1317716ms] [LOG] [Fast Refresh] done in 118ms @ webpack-internal:///(app-pages-browser)/./node_modules/next/dist/next-devtools/shared/forward-logs-shared.js:27
[ 1319173ms] [LOG] [Fast Refresh] rebuilding @ webpack-internal:///(app-pages-browser)/./node_modules/next/dist/next-devtools/shared/forward-logs-shared.js:27
[ 1319301ms] [LOG] [Fast Refresh] done in 128ms @ webpack-internal:///(app-pages-browser)/./node_modules/next/dist/next-devtools/shared/forward-logs-shared.js:27
[ 1322707ms] [LOG] [Fast Refresh] rebuilding @ webpack-internal:///(app-pages-browser)/./node_modules/next/dist/next-devtools/shared/forward-logs-shared.js:27
[ 1323069ms] [LOG] [Fast Refresh] done in 362ms @ webpack-internal:///(app-pages-browser)/./node_modules/next/dist/next-devtools/shared/forward-logs-shared.js:27
[ 1324681ms] [LOG] [Fast Refresh] rebuilding @ webpack-internal:///(app-pages-browser)/./node_modules/next/dist/next-devtools/shared/forward-logs-shared.js:27
[ 1324743ms] [LOG] [Fast Refresh] done in 62ms @ webpack-internal:///(app-pages-browser)/./node_modules/next/dist/next-devtools/shared/forward-logs-shared.js:27
[ 1326320ms] [LOG] [Fast Refresh] rebuilding @ webpack-internal:///(app-pages-browser)/./node_modules/next/dist/next-devtools/shared/forward-logs-shared.js:27
[ 1326421ms] [LOG] [Fast Refresh] done in 100ms @ webpack-internal:///(app-pages-browser)/./node_modules/next/dist/next-devtools/shared/forward-logs-shared.js:27
[ 1328132ms] [LOG] [Fast Refresh] rebuilding @ webpack-internal:///(app-pages-browser)/./node_modules/next/dist/next-devtools/shared/forward-logs-shared.js:27
[ 1328240ms] [LOG] [Fast Refresh] done in 108ms @ webpack-internal:///(app-pages-browser)/./node_modules/next/dist/next-devtools/shared/forward-logs-shared.js:27
[ 1329614ms] [LOG] [Fast Refresh] rebuilding @ webpack-internal:///(app-pages-browser)/./node_modules/next/dist/next-devtools/shared/forward-logs-shared.js:27
[ 1329709ms] [LOG] [Fast Refresh] done in 95ms @ webpack-internal:///(app-pages-browser)/./node_modules/next/dist/next-devtools/shared/forward-logs-shared.js:27
[ 1341848ms] [INFO] %cDownload the React DevTools for a better development experience: https://react.dev/link/react-devtools font-weight:bold @ webpack-internal:///(app-pages-browser)/./node_modules/next/dist/next-devtools/shared/forward-logs-shared.js:27
[ 1343098ms] [LOG] [HMR] connected @ webpack-internal:///(app-pages-browser)/./node_modules/next/dist/next-devtools/shared/forward-logs-shared.js:27
[ 1346703ms] [LOG] [Fast Refresh] rebuilding @ webpack-internal:///(app-pages-browser)/./node_modules/next/dist/next-devtools/shared/forward-logs-shared.js:27
[ 1348337ms] [LOG] [Fast Refresh] done in 1635ms @ webpack-internal:///(app-pages-browser)/./node_modules/next/dist/next-devtools/shared/forward-logs-shared.js:27
[ 1349127ms] [LOG] [Fast Refresh] rebuilding @ webpack-internal:///(app-pages-browser)/./node_modules/next/dist/next-devtools/shared/forward-logs-shared.js:27
[ 1349256ms] [LOG] [Fast Refresh] done in 128ms @ webpack-internal:///(app-pages-browser)/./node_modules/next/dist/next-devtools/shared/forward-logs-shared.js:27
[ 1350614ms] [LOG] [Fast Refresh] rebuilding @ webpack-internal:///(app-pages-browser)/./node_modules/next/dist/next-devtools/shared/forward-logs-shared.js:27
[ 1351594ms] [LOG] [Fast Refresh] done in 980ms @ webpack-internal:///(app-pages-browser)/./node_modules/next/dist/next-devtools/shared/forward-logs-shared.js:27
[ 1352974ms] [LOG] [Fast Refresh] rebuilding @ webpack-internal:///(app-pages-browser)/./node_modules/next/dist/next-devtools/shared/forward-logs-shared.js:27
[ 1353740ms] [LOG] [Fast Refresh] done in 767ms @ webpack-internal:///(app-pages-browser)/./node_modules/next/dist/next-devtools/shared/forward-logs-shared.js:27
[ 1355041ms] [LOG] [Fast Refresh] rebuilding @ webpack-internal:///(app-pages-browser)/./node_modules/next/dist/next-devtools/shared/forward-logs-shared.js:27
[ 1356883ms] [LOG] [Fast Refresh] done in 1842ms @ webpack-internal:///(app-pages-browser)/./node_modules/next/dist/next-devtools/shared/forward-logs-shared.js:27
[ 1359195ms] [LOG] [Fast Refresh] rebuilding @ webpack-internal:///(app-pages-browser)/./node_modules/next/dist/next-devtools/shared/forward-logs-shared.js:27
[ 1359313ms] [LOG] [Fast Refresh] done in 118ms @ webpack-internal:///(app-pages-browser)/./node_modules/next/dist/next-devtools/shared/forward-logs-shared.js:27
[ 1360921ms] [LOG] [Fast Refresh] rebuilding @ webpack-internal:///(app-pages-browser)/./node_modules/next/dist/next-devtools/shared/forward-logs-shared.js:27
[ 1361035ms] [LOG] [Fast Refresh] done in 114ms @ webpack-internal:///(app-pages-browser)/./node_modules/next/dist/next-devtools/shared/forward-logs-shared.js:27
[ 1362903ms] [LOG] [Fast Refresh] rebuilding @ webpack-internal:///(app-pages-browser)/./node_modules/next/dist/next-devtools/shared/forward-logs-shared.js:27
[ 1362992ms] [LOG] [Fast Refresh] done in 89ms @ webpack-internal:///(app-pages-browser)/./node_modules/next/dist/next-devtools/shared/forward-logs-shared.js:27
[ 1365995ms] [WARNING] The resource http://localhost:3000/_next/static/css/app/layout.css?v=1786441504396 was preloaded using link preload but not used within a few seconds from the window's load event. Please make sure it has an appropriate `as` value and it is preloaded intentionally. @ http://localhost:3000/preview/arcstone-growth?frame=1:0
[ 1365995ms] [WARNING] The resource http://localhost:3000/_next/static/css/app/preview/%5BtemplateId%5D/page.css?v=1786441509312 was preloaded using link preload but not used within a few seconds from the window's load event. Please make sure it has an appropriate `as` value and it is preloaded intentionally. @ http://localhost:3000/preview/arcstone-growth?frame=1:0
[ 1365995ms] [WARNING] The resource http://localhost:3000/_next/static/media/7b89a4fd5e90ede0-s.p.woff2?v=1786441480725 was preloaded using link preload but not used within a few seconds from the window's load event. Please make sure it has an appropriate `as` value and it is preloaded intentionally. @ http://localhost:3000/preview/arcstone-growth?frame=1:0
[ 1365995ms] [WARNING] The resource http://localhost:3000/_next/static/chunks/_app-pages-browser_src_templates_arcstone-growth_template_tsx.js was preloaded using link preload but not used within a few seconds from the window's load event. Please make sure it has an appropriate `as` value and it is preloaded intentionally. @ http://localhost:3000/preview/arcstone-growth?frame=1:0
[ 1365995ms] [WARNING] The resource http://localhost:3000/_next/static/media/9dd75fadc5b3df29-s.p.woff2?v=1786441480725 was preloaded using link preload but not used within a few seconds from the window's load event. Please make sure it has an appropriate `as` value and it is preloaded intentionally. @ http://localhost:3000/preview/arcstone-growth?frame=1:0
[ 1365995ms] [WARNING] The resource http://localhost:3000/_next/static/media/e4af272ccee01ff0-s.p.woff2?v=1786441480725 was preloaded using link preload but not used within a few seconds from the window's load event. Please make sure it has an appropriate `as` value and it is preloaded intentionally. @ http://localhost:3000/preview/arcstone-growth?frame=1:0
[ 1365995ms] [WARNING] The resource http://localhost:3000/_next/static/media/ee40bb094c99a29a-s.p.woff2?v=1786441480725 was preloaded using link preload but not used within a few seconds from the window's load event. Please make sure it has an appropriate `as` value and it is preloaded intentionally. @ http://localhost:3000/preview/arcstone-growth?frame=1:0
[ 1365995ms] [WARNING] The resource http://localhost:3000/_next/static/css/app/preview/%5BtemplateId%5D/page.css?v=1786441504396 was preloaded using link preload but not used within a few seconds from the window's load event. Please make sure it has an appropriate `as` value and it is preloaded intentionally. @ http://localhost:3000/preview/arcstone-growth?frame=1:0
[ 1365995ms] [WARNING] The resource http://localhost:3000/_next/static/media/eaead17c7dbfcd5d-s.p.woff2?v=1786441480725 was preloaded using link preload but not used within a few seconds from the window's load event. Please make sure it has an appropriate `as` value and it is preloaded intentionally. @ http://localhost:3000/preview/arcstone-growth?frame=1:0
[ 1365995ms] [WARNING] The resource http://localhost:3000/_next/static/css/app/layout.css?v=1786441509312 was preloaded using link preload but not used within a few seconds from the window's load event. Please make sure it has an appropriate `as` value and it is preloaded intentionally. @ http://localhost:3000/preview/arcstone-growth?frame=1:0
[ 1365995ms] [WARNING] The resource http://localhost:3000/_next/static/media/be955174636e5369-s.p.woff2?v=1786441480725 was preloaded using link preload but not used within a few seconds from the window's load event. Please make sure it has an appropriate `as` value and it is preloaded intentionally. @ http://localhost:3000/preview/arcstone-growth?frame=1:0
[ 1365995ms] [WARNING] The resource http://localhost:3000/_next/static/media/569ce4b8f30dc480-s.p.woff2?v=1786441480725 was preloaded using link preload but not used within a few seconds from the window's load event. Please make sure it has an appropriate `as` value and it is preloaded intentionally. @ http://localhost:3000/preview/arcstone-growth?frame=1:0
[ 1366116ms] [LOG] [Fast Refresh] rebuilding @ webpack-internal:///(app-pages-browser)/./node_modules/next/dist/next-devtools/shared/forward-logs-shared.js:27
[ 1366518ms] [LOG] [Fast Refresh] done in 402ms @ webpack-internal:///(app-pages-browser)/./node_modules/next/dist/next-devtools/shared/forward-logs-shared.js:27
[ 1368203ms] [LOG] [Fast Refresh] rebuilding @ webpack-internal:///(app-pages-browser)/./node_modules/next/dist/next-devtools/shared/forward-logs-shared.js:27
[ 1368299ms] [LOG] [Fast Refresh] done in 96ms @ webpack-internal:///(app-pages-browser)/./node_modules/next/dist/next-devtools/shared/forward-logs-shared.js:27
[ 1371300ms] [WARNING] The resource http://localhost:3000/_next/static/css/app/layout.css?v=1786441504396 was preloaded using link preload but not used within a few seconds from the window's load event. Please make sure it has an appropriate `as` value and it is preloaded intentionally. @ http://localhost:3000/preview/arcstone-growth?frame=1:0
[ 1371300ms] [WARNING] The resource http://localhost:3000/_next/static/css/app/preview/%5BtemplateId%5D/page.css?v=1786441509312 was preloaded using link preload but not used within a few seconds from the window's load event. Please make sure it has an appropriate `as` value and it is preloaded intentionally. @ http://localhost:3000/preview/arcstone-growth?frame=1:0
[ 1371300ms] [WARNING] The resource http://localhost:3000/_next/static/media/7b89a4fd5e90ede0-s.p.woff2?v=1786441480725 was preloaded using link preload but not used within a few seconds from the window's load event. Please make sure it has an appropriate `as` value and it is preloaded intentionally. @ http://localhost:3000/preview/arcstone-growth?frame=1:0
[ 1371300ms] [WARNING] The resource http://localhost:3000/_next/static/chunks/_app-pages-browser_src_templates_arcstone-growth_template_tsx.js was preloaded using link preload but not used within a few seconds from the window's load event. Please make sure it has an appropriate `as` value and it is preloaded intentionally. @ http://localhost:3000/preview/arcstone-growth?frame=1:0
[ 1371301ms] [WARNING] The resource http://localhost:3000/_next/static/media/9dd75fadc5b3df29-s.p.woff2?v=1786441480725 was preloaded using link preload but not used within a few seconds from the window's load event. Please make sure it has an appropriate `as` value and it is preloaded intentionally. @ http://localhost:3000/preview/arcstone-growth?frame=1:0
[ 1371301ms] [WARNING] The resource http://localhost:3000/_next/static/media/e4af272ccee01ff0-s.p.woff2?v=1786441480725 was preloaded using link preload but not used within a few seconds from the window's load event. Please make sure it has an appropriate `as` value and it is preloaded intentionally. @ http://localhost:3000/preview/arcstone-growth?frame=1:0
[ 1371301ms] [WARNING] The resource http://localhost:3000/_next/static/media/ee40bb094c99a29a-s.p.woff2?v=1786441480725 was preloaded using link preload but not used within a few seconds from the window's load event. Please make sure it has an appropriate `as` value and it is preloaded intentionally. @ http://localhost:3000/preview/arcstone-growth?frame=1:0
[ 1371301ms] [WARNING] The resource http://localhost:3000/_next/static/css/app/preview/%5BtemplateId%5D/page.css?v=1786441504396 was preloaded using link preload but not used within a few seconds from the window's load event. Please make sure it has an appropriate `as` value and it is preloaded intentionally. @ http://localhost:3000/preview/arcstone-growth?frame=1:0
[ 1371302ms] [WARNING] The resource http://localhost:3000/_next/static/media/eaead17c7dbfcd5d-s.p.woff2?v=1786441480725 was preloaded using link preload but not used within a few seconds from the window's load event. Please make sure it has an appropriate `as` value and it is preloaded intentionally. @ http://localhost:3000/preview/arcstone-growth?frame=1:0
[ 1371302ms] [WARNING] The resource http://localhost:3000/_next/static/css/app/preview/%5BtemplateId%5D/page.css?v=1786441516581 was preloaded using link preload but not used within a few seconds from the window's load event. Please make sure it has an appropriate `as` value and it is preloaded intentionally. @ http://localhost:3000/preview/arcstone-growth?frame=1:0
[ 1371302ms] [WARNING] The resource http://localhost:3000/_next/static/css/app/layout.css?v=1786441516581 was preloaded using link preload but not used within a few seconds from the window's load event. Please make sure it has an appropriate `as` value and it is preloaded intentionally. @ http://localhost:3000/preview/arcstone-growth?frame=1:0
[ 1371302ms] [WARNING] The resource http://localhost:3000/_next/static/css/app/layout.css?v=1786441509312 was preloaded using link preload but not used within a few seconds from the window's load event. Please make sure it has an appropriate `as` value and it is preloaded intentionally. @ http://localhost:3000/preview/arcstone-growth?frame=1:0
[ 1371302ms] [WARNING] The resource http://localhost:3000/_next/static/media/be955174636e5369-s.p.woff2?v=1786441480725 was preloaded using link preload but not used within a few seconds from the window's load event. Please make sure it has an appropriate `as` value and it is preloaded intentionally. @ http://localhost:3000/preview/arcstone-growth?frame=1:0
[ 1371302ms] [WARNING] The resource http://localhost:3000/_next/static/media/569ce4b8f30dc480-s.p.woff2?v=1786441480725 was preloaded using link preload but not used within a few seconds from the window's load event. Please make sure it has an appropriate `as` value and it is preloaded intentionally. @ http://localhost:3000/preview/arcstone-growth?frame=1:0
[ 1373694ms] [LOG] [Fast Refresh] rebuilding @ webpack-internal:///(app-pages-browser)/./node_modules/next/dist/next-devtools/shared/forward-logs-shared.js:27
[ 1375197ms] [LOG] [Fast Refresh] done in 1504ms @ webpack-internal:///(app-pages-browser)/./node_modules/next/dist/next-devtools/shared/forward-logs-shared.js:27
[ 1380627ms] [INFO] %cDownload the React DevTools for a better development experience: https://react.dev/link/react-devtools font-weight:bold @ webpack-internal:///(app-pages-browser)/./node_modules/next/dist/next-devtools/shared/forward-logs-shared.js:27
[ 1381353ms] [LOG] [HMR] connected @ webpack-internal:///(app-pages-browser)/./node_modules/next/dist/next-devtools/shared/forward-logs-shared.js:27
[ 1383898ms] [LOG] [Fast Refresh] rebuilding @ webpack-internal:///(app-pages-browser)/./node_modules/next/dist/next-devtools/shared/forward-logs-shared.js:27
[ 1385781ms] [LOG] [Fast Refresh] done in 1883ms @ webpack-internal:///(app-pages-browser)/./node_modules/next/dist/next-devtools/shared/forward-logs-shared.js:27
[ 1386549ms] [LOG] [Fast Refresh] rebuilding @ webpack-internal:///(app-pages-browser)/./node_modules/next/dist/next-devtools/shared/forward-logs-shared.js:27
[ 1386789ms] [LOG] [Fast Refresh] done in 240ms @ webpack-internal:///(app-pages-browser)/./node_modules/next/dist/next-devtools/shared/forward-logs-shared.js:27
