[   17001ms] [INFO] %cDownload the React DevTools for a better development experience: https://react.dev/link/react-devtools font-weight:bold @ webpack-internal:///(app-pages-browser)/./node_modules/next/dist/next-devtools/shared/forward-logs-shared.js:27
[   17979ms] [LOG] [HMR] connected @ webpack-internal:///(app-pages-browser)/./node_modules/next/dist/next-devtools/shared/forward-logs-shared.js:27
[   21249ms] [ERROR] Can't perform a React state update on a component that hasn't mounted yet. This indicates that you have a side-effect in your render function that asynchronously tries to update the component. Move this work to useEffect instead. @ webpack-internal:///(app-pages-browser)/./node_modules/next/dist/next-devtools/userspace/app/errors/intercept-console-error.js:57
[   21323ms] [LOG] [Fast Refresh] rebuilding @ webpack-internal:///(app-pages-browser)/./node_modules/next/dist/next-devtools/shared/forward-logs-shared.js:27
[   23958ms] [LOG] [Fast Refresh] done in 2635ms @ webpack-internal:///(app-pages-browser)/./node_modules/next/dist/next-devtools/shared/forward-logs-shared.js:27
[   31161ms] [LOG] [Fast Refresh] rebuilding @ webpack-internal:///(app-pages-browser)/./node_modules/next/dist/next-devtools/shared/forward-logs-shared.js:27
[   32101ms] [LOG] [Fast Refresh] done in 939ms @ webpack-internal:///(app-pages-browser)/./node_modules/next/dist/next-devtools/shared/forward-logs-shared.js:27
[   49906ms] [INFO] %cDownload the React DevTools for a better development experience: https://react.dev/link/react-devtools font-weight:bold @ webpack-internal:///(app-pages-browser)/./node_modules/next/dist/next-devtools/shared/forward-logs-shared.js:27
[   50071ms] [LOG] [HMR] connected @ webpack-internal:///(app-pages-browser)/./node_modules/next/dist/next-devtools/shared/forward-logs-shared.js:27
[   56955ms] [WARNING] The resource http://localhost:3020/_next/static/media/be955174636e5369-s.p.woff2?v=1786435887130 was preloaded using link preload but not used within a few seconds from the window's load event. Please make sure it has an appropriate `as` value and it is preloaded intentionally. @ http://localhost:3020/preview/arcstone-growth?frame=1:0
[   56956ms] [WARNING] The resource http://localhost:3020/_next/static/media/9dd75fadc5b3df29-s.p.woff2?v=1786435887130 was preloaded using link preload but not used within a few seconds from the window's load event. Please make sure it has an appropriate `as` value and it is preloaded intentionally. @ http://localhost:3020/preview/arcstone-growth?frame=1:0
[   56956ms] [WARNING] The resource http://localhost:3020/_next/static/media/eaead17c7dbfcd5d-s.p.woff2?v=1786435887130 was preloaded using link preload but not used within a few seconds from the window's load event. Please make sure it has an appropriate `as` value and it is preloaded intentionally. @ http://localhost:3020/preview/arcstone-growth?frame=1:0
[   56956ms] [WARNING] The resource http://localhost:3020/_next/static/media/7b89a4fd5e90ede0-s.p.woff2?v=1786435887130 was preloaded using link preload but not used within a few seconds from the window's load event. Please make sure it has an appropriate `as` value and it is preloaded intentionally. @ http://localhost:3020/preview/arcstone-growth?frame=1:0
[   56956ms] [WARNING] The resource http://localhost:3020/_next/static/media/569ce4b8f30dc480-s.p.woff2?v=1786435887130 was preloaded using link preload but not used within a few seconds from the window's load event. Please make sure it has an appropriate `as` value and it is preloaded intentionally. @ http://localhost:3020/preview/arcstone-growth?frame=1:0
[   56956ms] [WARNING] The resource http://localhost:3020/_next/static/media/ee40bb094c99a29a-s.p.woff2?v=1786435887130 was preloaded using link preload but not used within a few seconds from the window's load event. Please make sure it has an appropriate `as` value and it is preloaded intentionally. @ http://localhost:3020/preview/arcstone-growth?frame=1:0
[   56956ms] [WARNING] The resource http://localhost:3020/_next/static/media/e4af272ccee01ff0-s.p.woff2?v=1786435887130 was preloaded using link preload but not used within a few seconds from the window's load event. Please make sure it has an appropriate `as` value and it is preloaded intentionally. @ http://localhost:3020/preview/arcstone-growth?frame=1:0
[   59645ms] [LOG] [Fast Refresh] rebuilding @ webpack-internal:///(app-pages-browser)/./node_modules/next/dist/next-devtools/shared/forward-logs-shared.js:27
[   61334ms] [LOG] [Fast Refresh] done in 1690ms @ webpack-internal:///(app-pages-browser)/./node_modules/next/dist/next-devtools/shared/forward-logs-shared.js:27
[   63258ms] [LOG] [Fast Refresh] rebuilding @ webpack-internal:///(app-pages-browser)/./node_modules/next/dist/next-devtools/shared/forward-logs-shared.js:27
[   64273ms] [LOG] [Fast Refresh] done in 1015ms @ webpack-internal:///(app-pages-browser)/./node_modules/next/dist/next-devtools/shared/forward-logs-shared.js:27
[   65440ms] [LOG] [Fast Refresh] rebuilding @ webpack-internal:///(app-pages-browser)/./node_modules/next/dist/next-devtools/shared/forward-logs-shared.js:27
[   65735ms] [LOG] [Fast Refresh] done in 294ms @ webpack-internal:///(app-pages-browser)/./node_modules/next/dist/next-devtools/shared/forward-logs-shared.js:27
[   70152ms] [LOG] [Fast Refresh] rebuilding @ webpack-internal:///(app-pages-browser)/./node_modules/next/dist/next-devtools/shared/forward-logs-shared.js:27
[   70236ms] [LOG] [Fast Refresh] done in 85ms @ webpack-internal:///(app-pages-browser)/./node_modules/next/dist/next-devtools/shared/forward-logs-shared.js:27
[   71425ms] [LOG] [Fast Refresh] rebuilding @ webpack-internal:///(app-pages-browser)/./node_modules/next/dist/next-devtools/shared/forward-logs-shared.js:27
[   71550ms] [LOG] [Fast Refresh] done in 124ms @ webpack-internal:///(app-pages-browser)/./node_modules/next/dist/next-devtools/shared/forward-logs-shared.js:27
[   72265ms] [LOG] [Fast Refresh] rebuilding @ webpack-internal:///(app-pages-browser)/./node_modules/next/dist/next-devtools/shared/forward-logs-shared.js:27
[   72332ms] [LOG] [Fast Refresh] done in 67ms @ webpack-internal:///(app-pages-browser)/./node_modules/next/dist/next-devtools/shared/forward-logs-shared.js:27
[   73307ms] [LOG] [Fast Refresh] rebuilding @ webpack-internal:///(app-pages-browser)/./node_modules/next/dist/next-devtools/shared/forward-logs-shared.js:27
[   73377ms] [LOG] [Fast Refresh] done in 70ms @ webpack-internal:///(app-pages-browser)/./node_modules/next/dist/next-devtools/shared/forward-logs-shared.js:27
[   74105ms] [LOG] [Fast Refresh] rebuilding @ webpack-internal:///(app-pages-browser)/./node_modules/next/dist/next-devtools/shared/forward-logs-shared.js:27
[   74157ms] [LOG] [Fast Refresh] done in 51ms @ webpack-internal:///(app-pages-browser)/./node_modules/next/dist/next-devtools/shared/forward-logs-shared.js:27
[   77202ms] [WARNING] The resource http://localhost:3020/_next/static/media/be955174636e5369-s.p.woff2?v=1786435887130 was preloaded using link preload but not used within a few seconds from the window's load event. Please make sure it has an appropriate `as` value and it is preloaded intentionally. @ http://localhost:3020/preview/arcstone-growth?frame=1:0
[   77202ms] [WARNING] The resource http://localhost:3020/_next/static/media/9dd75fadc5b3df29-s.p.woff2?v=1786435887130 was preloaded using link preload but not used within a few seconds from the window's load event. Please make sure it has an appropriate `as` value and it is preloaded intentionally. @ http://localhost:3020/preview/arcstone-growth?frame=1:0
[   77203ms] [WARNING] The resource http://localhost:3020/_next/static/media/eaead17c7dbfcd5d-s.p.woff2?v=1786435887130 was preloaded using link preload but not used within a few seconds from the window's load event. Please make sure it has an appropriate `as` value and it is preloaded intentionally. @ http://localhost:3020/preview/arcstone-growth?frame=1:0
[   77203ms] [WARNING] The resource http://localhost:3020/_next/static/media/7b89a4fd5e90ede0-s.p.woff2?v=1786435887130 was preloaded using link preload but not used within a few seconds from the window's load event. Please make sure it has an appropriate `as` value and it is preloaded intentionally. @ http://localhost:3020/preview/arcstone-growth?frame=1:0
[   77203ms] [WARNING] The resource http://localhost:3020/_next/static/media/569ce4b8f30dc480-s.p.woff2?v=1786435887130 was preloaded using link preload but not used within a few seconds from the window's load event. Please make sure it has an appropriate `as` value and it is preloaded intentionally. @ http://localhost:3020/preview/arcstone-growth?frame=1:0
[   77203ms] [WARNING] The resource http://localhost:3020/_next/static/media/ee40bb094c99a29a-s.p.woff2?v=1786435887130 was preloaded using link preload but not used within a few seconds from the window's load event. Please make sure it has an appropriate `as` value and it is preloaded intentionally. @ http://localhost:3020/preview/arcstone-growth?frame=1:0
[   77203ms] [WARNING] The resource http://localhost:3020/_next/static/media/e4af272ccee01ff0-s.p.woff2?v=1786435887130 was preloaded using link preload but not used within a few seconds from the window's load event. Please make sure it has an appropriate `as` value and it is preloaded intentionally. @ http://localhost:3020/preview/arcstone-growth?frame=1:0
[   95162ms] [LOG] [Fast Refresh] done in 21057ms @ webpack-internal:///(app-pages-browser)/./node_modules/next/dist/next-devtools/shared/forward-logs-shared.js:27
[   95236ms] [LOG] [Fast Refresh] rebuilding @ webpack-internal:///(app-pages-browser)/./node_modules/next/dist/next-devtools/shared/forward-logs-shared.js:27
[   97621ms] [LOG] [Fast Refresh] rebuilding @ webpack-internal:///(app-pages-browser)/./node_modules/next/dist/next-devtools/shared/forward-logs-shared.js:27
[   97847ms] [LOG] [Fast Refresh] done in 226ms @ webpack-internal:///(app-pages-browser)/./node_modules/next/dist/next-devtools/shared/forward-logs-shared.js:27
[   99090ms] [LOG] [Fast Refresh] rebuilding @ webpack-internal:///(app-pages-browser)/./node_modules/next/dist/next-devtools/shared/forward-logs-shared.js:27
[   99791ms] [LOG] [Fast Refresh] done in 701ms @ webpack-internal:///(app-pages-browser)/./node_modules/next/dist/next-devtools/shared/forward-logs-shared.js:27
[  100682ms] [LOG] [Fast Refresh] rebuilding @ webpack-internal:///(app-pages-browser)/./node_modules/next/dist/next-devtools/shared/forward-logs-shared.js:27
[  100800ms] [LOG] [Fast Refresh] done in 117ms @ webpack-internal:///(app-pages-browser)/./node_modules/next/dist/next-devtools/shared/forward-logs-shared.js:27
[  101920ms] [LOG] [Fast Refresh] rebuilding @ webpack-internal:///(app-pages-browser)/./node_modules/next/dist/next-devtools/shared/forward-logs-shared.js:27
[  102137ms] [LOG] [Fast Refresh] done in 216ms @ webpack-internal:///(app-pages-browser)/./node_modules/next/dist/next-devtools/shared/forward-logs-shared.js:27
[  103300ms] [LOG] [Fast Refresh] rebuilding @ webpack-internal:///(app-pages-browser)/./node_modules/next/dist/next-devtools/shared/forward-logs-shared.js:27
[  103417ms] [LOG] [Fast Refresh] done in 117ms @ webpack-internal:///(app-pages-browser)/./node_modules/next/dist/next-devtools/shared/forward-logs-shared.js:27
[  105614ms] [LOG] [Fast Refresh] rebuilding @ webpack-internal:///(app-pages-browser)/./node_modules/next/dist/next-devtools/shared/forward-logs-shared.js:27
[  106547ms] [LOG] [Fast Refresh] done in 933ms @ webpack-internal:///(app-pages-browser)/./node_modules/next/dist/next-devtools/shared/forward-logs-shared.js:27
[  107294ms] [LOG] [Fast Refresh] rebuilding @ webpack-internal:///(app-pages-browser)/./node_modules/next/dist/next-devtools/shared/forward-logs-shared.js:27
[  107424ms] [LOG] [Fast Refresh] done in 129ms @ webpack-internal:///(app-pages-browser)/./node_modules/next/dist/next-devtools/shared/forward-logs-shared.js:27
[  108371ms] [LOG] [Fast Refresh] rebuilding @ webpack-internal:///(app-pages-browser)/./node_modules/next/dist/next-devtools/shared/forward-logs-shared.js:27
[  108511ms] [LOG] [Fast Refresh] done in 141ms @ webpack-internal:///(app-pages-browser)/./node_modules/next/dist/next-devtools/shared/forward-logs-shared.js:27
[  109480ms] [LOG] [Fast Refresh] rebuilding @ webpack-internal:///(app-pages-browser)/./node_modules/next/dist/next-devtools/shared/forward-logs-shared.js:27
[  109559ms] [LOG] [Fast Refresh] done in 79ms @ webpack-internal:///(app-pages-browser)/./node_modules/next/dist/next-devtools/shared/forward-logs-shared.js:27
[  110272ms] [LOG] [Fast Refresh] rebuilding @ webpack-internal:///(app-pages-browser)/./node_modules/next/dist/next-devtools/shared/forward-logs-shared.js:27
[  110637ms] [LOG] [Fast Refresh] done in 365ms @ webpack-internal:///(app-pages-browser)/./node_modules/next/dist/next-devtools/shared/forward-logs-shared.js:27
[  111325ms] [LOG] [Fast Refresh] rebuilding @ webpack-internal:///(app-pages-browser)/./node_modules/next/dist/next-devtools/shared/forward-logs-shared.js:27
[  111482ms] [LOG] [Fast Refresh] done in 156ms @ webpack-internal:///(app-pages-browser)/./node_modules/next/dist/next-devtools/shared/forward-logs-shared.js:27
[  116993ms] [INFO] %cDownload the React DevTools for a better development experience: https://react.dev/link/react-devtools font-weight:bold @ webpack-internal:///(app-pages-browser)/./node_modules/next/dist/next-devtools/shared/forward-logs-shared.js:27
[  117429ms] [LOG] [HMR] connected @ webpack-internal:///(app-pages-browser)/./node_modules/next/dist/next-devtools/shared/forward-logs-shared.js:27
[  118818ms] [LOG] [Fast Refresh] rebuilding @ webpack-internal:///(app-pages-browser)/./node_modules/next/dist/next-devtools/shared/forward-logs-shared.js:27
[  119841ms] [LOG] [Fast Refresh] done in 1023ms @ webpack-internal:///(app-pages-browser)/./node_modules/next/dist/next-devtools/shared/forward-logs-shared.js:27
[  120469ms] [LOG] [Fast Refresh] rebuilding @ webpack-internal:///(app-pages-browser)/./node_modules/next/dist/next-devtools/shared/forward-logs-shared.js:27
[  120624ms] [LOG] [Fast Refresh] done in 154ms @ webpack-internal:///(app-pages-browser)/./node_modules/next/dist/next-devtools/shared/forward-logs-shared.js:27
[  121923ms] [LOG] [Fast Refresh] rebuilding @ webpack-internal:///(app-pages-browser)/./node_modules/next/dist/next-devtools/shared/forward-logs-shared.js:27
[  122109ms] [LOG] [Fast Refresh] done in 187ms @ webpack-internal:///(app-pages-browser)/./node_modules/next/dist/next-devtools/shared/forward-logs-shared.js:27
[  124565ms] [LOG] [Fast Refresh] rebuilding @ webpack-internal:///(app-pages-browser)/./node_modules/next/dist/next-devtools/shared/forward-logs-shared.js:27
[  124690ms] [LOG] [Fast Refresh] done in 125ms @ webpack-internal:///(app-pages-browser)/./node_modules/next/dist/next-devtools/shared/forward-logs-shared.js:27
[  125965ms] [LOG] [Fast Refresh] rebuilding @ webpack-internal:///(app-pages-browser)/./node_modules/next/dist/next-devtools/shared/forward-logs-shared.js:27
[  126112ms] [LOG] [Fast Refresh] done in 148ms @ webpack-internal:///(app-pages-browser)/./node_modules/next/dist/next-devtools/shared/forward-logs-shared.js:27
[  127097ms] [LOG] [Fast Refresh] rebuilding @ webpack-internal:///(app-pages-browser)/./node_modules/next/dist/next-devtools/shared/forward-logs-shared.js:27
[  127186ms] [LOG] [Fast Refresh] done in 90ms @ webpack-internal:///(app-pages-browser)/./node_modules/next/dist/next-devtools/shared/forward-logs-shared.js:27
[  127869ms] [LOG] [Fast Refresh] rebuilding @ webpack-internal:///(app-pages-browser)/./node_modules/next/dist/next-devtools/shared/forward-logs-shared.js:27
[  127920ms] [LOG] [Fast Refresh] done in 51ms @ webpack-internal:///(app-pages-browser)/./node_modules/next/dist/next-devtools/shared/forward-logs-shared.js:27
[  128941ms] [LOG] [Fast Refresh] rebuilding @ webpack-internal:///(app-pages-browser)/./node_modules/next/dist/next-devtools/shared/forward-logs-shared.js:27
[  129376ms] [LOG] [Fast Refresh] done in 435ms @ webpack-internal:///(app-pages-browser)/./node_modules/next/dist/next-devtools/shared/forward-logs-shared.js:27
[  130260ms] [LOG] [Fast Refresh] rebuilding @ webpack-internal:///(app-pages-browser)/./node_modules/next/dist/next-devtools/shared/forward-logs-shared.js:27
[  130407ms] [LOG] [Fast Refresh] done in 148ms @ webpack-internal:///(app-pages-browser)/./node_modules/next/dist/next-devtools/shared/forward-logs-shared.js:27
[  131357ms] [LOG] [Fast Refresh] rebuilding @ webpack-internal:///(app-pages-browser)/./node_modules/next/dist/next-devtools/shared/forward-logs-shared.js:27
[  131896ms] [LOG] [Fast Refresh] done in 539ms @ webpack-internal:///(app-pages-browser)/./node_modules/next/dist/next-devtools/shared/forward-logs-shared.js:27
[  132339ms] [LOG] [Fast Refresh] rebuilding @ webpack-internal:///(app-pages-browser)/./node_modules/next/dist/next-devtools/shared/forward-logs-shared.js:27
[  132691ms] [LOG] [Fast Refresh] done in 351ms @ webpack-internal:///(app-pages-browser)/./node_modules/next/dist/next-devtools/shared/forward-logs-shared.js:27
[  133522ms] [LOG] [Fast Refresh] rebuilding @ webpack-internal:///(app-pages-browser)/./node_modules/next/dist/next-devtools/shared/forward-logs-shared.js:27
[  133596ms] [LOG] [Fast Refresh] done in 73ms @ webpack-internal:///(app-pages-browser)/./node_modules/next/dist/next-devtools/shared/forward-logs-shared.js:27
[  139576ms] [INFO] %cDownload the React DevTools for a better development experience: https://react.dev/link/react-devtools font-weight:bold @ webpack-internal:///(app-pages-browser)/./node_modules/next/dist/next-devtools/shared/forward-logs-shared.js:27
[  140081ms] [LOG] [HMR] connected @ webpack-internal:///(app-pages-browser)/./node_modules/next/dist/next-devtools/shared/forward-logs-shared.js:27
[  143719ms] [WARNING] The resource http://localhost:3020/_next/static/chunks/_app-pages-browser_src_templates_arcstone-growth_template_tsx.js was preloaded using link preload but not used within a few seconds from the window's load event. Please make sure it has an appropriate `as` value and it is preloaded intentionally. @ http://localhost:3020/preview/arcstone-growth?frame=1:0
[  143719ms] [WARNING] The resource http://localhost:3020/_next/static/media/569ce4b8f30dc480-s.p.woff2?v=1786435985625 was preloaded using link preload but not used within a few seconds from the window's load event. Please make sure it has an appropriate `as` value and it is preloaded intentionally. @ http://localhost:3020/preview/arcstone-growth?frame=1:0
[  143719ms] [WARNING] The resource http://localhost:3020/_next/static/media/7b89a4fd5e90ede0-s.p.woff2?v=1786435985625 was preloaded using link preload but not used within a few seconds from the window's load event. Please make sure it has an appropriate `as` value and it is preloaded intentionally. @ http://localhost:3020/preview/arcstone-growth?frame=1:0
[  143719ms] [WARNING] The resource http://localhost:3020/_next/static/media/be955174636e5369-s.p.woff2?v=1786435985625 was preloaded using link preload but not used within a few seconds from the window's load event. Please make sure it has an appropriate `as` value and it is preloaded intentionally. @ http://localhost:3020/preview/arcstone-growth?frame=1:0
[  143719ms] [WARNING] The resource http://localhost:3020/_next/static/media/ee40bb094c99a29a-s.p.woff2?v=1786435985625 was preloaded using link preload but not used within a few seconds from the window's load event. Please make sure it has an appropriate `as` value and it is preloaded intentionally. @ http://localhost:3020/preview/arcstone-growth?frame=1:0
[  143719ms] [WARNING] The resource http://localhost:3020/_next/static/media/e4af272ccee01ff0-s.p.woff2?v=1786435985625 was preloaded using link preload but not used within a few seconds from the window's load event. Please make sure it has an appropriate `as` value and it is preloaded intentionally. @ http://localhost:3020/preview/arcstone-growth?frame=1:0
[  143719ms] [WARNING] The resource http://localhost:3020/_next/static/media/eaead17c7dbfcd5d-s.p.woff2?v=1786435985625 was preloaded using link preload but not used within a few seconds from the window's load event. Please make sure it has an appropriate `as` value and it is preloaded intentionally. @ http://localhost:3020/preview/arcstone-growth?frame=1:0
[  143719ms] [WARNING] The resource http://localhost:3020/_next/static/media/9dd75fadc5b3df29-s.p.woff2?v=1786435985625 was preloaded using link preload but not used within a few seconds from the window's load event. Please make sure it has an appropriate `as` value and it is preloaded intentionally. @ http://localhost:3020/preview/arcstone-growth?frame=1:0
[  144147ms] [LOG] [Fast Refresh] rebuilding @ webpack-internal:///(app-pages-browser)/./node_modules/next/dist/next-devtools/shared/forward-logs-shared.js:27
[  144273ms] [LOG] [Fast Refresh] done in 126ms @ webpack-internal:///(app-pages-browser)/./node_modules/next/dist/next-devtools/shared/forward-logs-shared.js:27
[  147529ms] [WARNING] The resource http://localhost:3020/_next/static/chunks/_app-pages-browser_src_templates_arcstone-growth_template_tsx.js was preloaded using link preload but not used within a few seconds from the window's load event. Please make sure it has an appropriate `as` value and it is preloaded intentionally. @ http://localhost:3020/preview/arcstone-growth?frame=1:0
[  147534ms] [WARNING] The resource http://localhost:3020/_next/static/media/569ce4b8f30dc480-s.p.woff2?v=1786435985625 was preloaded using link preload but not used within a few seconds from the window's load event. Please make sure it has an appropriate `as` value and it is preloaded intentionally. @ http://localhost:3020/preview/arcstone-growth?frame=1:0
[  147534ms] [WARNING] The resource http://localhost:3020/_next/static/media/7b89a4fd5e90ede0-s.p.woff2?v=1786435985625 was preloaded using link preload but not used within a few seconds from the window's load event. Please make sure it has an appropriate `as` value and it is preloaded intentionally. @ http://localhost:3020/preview/arcstone-growth?frame=1:0
[  147534ms] [WARNING] The resource http://localhost:3020/_next/static/css/app/preview/%5BtemplateId%5D/page.css?v=1786435994434 was preloaded using link preload but not used within a few seconds from the window's load event. Please make sure it has an appropriate `as` value and it is preloaded intentionally. @ http://localhost:3020/preview/arcstone-growth?frame=1:0
[  147535ms] [WARNING] The resource http://localhost:3020/_next/static/media/be955174636e5369-s.p.woff2?v=1786435985625 was preloaded using link preload but not used within a few seconds from the window's load event. Please make sure it has an appropriate `as` value and it is preloaded intentionally. @ http://localhost:3020/preview/arcstone-growth?frame=1:0
[  147535ms] [WARNING] The resource http://localhost:3020/_next/static/media/ee40bb094c99a29a-s.p.woff2?v=1786435985625 was preloaded using link preload but not used within a few seconds from the window's load event. Please make sure it has an appropriate `as` value and it is preloaded intentionally. @ http://localhost:3020/preview/arcstone-growth?frame=1:0
[  147535ms] [WARNING] The resource http://localhost:3020/_next/static/css/app/layout.css?v=1786435994434 was preloaded using link preload but not used within a few seconds from the window's load event. Please make sure it has an appropriate `as` value and it is preloaded intentionally. @ http://localhost:3020/preview/arcstone-growth?frame=1:0
[  147535ms] [WARNING] The resource http://localhost:3020/_next/static/media/e4af272ccee01ff0-s.p.woff2?v=1786435985625 was preloaded using link preload but not used within a few seconds from the window's load event. Please make sure it has an appropriate `as` value and it is preloaded intentionally. @ http://localhost:3020/preview/arcstone-growth?frame=1:0
[  147535ms] [WARNING] The resource http://localhost:3020/_next/static/media/eaead17c7dbfcd5d-s.p.woff2?v=1786435985625 was preloaded using link preload but not used within a few seconds from the window's load event. Please make sure it has an appropriate `as` value and it is preloaded intentionally. @ http://localhost:3020/preview/arcstone-growth?frame=1:0
[  147535ms] [WARNING] The resource http://localhost:3020/_next/static/media/9dd75fadc5b3df29-s.p.woff2?v=1786435985625 was preloaded using link preload but not used within a few seconds from the window's load event. Please make sure it has an appropriate `as` value and it is preloaded intentionally. @ http://localhost:3020/preview/arcstone-growth?frame=1:0
[  154237ms] [LOG] [Fast Refresh] rebuilding @ webpack-internal:///(app-pages-browser)/./node_modules/next/dist/next-devtools/shared/forward-logs-shared.js:27
[  154651ms] [LOG] [Fast Refresh] done in 414ms @ webpack-internal:///(app-pages-browser)/./node_modules/next/dist/next-devtools/shared/forward-logs-shared.js:27
[  156190ms] [LOG] [Fast Refresh] rebuilding @ webpack-internal:///(app-pages-browser)/./node_modules/next/dist/next-devtools/shared/forward-logs-shared.js:27
[  156311ms] [LOG] [Fast Refresh] done in 120ms @ webpack-internal:///(app-pages-browser)/./node_modules/next/dist/next-devtools/shared/forward-logs-shared.js:27
[  158517ms] [LOG] [Fast Refresh] rebuilding @ webpack-internal:///(app-pages-browser)/./node_modules/next/dist/next-devtools/shared/forward-logs-shared.js:27
[  158614ms] [LOG] [Fast Refresh] done in 97ms @ webpack-internal:///(app-pages-browser)/./node_modules/next/dist/next-devtools/shared/forward-logs-shared.js:27
[  160418ms] [LOG] [Fast Refresh] rebuilding @ webpack-internal:///(app-pages-browser)/./node_modules/next/dist/next-devtools/shared/forward-logs-shared.js:27
[  161006ms] [LOG] [Fast Refresh] done in 589ms @ webpack-internal:///(app-pages-browser)/./node_modules/next/dist/next-devtools/shared/forward-logs-shared.js:27
[  162493ms] [LOG] [Fast Refresh] rebuilding @ webpack-internal:///(app-pages-browser)/./node_modules/next/dist/next-devtools/shared/forward-logs-shared.js:27
[  163267ms] [LOG] [Fast Refresh] done in 775ms @ webpack-internal:///(app-pages-browser)/./node_modules/next/dist/next-devtools/shared/forward-logs-shared.js:27
[  163974ms] [LOG] [Fast Refresh] rebuilding @ webpack-internal:///(app-pages-browser)/./node_modules/next/dist/next-devtools/shared/forward-logs-shared.js:27
[  164141ms] [LOG] [Fast Refresh] done in 168ms @ webpack-internal:///(app-pages-browser)/./node_modules/next/dist/next-devtools/shared/forward-logs-shared.js:27
[  165158ms] [LOG] [Fast Refresh] rebuilding @ webpack-internal:///(app-pages-browser)/./node_modules/next/dist/next-devtools/shared/forward-logs-shared.js:27
[  165401ms] [LOG] [Fast Refresh] done in 243ms @ webpack-internal:///(app-pages-browser)/./node_modules/next/dist/next-devtools/shared/forward-logs-shared.js:27
[  166336ms] [LOG] [Fast Refresh] rebuilding @ webpack-internal:///(app-pages-browser)/./node_modules/next/dist/next-devtools/shared/forward-logs-shared.js:27
[  166482ms] [LOG] [Fast Refresh] done in 146ms @ webpack-internal:///(app-pages-browser)/./node_modules/next/dist/next-devtools/shared/forward-logs-shared.js:27
[  167253ms] [LOG] [Fast Refresh] rebuilding @ webpack-internal:///(app-pages-browser)/./node_modules/next/dist/next-devtools/shared/forward-logs-shared.js:27
[  167303ms] [LOG] [Fast Refresh] done in 49ms @ webpack-internal:///(app-pages-browser)/./node_modules/next/dist/next-devtools/shared/forward-logs-shared.js:27
[  168174ms] [LOG] [Fast Refresh] rebuilding @ webpack-internal:///(app-pages-browser)/./node_modules/next/dist/next-devtools/shared/forward-logs-shared.js:27
[  168296ms] [LOG] [Fast Refresh] done in 123ms @ webpack-internal:///(app-pages-browser)/./node_modules/next/dist/next-devtools/shared/forward-logs-shared.js:27
[  172343ms] [INFO] %cDownload the React DevTools for a better development experience: https://react.dev/link/react-devtools font-weight:bold @ webpack-internal:///(app-pages-browser)/./node_modules/next/dist/next-devtools/shared/forward-logs-shared.js:27
[  172689ms] [LOG] [HMR] connected @ webpack-internal:///(app-pages-browser)/./node_modules/next/dist/next-devtools/shared/forward-logs-shared.js:27
[  174035ms] [LOG] [Fast Refresh] rebuilding @ webpack-internal:///(app-pages-browser)/./node_modules/next/dist/next-devtools/shared/forward-logs-shared.js:27
[  175099ms] [LOG] [Fast Refresh] done in 1064ms @ webpack-internal:///(app-pages-browser)/./node_modules/next/dist/next-devtools/shared/forward-logs-shared.js:27
[  178132ms] [WARNING] The resource http://localhost:3020/_next/static/media/569ce4b8f30dc480-s.p.woff2?v=1786436020006 was preloaded using link preload but not used within a few seconds from the window's load event. Please make sure it has an appropriate `as` value and it is preloaded intentionally. @ http://localhost:3020/preview/arcstone-growth?frame=1:0
[  178133ms] [WARNING] The resource http://localhost:3020/_next/static/chunks/_app-pages-browser_src_templates_arcstone-growth_template_tsx.js was preloaded using link preload but not used within a few seconds from the window's load event. Please make sure it has an appropriate `as` value and it is preloaded intentionally. @ http://localhost:3020/preview/arcstone-growth?frame=1:0
[  178133ms] [WARNING] The resource http://localhost:3020/_next/static/media/ee40bb094c99a29a-s.p.woff2?v=1786436020006 was preloaded using link preload but not used within a few seconds from the window's load event. Please make sure it has an appropriate `as` value and it is preloaded intentionally. @ http://localhost:3020/preview/arcstone-growth?frame=1:0
[  178133ms] [WARNING] The resource http://localhost:3020/_next/static/media/eaead17c7dbfcd5d-s.p.woff2?v=1786436020006 was preloaded using link preload but not used within a few seconds from the window's load event. Please make sure it has an appropriate `as` value and it is preloaded intentionally. @ http://localhost:3020/preview/arcstone-growth?frame=1:0
[  178133ms] [WARNING] The resource http://localhost:3020/_next/static/media/9dd75fadc5b3df29-s.p.woff2?v=1786436020006 was preloaded using link preload but not used within a few seconds from the window's load event. Please make sure it has an appropriate `as` value and it is preloaded intentionally. @ http://localhost:3020/preview/arcstone-growth?frame=1:0
[  178133ms] [WARNING] The resource http://localhost:3020/_next/static/media/e4af272ccee01ff0-s.p.woff2?v=1786436020006 was preloaded using link preload but not used within a few seconds from the window's load event. Please make sure it has an appropriate `as` value and it is preloaded intentionally. @ http://localhost:3020/preview/arcstone-growth?frame=1:0
[  178133ms] [WARNING] The resource http://localhost:3020/_next/static/media/be955174636e5369-s.p.woff2?v=1786436020006 was preloaded using link preload but not used within a few seconds from the window's load event. Please make sure it has an appropriate `as` value and it is preloaded intentionally. @ http://localhost:3020/preview/arcstone-growth?frame=1:0
[  178133ms] [WARNING] The resource http://localhost:3020/_next/static/media/7b89a4fd5e90ede0-s.p.woff2?v=1786436020006 was preloaded using link preload but not used within a few seconds from the window's load event. Please make sure it has an appropriate `as` value and it is preloaded intentionally. @ http://localhost:3020/preview/arcstone-growth?frame=1:0
[  179496ms] [LOG] [Fast Refresh] rebuilding @ webpack-internal:///(app-pages-browser)/./node_modules/next/dist/next-devtools/shared/forward-logs-shared.js:27
[  179798ms] [LOG] [Fast Refresh] done in 302ms @ webpack-internal:///(app-pages-browser)/./node_modules/next/dist/next-devtools/shared/forward-logs-shared.js:27
[  182001ms] [LOG] [Fast Refresh] rebuilding @ webpack-internal:///(app-pages-browser)/./node_modules/next/dist/next-devtools/shared/forward-logs-shared.js:27
[  182144ms] [LOG] [Fast Refresh] done in 144ms @ webpack-internal:///(app-pages-browser)/./node_modules/next/dist/next-devtools/shared/forward-logs-shared.js:27
[  183548ms] [LOG] [Fast Refresh] rebuilding @ webpack-internal:///(app-pages-browser)/./node_modules/next/dist/next-devtools/shared/forward-logs-shared.js:27
[  183628ms] [LOG] [Fast Refresh] done in 81ms @ webpack-internal:///(app-pages-browser)/./node_modules/next/dist/next-devtools/shared/forward-logs-shared.js:27
[  186652ms] [WARNING] The resource http://localhost:3020/_next/static/media/569ce4b8f30dc480-s.p.woff2?v=1786436020006 was preloaded using link preload but not used within a few seconds from the window's load event. Please make sure it has an appropriate `as` value and it is preloaded intentionally. @ http://localhost:3020/preview/arcstone-growth?frame=1:0
[  186652ms] [WARNING] The resource http://localhost:3020/_next/static/chunks/_app-pages-browser_src_templates_arcstone-growth_template_tsx.js was preloaded using link preload but not used within a few seconds from the window's load event. Please make sure it has an appropriate `as` value and it is preloaded intentionally. @ http://localhost:3020/preview/arcstone-growth?frame=1:0
[  186652ms] [WARNING] The resource http://localhost:3020/_next/static/media/ee40bb094c99a29a-s.p.woff2?v=1786436020006 was preloaded using link preload but not used within a few seconds from the window's load event. Please make sure it has an appropriate `as` value and it is preloaded intentionally. @ http://localhost:3020/preview/arcstone-growth?frame=1:0
[  186653ms] [WARNING] The resource http://localhost:3020/_next/static/media/eaead17c7dbfcd5d-s.p.woff2?v=1786436020006 was preloaded using link preload but not used within a few seconds from the window's load event. Please make sure it has an appropriate `as` value and it is preloaded intentionally. @ http://localhost:3020/preview/arcstone-growth?frame=1:0
[  186653ms] [WARNING] The resource http://localhost:3020/_next/static/media/9dd75fadc5b3df29-s.p.woff2?v=1786436020006 was preloaded using link preload but not used within a few seconds from the window's load event. Please make sure it has an appropriate `as` value and it is preloaded intentionally. @ http://localhost:3020/preview/arcstone-growth?frame=1:0
[  186653ms] [WARNING] The resource http://localhost:3020/_next/static/media/e4af272ccee01ff0-s.p.woff2?v=1786436020006 was preloaded using link preload but not used within a few seconds from the window's load event. Please make sure it has an appropriate `as` value and it is preloaded intentionally. @ http://localhost:3020/preview/arcstone-growth?frame=1:0
[  186653ms] [WARNING] The resource http://localhost:3020/_next/static/media/be955174636e5369-s.p.woff2?v=1786436020006 was preloaded using link preload but not used within a few seconds from the window's load event. Please make sure it has an appropriate `as` value and it is preloaded intentionally. @ http://localhost:3020/preview/arcstone-growth?frame=1:0
[  186653ms] [WARNING] The resource http://localhost:3020/_next/static/media/7b89a4fd5e90ede0-s.p.woff2?v=1786436020006 was preloaded using link preload but not used within a few seconds from the window's load event. Please make sure it has an appropriate `as` value and it is preloaded intentionally. @ http://localhost:3020/preview/arcstone-growth?frame=1:0
[  211842ms] [LOG] [Fast Refresh] done in 28293ms @ webpack-internal:///(app-pages-browser)/./node_modules/next/dist/next-devtools/shared/forward-logs-shared.js:27
[  211970ms] [LOG] [Fast Refresh] rebuilding @ webpack-internal:///(app-pages-browser)/./node_modules/next/dist/next-devtools/shared/forward-logs-shared.js:27
[  217147ms] [LOG] [Fast Refresh] rebuilding @ webpack-internal:///(app-pages-browser)/./node_modules/next/dist/next-devtools/shared/forward-logs-shared.js:27
[  218019ms] [LOG] [Fast Refresh] done in 873ms @ webpack-internal:///(app-pages-browser)/./node_modules/next/dist/next-devtools/shared/forward-logs-shared.js:27
[  221029ms] [WARNING] The resource http://localhost:3020/_next/static/media/569ce4b8f30dc480-s.p.woff2?v=1786436020006 was preloaded using link preload but not used within a few seconds from the window's load event. Please make sure it has an appropriate `as` value and it is preloaded intentionally. @ http://localhost:3020/preview/arcstone-growth?frame=1:0
[  221029ms] [WARNING] The resource http://localhost:3020/_next/static/chunks/_app-pages-browser_src_templates_arcstone-growth_template_tsx.js was preloaded using link preload but not used within a few seconds from the window's load event. Please make sure it has an appropriate `as` value and it is preloaded intentionally. @ http://localhost:3020/preview/arcstone-growth?frame=1:0
[  221029ms] [WARNING] The resource http://localhost:3020/_next/static/css/app/layout.css?v=1786436067881 was preloaded using link preload but not used within a few seconds from the window's load event. Please make sure it has an appropriate `as` value and it is preloaded intentionally. @ http://localhost:3020/preview/arcstone-growth?frame=1:0
[  221030ms] [WARNING] The resource http://localhost:3020/_next/static/media/ee40bb094c99a29a-s.p.woff2?v=1786436020006 was preloaded using link preload but not used within a few seconds from the window's load event. Please make sure it has an appropriate `as` value and it is preloaded intentionally. @ http://localhost:3020/preview/arcstone-growth?frame=1:0
[  221030ms] [WARNING] The resource http://localhost:3020/_next/static/media/eaead17c7dbfcd5d-s.p.woff2?v=1786436020006 was preloaded using link preload but not used within a few seconds from the window's load event. Please make sure it has an appropriate `as` value and it is preloaded intentionally. @ http://localhost:3020/preview/arcstone-growth?frame=1:0
[  221030ms] [WARNING] The resource http://localhost:3020/_next/static/css/app/preview/%5BtemplateId%5D/page.css?v=1786436067881 was preloaded using link preload but not used within a few seconds from the window's load event. Please make sure it has an appropriate `as` value and it is preloaded intentionally. @ http://localhost:3020/preview/arcstone-growth?frame=1:0
[  221030ms] [WARNING] The resource http://localhost:3020/_next/static/media/9dd75fadc5b3df29-s.p.woff2?v=1786436020006 was preloaded using link preload but not used within a few seconds from the window's load event. Please make sure it has an appropriate `as` value and it is preloaded intentionally. @ http://localhost:3020/preview/arcstone-growth?frame=1:0
[  221030ms] [WARNING] The resource http://localhost:3020/_next/static/media/e4af272ccee01ff0-s.p.woff2?v=1786436020006 was preloaded using link preload but not used within a few seconds from the window's load event. Please make sure it has an appropriate `as` value and it is preloaded intentionally. @ http://localhost:3020/preview/arcstone-growth?frame=1:0
[  221030ms] [WARNING] The resource http://localhost:3020/_next/static/media/be955174636e5369-s.p.woff2?v=1786436020006 was preloaded using link preload but not used within a few seconds from the window's load event. Please make sure it has an appropriate `as` value and it is preloaded intentionally. @ http://localhost:3020/preview/arcstone-growth?frame=1:0
[  221030ms] [WARNING] The resource http://localhost:3020/_next/static/media/7b89a4fd5e90ede0-s.p.woff2?v=1786436020006 was preloaded using link preload but not used within a few seconds from the window's load event. Please make sure it has an appropriate `as` value and it is preloaded intentionally. @ http://localhost:3020/preview/arcstone-growth?frame=1:0
[  221540ms] [LOG] [Fast Refresh] rebuilding @ webpack-internal:///(app-pages-browser)/./node_modules/next/dist/next-devtools/shared/forward-logs-shared.js:27
[  222092ms] [LOG] [Fast Refresh] done in 552ms @ webpack-internal:///(app-pages-browser)/./node_modules/next/dist/next-devtools/shared/forward-logs-shared.js:27
[  222928ms] [LOG] [Fast Refresh] rebuilding @ webpack-internal:///(app-pages-browser)/./node_modules/next/dist/next-devtools/shared/forward-logs-shared.js:27
[  223200ms] [LOG] [Fast Refresh] done in 272ms @ webpack-internal:///(app-pages-browser)/./node_modules/next/dist/next-devtools/shared/forward-logs-shared.js:27
[  224163ms] [LOG] [Fast Refresh] rebuilding @ webpack-internal:///(app-pages-browser)/./node_modules/next/dist/next-devtools/shared/forward-logs-shared.js:27
[  224228ms] [LOG] [Fast Refresh] done in 66ms @ webpack-internal:///(app-pages-browser)/./node_modules/next/dist/next-devtools/shared/forward-logs-shared.js:27
[  225382ms] [LOG] [Fast Refresh] rebuilding @ webpack-internal:///(app-pages-browser)/./node_modules/next/dist/next-devtools/shared/forward-logs-shared.js:27
[  225879ms] [LOG] [Fast Refresh] done in 496ms @ webpack-internal:///(app-pages-browser)/./node_modules/next/dist/next-devtools/shared/forward-logs-shared.js:27
[  226371ms] [LOG] [Fast Refresh] rebuilding @ webpack-internal:///(app-pages-browser)/./node_modules/next/dist/next-devtools/shared/forward-logs-shared.js:27
[  227052ms] [LOG] [Fast Refresh] done in 680ms @ webpack-internal:///(app-pages-browser)/./node_modules/next/dist/next-devtools/shared/forward-logs-shared.js:27
[  227670ms] [LOG] [Fast Refresh] rebuilding @ webpack-internal:///(app-pages-browser)/./node_modules/next/dist/next-devtools/shared/forward-logs-shared.js:27
[  227899ms] [LOG] [Fast Refresh] done in 229ms @ webpack-internal:///(app-pages-browser)/./node_modules/next/dist/next-devtools/shared/forward-logs-shared.js:27
[  228754ms] [LOG] [Fast Refresh] rebuilding @ webpack-internal:///(app-pages-browser)/./node_modules/next/dist/next-devtools/shared/forward-logs-shared.js:27
[  228879ms] [LOG] [Fast Refresh] done in 126ms @ webpack-internal:///(app-pages-browser)/./node_modules/next/dist/next-devtools/shared/forward-logs-shared.js:27
[  230098ms] [LOG] [Fast Refresh] rebuilding @ webpack-internal:///(app-pages-browser)/./node_modules/next/dist/next-devtools/shared/forward-logs-shared.js:27
[  230194ms] [LOG] [Fast Refresh] done in 97ms @ webpack-internal:///(app-pages-browser)/./node_modules/next/dist/next-devtools/shared/forward-logs-shared.js:27
[  233223ms] [LOG] [Fast Refresh] rebuilding @ webpack-internal:///(app-pages-browser)/./node_modules/next/dist/next-devtools/shared/forward-logs-shared.js:27
[  233498ms] [LOG] [Fast Refresh] done in 276ms @ webpack-internal:///(app-pages-browser)/./node_modules/next/dist/next-devtools/shared/forward-logs-shared.js:27
[  234943ms] [LOG] [Fast Refresh] rebuilding @ webpack-internal:///(app-pages-browser)/./node_modules/next/dist/next-devtools/shared/forward-logs-shared.js:27
[  235133ms] [LOG] [Fast Refresh] done in 189ms @ webpack-internal:///(app-pages-browser)/./node_modules/next/dist/next-devtools/shared/forward-logs-shared.js:27
[  242126ms] [INFO] %cDownload the React DevTools for a better development experience: https://react.dev/link/react-devtools font-weight:bold @ webpack-internal:///(app-pages-browser)/./node_modules/next/dist/next-devtools/shared/forward-logs-shared.js:27
[  242600ms] [LOG] [HMR] connected @ webpack-internal:///(app-pages-browser)/./node_modules/next/dist/next-devtools/shared/forward-logs-shared.js:27
[  244355ms] [LOG] [Fast Refresh] rebuilding @ webpack-internal:///(app-pages-browser)/./node_modules/next/dist/next-devtools/shared/forward-logs-shared.js:27
[  245692ms] [LOG] [Fast Refresh] done in 1337ms @ webpack-internal:///(app-pages-browser)/./node_modules/next/dist/next-devtools/shared/forward-logs-shared.js:27
[  246208ms] [LOG] [Fast Refresh] rebuilding @ webpack-internal:///(app-pages-browser)/./node_modules/next/dist/next-devtools/shared/forward-logs-shared.js:27
[  246294ms] [LOG] [Fast Refresh] done in 86ms @ webpack-internal:///(app-pages-browser)/./node_modules/next/dist/next-devtools/shared/forward-logs-shared.js:27
[  247531ms] [LOG] [Fast Refresh] rebuilding @ webpack-internal:///(app-pages-browser)/./node_modules/next/dist/next-devtools/shared/forward-logs-shared.js:27
[  247640ms] [LOG] [Fast Refresh] done in 109ms @ webpack-internal:///(app-pages-browser)/./node_modules/next/dist/next-devtools/shared/forward-logs-shared.js:27
[  248851ms] [LOG] [Fast Refresh] rebuilding @ webpack-internal:///(app-pages-browser)/./node_modules/next/dist/next-devtools/shared/forward-logs-shared.js:27
[  248960ms] [LOG] [Fast Refresh] done in 109ms @ webpack-internal:///(app-pages-browser)/./node_modules/next/dist/next-devtools/shared/forward-logs-shared.js:27
[  250204ms] [LOG] [Fast Refresh] rebuilding @ webpack-internal:///(app-pages-browser)/./node_modules/next/dist/next-devtools/shared/forward-logs-shared.js:27
[  250305ms] [LOG] [Fast Refresh] done in 101ms @ webpack-internal:///(app-pages-browser)/./node_modules/next/dist/next-devtools/shared/forward-logs-shared.js:27
[  251567ms] [LOG] [Fast Refresh] rebuilding @ webpack-internal:///(app-pages-browser)/./node_modules/next/dist/next-devtools/shared/forward-logs-shared.js:27
[  251833ms] [LOG] [Fast Refresh] done in 266ms @ webpack-internal:///(app-pages-browser)/./node_modules/next/dist/next-devtools/shared/forward-logs-shared.js:27
[  254839ms] [WARNING] The resource http://localhost:3020/_next/static/chunks/_app-pages-browser_src_templates_arcstone-growth_template_tsx.js was preloaded using link preload but not used within a few seconds from the window's load event. Please make sure it has an appropriate `as` value and it is preloaded intentionally. @ http://localhost:3020/preview/arcstone-growth?frame=1:0
[  254839ms] [WARNING] The resource http://localhost:3020/_next/static/media/7b89a4fd5e90ede0-s.p.woff2?v=1786436087471 was preloaded using link preload but not used within a few seconds from the window's load event. Please make sure it has an appropriate `as` value and it is preloaded intentionally. @ http://localhost:3020/preview/arcstone-growth?frame=1:0
[  254839ms] [WARNING] The resource http://localhost:3020/_next/static/css/app/layout.css?v=1786436094695 was preloaded using link preload but not used within a few seconds from the window's load event. Please make sure it has an appropriate `as` value and it is preloaded intentionally. @ http://localhost:3020/preview/arcstone-growth?frame=1:0
[  254839ms] [WARNING] The resource http://localhost:3020/_next/static/css/app/preview/%5BtemplateId%5D/page.css?v=1786436101910 was preloaded using link preload but not used within a few seconds from the window's load event. Please make sure it has an appropriate `as` value and it is preloaded intentionally. @ http://localhost:3020/preview/arcstone-growth?frame=1:0
[  254840ms] [WARNING] The resource http://localhost:3020/_next/static/css/app/layout.css?v=1786436100450 was preloaded using link preload but not used within a few seconds from the window's load event. Please make sure it has an appropriate `as` value and it is preloaded intentionally. @ http://localhost:3020/preview/arcstone-growth?frame=1:0
[  254840ms] [WARNING] The resource http://localhost:3020/_next/static/media/ee40bb094c99a29a-s.p.woff2?v=1786436087471 was preloaded using link preload but not used within a few seconds from the window's load event. Please make sure it has an appropriate `as` value and it is preloaded intentionally. @ http://localhost:3020/preview/arcstone-growth?frame=1:0
[  254840ms] [WARNING] The resource http://localhost:3020/_next/static/media/be955174636e5369-s.p.woff2?v=1786436087471 was preloaded using link preload but not used within a few seconds from the window's load event. Please make sure it has an appropriate `as` value and it is preloaded intentionally. @ http://localhost:3020/preview/arcstone-growth?frame=1:0
[  254840ms] [WARNING] The resource http://localhost:3020/_next/static/css/app/layout.css?v=1786436101910 was preloaded using link preload but not used within a few seconds from the window's load event. Please make sure it has an appropriate `as` value and it is preloaded intentionally. @ http://localhost:3020/preview/arcstone-growth?frame=1:0
[  254840ms] [WARNING] The resource http://localhost:3020/_next/static/media/e4af272ccee01ff0-s.p.woff2?v=1786436087471 was preloaded using link preload but not used within a few seconds from the window's load event. Please make sure it has an appropriate `as` value and it is preloaded intentionally. @ http://localhost:3020/preview/arcstone-growth?frame=1:0
[  254840ms] [WARNING] The resource http://localhost:3020/_next/static/css/app/preview/%5BtemplateId%5D/page.css?v=1786436099097 was preloaded using link preload but not used within a few seconds from the window's load event. Please make sure it has an appropriate `as` value and it is preloaded intentionally. @ http://localhost:3020/preview/arcstone-growth?frame=1:0
[  254840ms] [WARNING] The resource http://localhost:3020/_next/static/css/app/preview/%5BtemplateId%5D/page.css?v=1786436094695 was preloaded using link preload but not used within a few seconds from the window's load event. Please make sure it has an appropriate `as` value and it is preloaded intentionally. @ http://localhost:3020/preview/arcstone-growth?frame=1:0
[  254840ms] [WARNING] The resource http://localhost:3020/_next/static/media/9dd75fadc5b3df29-s.p.woff2?v=1786436087471 was preloaded using link preload but not used within a few seconds from the window's load event. Please make sure it has an appropriate `as` value and it is preloaded intentionally. @ http://localhost:3020/preview/arcstone-growth?frame=1:0
[  254840ms] [WARNING] The resource http://localhost:3020/_next/static/css/app/layout.css?v=1786436096449 was preloaded using link preload but not used within a few seconds from the window's load event. Please make sure it has an appropriate `as` value and it is preloaded intentionally. @ http://localhost:3020/preview/arcstone-growth?frame=1:0
[  254840ms] [WARNING] The resource http://localhost:3020/_next/static/css/app/preview/%5BtemplateId%5D/page.css?v=1786436096449 was preloaded using link preload but not used within a few seconds from the window's load event. Please make sure it has an appropriate `as` value and it is preloaded intentionally. @ http://localhost:3020/preview/arcstone-growth?frame=1:0
[  254840ms] [WARNING] The resource http://localhost:3020/_next/static/css/app/layout.css?v=1786436099097 was preloaded using link preload but not used within a few seconds from the window's load event. Please make sure it has an appropriate `as` value and it is preloaded intentionally. @ http://localhost:3020/preview/arcstone-growth?frame=1:0
[  254840ms] [WARNING] The resource http://localhost:3020/_next/static/media/eaead17c7dbfcd5d-s.p.woff2?v=1786436087471 was preloaded using link preload but not used within a few seconds from the window's load event. Please make sure it has an appropriate `as` value and it is preloaded intentionally. @ http://localhost:3020/preview/arcstone-growth?frame=1:0
[  254840ms] [WARNING] The resource http://localhost:3020/_next/static/media/569ce4b8f30dc480-s.p.woff2?v=1786436087471 was preloaded using link preload but not used within a few seconds from the window's load event. Please make sure it has an appropriate `as` value and it is preloaded intentionally. @ http://localhost:3020/preview/arcstone-growth?frame=1:0
[  254840ms] [WARNING] The resource http://localhost:3020/_next/static/css/app/preview/%5BtemplateId%5D/page.css?v=1786436100450 was preloaded using link preload but not used within a few seconds from the window's load event. Please make sure it has an appropriate `as` value and it is preloaded intentionally. @ http://localhost:3020/preview/arcstone-growth?frame=1:0
[  255748ms] [LOG] [Fast Refresh] rebuilding @ webpack-internal:///(app-pages-browser)/./node_modules/next/dist/next-devtools/shared/forward-logs-shared.js:27
[  255957ms] [LOG] [Fast Refresh] done in 209ms @ webpack-internal:///(app-pages-browser)/./node_modules/next/dist/next-devtools/shared/forward-logs-shared.js:27
[  257282ms] [LOG] [Fast Refresh] rebuilding @ webpack-internal:///(app-pages-browser)/./node_modules/next/dist/next-devtools/shared/forward-logs-shared.js:27
[  257369ms] [LOG] [Fast Refresh] done in 86ms @ webpack-internal:///(app-pages-browser)/./node_modules/next/dist/next-devtools/shared/forward-logs-shared.js:27
[  259005ms] [LOG] [Fast Refresh] rebuilding @ webpack-internal:///(app-pages-browser)/./node_modules/next/dist/next-devtools/shared/forward-logs-shared.js:27
[  259108ms] [LOG] [Fast Refresh] done in 103ms @ webpack-internal:///(app-pages-browser)/./node_modules/next/dist/next-devtools/shared/forward-logs-shared.js:27
[  261599ms] [LOG] [Fast Refresh] rebuilding @ webpack-internal:///(app-pages-browser)/./node_modules/next/dist/next-devtools/shared/forward-logs-shared.js:27
[  262000ms] [LOG] [Fast Refresh] done in 402ms @ webpack-internal:///(app-pages-browser)/./node_modules/next/dist/next-devtools/shared/forward-logs-shared.js:27
[  265010ms] [WARNING] The resource http://localhost:3020/_next/static/chunks/_app-pages-browser_src_templates_arcstone-growth_template_tsx.js was preloaded using link preload but not used within a few seconds from the window's load event. Please make sure it has an appropriate `as` value and it is preloaded intentionally. @ http://localhost:3020/preview/arcstone-growth?frame=1:0
[  265012ms] [WARNING] The resource http://localhost:3020/_next/static/media/7b89a4fd5e90ede0-s.p.woff2?v=1786436087471 was preloaded using link preload but not used within a few seconds from the window's load event. Please make sure it has an appropriate `as` value and it is preloaded intentionally. @ http://localhost:3020/preview/arcstone-growth?frame=1:0
[  265012ms] [WARNING] The resource http://localhost:3020/_next/static/css/app/layout.css?v=1786436094695 was preloaded using link preload but not used within a few seconds from the window's load event. Please make sure it has an appropriate `as` value and it is preloaded intentionally. @ http://localhost:3020/preview/arcstone-growth?frame=1:0
[  265013ms] [WARNING] The resource http://localhost:3020/_next/static/css/app/preview/%5BtemplateId%5D/page.css?v=1786436101910 was preloaded using link preload but not used within a few seconds from the window's load event. Please make sure it has an appropriate `as` value and it is preloaded intentionally. @ http://localhost:3020/preview/arcstone-growth?frame=1:0
[  265013ms] [WARNING] The resource http://localhost:3020/_next/static/css/app/layout.css?v=1786436111972 was preloaded using link preload but not used within a few seconds from the window's load event. Please make sure it has an appropriate `as` value and it is preloaded intentionally. @ http://localhost:3020/preview/arcstone-growth?frame=1:0
[  265014ms] [WARNING] The resource http://localhost:3020/_next/static/css/app/layout.css?v=1786436100450 was preloaded using link preload but not used within a few seconds from the window's load event. Please make sure it has an appropriate `as` value and it is preloaded intentionally. @ http://localhost:3020/preview/arcstone-growth?frame=1:0
[  265014ms] [WARNING] The resource http://localhost:3020/_next/static/css/app/preview/%5BtemplateId%5D/page.css?v=1786436111972 was preloaded using link preload but not used within a few seconds from the window's load event. Please make sure it has an appropriate `as` value and it is preloaded intentionally. @ http://localhost:3020/preview/arcstone-growth?frame=1:0
[  265014ms] [WARNING] The resource http://localhost:3020/_next/static/media/ee40bb094c99a29a-s.p.woff2?v=1786436087471 was preloaded using link preload but not used within a few seconds from the window's load event. Please make sure it has an appropriate `as` value and it is preloaded intentionally. @ http://localhost:3020/preview/arcstone-growth?frame=1:0
[  265015ms] [WARNING] The resource http://localhost:3020/_next/static/media/be955174636e5369-s.p.woff2?v=1786436087471 was preloaded using link preload but not used within a few seconds from the window's load event. Please make sure it has an appropriate `as` value and it is preloaded intentionally. @ http://localhost:3020/preview/arcstone-growth?frame=1:0
[  265015ms] [WARNING] The resource http://localhost:3020/_next/static/css/app/layout.css?v=1786436101910 was preloaded using link preload but not used within a few seconds from the window's load event. Please make sure it has an appropriate `as` value and it is preloaded intentionally. @ http://localhost:3020/preview/arcstone-growth?frame=1:0
[  265015ms] [WARNING] The resource http://localhost:3020/_next/static/media/e4af272ccee01ff0-s.p.woff2?v=1786436087471 was preloaded using link preload but not used within a few seconds from the window's load event. Please make sure it has an appropriate `as` value and it is preloaded intentionally. @ http://localhost:3020/preview/arcstone-growth?frame=1:0
[  265015ms] [WARNING] The resource http://localhost:3020/_next/static/css/app/preview/%5BtemplateId%5D/page.css?v=1786436099097 was preloaded using link preload but not used within a few seconds from the window's load event. Please make sure it has an appropriate `as` value and it is preloaded intentionally. @ http://localhost:3020/preview/arcstone-growth?frame=1:0
[  265015ms] [WARNING] The resource http://localhost:3020/_next/static/css/app/preview/%5BtemplateId%5D/page.css?v=1786436094695 was preloaded using link preload but not used within a few seconds from the window's load event. Please make sure it has an appropriate `as` value and it is preloaded intentionally. @ http://localhost:3020/preview/arcstone-growth?frame=1:0
[  265015ms] [WARNING] The resource http://localhost:3020/_next/static/media/9dd75fadc5b3df29-s.p.woff2?v=1786436087471 was preloaded using link preload but not used within a few seconds from the window's load event. Please make sure it has an appropriate `as` value and it is preloaded intentionally. @ http://localhost:3020/preview/arcstone-growth?frame=1:0
[  265016ms] [WARNING] The resource http://localhost:3020/_next/static/css/app/layout.css?v=1786436096449 was preloaded using link preload but not used within a few seconds from the window's load event. Please make sure it has an appropriate `as` value and it is preloaded intentionally. @ http://localhost:3020/preview/arcstone-growth?frame=1:0
[  265016ms] [WARNING] The resource http://localhost:3020/_next/static/css/app/preview/%5BtemplateId%5D/page.css?v=1786436096449 was preloaded using link preload but not used within a few seconds from the window's load event. Please make sure it has an appropriate `as` value and it is preloaded intentionally. @ http://localhost:3020/preview/arcstone-growth?frame=1:0
[  265016ms] [WARNING] The resource http://localhost:3020/_next/static/css/app/layout.css?v=1786436099097 was preloaded using link preload but not used within a few seconds from the window's load event. Please make sure it has an appropriate `as` value and it is preloaded intentionally. @ http://localhost:3020/preview/arcstone-growth?frame=1:0
[  265016ms] [WARNING] The resource http://localhost:3020/_next/static/media/eaead17c7dbfcd5d-s.p.woff2?v=1786436087471 was preloaded using link preload but not used within a few seconds from the window's load event. Please make sure it has an appropriate `as` value and it is preloaded intentionally. @ http://localhost:3020/preview/arcstone-growth?frame=1:0
[  265016ms] [WARNING] The resource http://localhost:3020/_next/static/media/569ce4b8f30dc480-s.p.woff2?v=1786436087471 was preloaded using link preload but not used within a few seconds from the window's load event. Please make sure it has an appropriate `as` value and it is preloaded intentionally. @ http://localhost:3020/preview/arcstone-growth?frame=1:0
[  265016ms] [WARNING] The resource http://localhost:3020/_next/static/css/app/preview/%5BtemplateId%5D/page.css?v=1786436100450 was preloaded using link preload but not used within a few seconds from the window's load event. Please make sure it has an appropriate `as` value and it is preloaded intentionally. @ http://localhost:3020/preview/arcstone-growth?frame=1:0
[  279381ms] [LOG] [Fast Refresh] rebuilding @ webpack-internal:///(app-pages-browser)/./node_modules/next/dist/next-devtools/shared/forward-logs-shared.js:27
[  280198ms] [LOG] [Fast Refresh] done in 818ms @ webpack-internal:///(app-pages-browser)/./node_modules/next/dist/next-devtools/shared/forward-logs-shared.js:27
[  283200ms] [WARNING] The resource http://localhost:3020/_next/static/chunks/_app-pages-browser_src_templates_arcstone-growth_template_tsx.js was preloaded using link preload but not used within a few seconds from the window's load event. Please make sure it has an appropriate `as` value and it is preloaded intentionally. @ http://localhost:3020/preview/arcstone-growth?frame=1:0
[  283202ms] [WARNING] The resource http://localhost:3020/_next/static/media/7b89a4fd5e90ede0-s.p.woff2?v=1786436087471 was preloaded using link preload but not used within a few seconds from the window's load event. Please make sure it has an appropriate `as` value and it is preloaded intentionally. @ http://localhost:3020/preview/arcstone-growth?frame=1:0
[  283202ms] [WARNING] The resource http://localhost:3020/_next/static/css/app/layout.css?v=1786436094695 was preloaded using link preload but not used within a few seconds from the window's load event. Please make sure it has an appropriate `as` value and it is preloaded intentionally. @ http://localhost:3020/preview/arcstone-growth?frame=1:0
[  283202ms] [WARNING] The resource http://localhost:3020/_next/static/css/app/preview/%5BtemplateId%5D/page.css?v=1786436101910 was preloaded using link preload but not used within a few seconds from the window's load event. Please make sure it has an appropriate `as` value and it is preloaded intentionally. @ http://localhost:3020/preview/arcstone-growth?frame=1:0
[  283202ms] [WARNING] The resource http://localhost:3020/_next/static/css/app/layout.css?v=1786436100450 was preloaded using link preload but not used within a few seconds from the window's load event. Please make sure it has an appropriate `as` value and it is preloaded intentionally. @ http://localhost:3020/preview/arcstone-growth?frame=1:0
[  283202ms] [WARNING] The resource http://localhost:3020/_next/static/media/ee40bb094c99a29a-s.p.woff2?v=1786436087471 was preloaded using link preload but not used within a few seconds from the window's load event. Please make sure it has an appropriate `as` value and it is preloaded intentionally. @ http://localhost:3020/preview/arcstone-growth?frame=1:0
[  283202ms] [WARNING] The resource http://localhost:3020/_next/static/media/be955174636e5369-s.p.woff2?v=1786436087471 was preloaded using link preload but not used within a few seconds from the window's load event. Please make sure it has an appropriate `as` value and it is preloaded intentionally. @ http://localhost:3020/preview/arcstone-growth?frame=1:0
[  283203ms] [WARNING] The resource http://localhost:3020/_next/static/css/app/layout.css?v=1786436101910 was preloaded using link preload but not used within a few seconds from the window's load event. Please make sure it has an appropriate `as` value and it is preloaded intentionally. @ http://localhost:3020/preview/arcstone-growth?frame=1:0
[  283203ms] [WARNING] The resource http://localhost:3020/_next/static/media/e4af272ccee01ff0-s.p.woff2?v=1786436087471 was preloaded using link preload but not used within a few seconds from the window's load event. Please make sure it has an appropriate `as` value and it is preloaded intentionally. @ http://localhost:3020/preview/arcstone-growth?frame=1:0
[  283203ms] [WARNING] The resource http://localhost:3020/_next/static/css/app/preview/%5BtemplateId%5D/page.css?v=1786436099097 was preloaded using link preload but not used within a few seconds from the window's load event. Please make sure it has an appropriate `as` value and it is preloaded intentionally. @ http://localhost:3020/preview/arcstone-growth?frame=1:0
[  283203ms] [WARNING] The resource http://localhost:3020/_next/static/css/app/preview/%5BtemplateId%5D/page.css?v=1786436094695 was preloaded using link preload but not used within a few seconds from the window's load event. Please make sure it has an appropriate `as` value and it is preloaded intentionally. @ http://localhost:3020/preview/arcstone-growth?frame=1:0
[  283203ms] [WARNING] The resource http://localhost:3020/_next/static/media/9dd75fadc5b3df29-s.p.woff2?v=1786436087471 was preloaded using link preload but not used within a few seconds from the window's load event. Please make sure it has an appropriate `as` value and it is preloaded intentionally. @ http://localhost:3020/preview/arcstone-growth?frame=1:0
[  283203ms] [WARNING] The resource http://localhost:3020/_next/static/css/app/layout.css?v=1786436096449 was preloaded using link preload but not used within a few seconds from the window's load event. Please make sure it has an appropriate `as` value and it is preloaded intentionally. @ http://localhost:3020/preview/arcstone-growth?frame=1:0
[  283203ms] [WARNING] The resource http://localhost:3020/_next/static/css/app/preview/%5BtemplateId%5D/page.css?v=1786436096449 was preloaded using link preload but not used within a few seconds from the window's load event. Please make sure it has an appropriate `as` value and it is preloaded intentionally. @ http://localhost:3020/preview/arcstone-growth?frame=1:0
[  283203ms] [WARNING] The resource http://localhost:3020/_next/static/css/app/layout.css?v=1786436099097 was preloaded using link preload but not used within a few seconds from the window's load event. Please make sure it has an appropriate `as` value and it is preloaded intentionally. @ http://localhost:3020/preview/arcstone-growth?frame=1:0
[  283203ms] [WARNING] The resource http://localhost:3020/_next/static/media/eaead17c7dbfcd5d-s.p.woff2?v=1786436087471 was preloaded using link preload but not used within a few seconds from the window's load event. Please make sure it has an appropriate `as` value and it is preloaded intentionally. @ http://localhost:3020/preview/arcstone-growth?frame=1:0
[  283203ms] [WARNING] The resource http://localhost:3020/_next/static/media/569ce4b8f30dc480-s.p.woff2?v=1786436087471 was preloaded using link preload but not used within a few seconds from the window's load event. Please make sure it has an appropriate `as` value and it is preloaded intentionally. @ http://localhost:3020/preview/arcstone-growth?frame=1:0
[  283203ms] [WARNING] The resource http://localhost:3020/_next/static/css/app/preview/%5BtemplateId%5D/page.css?v=1786436100450 was preloaded using link preload but not used within a few seconds from the window's load event. Please make sure it has an appropriate `as` value and it is preloaded intentionally. @ http://localhost:3020/preview/arcstone-growth?frame=1:0
[  284219ms] [LOG] [Fast Refresh] rebuilding @ webpack-internal:///(app-pages-browser)/./node_modules/next/dist/next-devtools/shared/forward-logs-shared.js:27
[  284632ms] [LOG] [Fast Refresh] done in 413ms @ webpack-internal:///(app-pages-browser)/./node_modules/next/dist/next-devtools/shared/forward-logs-shared.js:27
[  302376ms] [INFO] %cDownload the React DevTools for a better development experience: https://react.dev/link/react-devtools font-weight:bold @ webpack-internal:///(app-pages-browser)/./node_modules/next/dist/next-devtools/shared/forward-logs-shared.js:27
[  303207ms] [LOG] [HMR] connected @ webpack-internal:///(app-pages-browser)/./node_modules/next/dist/next-devtools/shared/forward-logs-shared.js:27
[  307348ms] [WARNING] The resource http://localhost:3020/_next/static/chunks/_app-pages-browser_src_templates_arcstone-growth_template_tsx.js was preloaded using link preload but not used within a few seconds from the window's load event. Please make sure it has an appropriate `as` value and it is preloaded intentionally. @ http://localhost:3020/preview/arcstone-growth?frame=1:0
[  307349ms] [WARNING] The resource http://localhost:3020/_next/static/media/7b89a4fd5e90ede0-s.p.woff2?v=1786436138280 was preloaded using link preload but not used within a few seconds from the window's load event. Please make sure it has an appropriate `as` value and it is preloaded intentionally. @ http://localhost:3020/preview/arcstone-growth?frame=1:0
[  307349ms] [WARNING] The resource http://localhost:3020/_next/static/media/be955174636e5369-s.p.woff2?v=1786436138280 was preloaded using link preload but not used within a few seconds from the window's load event. Please make sure it has an appropriate `as` value and it is preloaded intentionally. @ http://localhost:3020/preview/arcstone-growth?frame=1:0
[  307349ms] [WARNING] The resource http://localhost:3020/_next/static/media/569ce4b8f30dc480-s.p.woff2?v=1786436138280 was preloaded using link preload but not used within a few seconds from the window's load event. Please make sure it has an appropriate `as` value and it is preloaded intentionally. @ http://localhost:3020/preview/arcstone-growth?frame=1:0
[  307349ms] [WARNING] The resource http://localhost:3020/_next/static/media/eaead17c7dbfcd5d-s.p.woff2?v=1786436138280 was preloaded using link preload but not used within a few seconds from the window's load event. Please make sure it has an appropriate `as` value and it is preloaded intentionally. @ http://localhost:3020/preview/arcstone-growth?frame=1:0
[  307349ms] [WARNING] The resource http://localhost:3020/_next/static/media/ee40bb094c99a29a-s.p.woff2?v=1786436138280 was preloaded using link preload but not used within a few seconds from the window's load event. Please make sure it has an appropriate `as` value and it is preloaded intentionally. @ http://localhost:3020/preview/arcstone-growth?frame=1:0
[  307349ms] [WARNING] The resource http://localhost:3020/_next/static/media/e4af272ccee01ff0-s.p.woff2?v=1786436138280 was preloaded using link preload but not used within a few seconds from the window's load event. Please make sure it has an appropriate `as` value and it is preloaded intentionally. @ http://localhost:3020/preview/arcstone-growth?frame=1:0
[  307349ms] [WARNING] The resource http://localhost:3020/_next/static/media/9dd75fadc5b3df29-s.p.woff2?v=1786436138280 was preloaded using link preload but not used within a few seconds from the window's load event. Please make sure it has an appropriate `as` value and it is preloaded intentionally. @ http://localhost:3020/preview/arcstone-growth?frame=1:0
[  311316ms] [LOG] [Fast Refresh] rebuilding @ webpack-internal:///(app-pages-browser)/./node_modules/next/dist/next-devtools/shared/forward-logs-shared.js:27
[  312179ms] [LOG] [Fast Refresh] done in 864ms @ webpack-internal:///(app-pages-browser)/./node_modules/next/dist/next-devtools/shared/forward-logs-shared.js:27
[  313164ms] [LOG] [Fast Refresh] rebuilding @ webpack-internal:///(app-pages-browser)/./node_modules/next/dist/next-devtools/shared/forward-logs-shared.js:27
[  313640ms] [LOG] [Fast Refresh] done in 475ms @ webpack-internal:///(app-pages-browser)/./node_modules/next/dist/next-devtools/shared/forward-logs-shared.js:27
[  314692ms] [LOG] [Fast Refresh] rebuilding @ webpack-internal:///(app-pages-browser)/./node_modules/next/dist/next-devtools/shared/forward-logs-shared.js:27
[  315105ms] [LOG] [Fast Refresh] done in 413ms @ webpack-internal:///(app-pages-browser)/./node_modules/next/dist/next-devtools/shared/forward-logs-shared.js:27
[  316574ms] [LOG] [Fast Refresh] rebuilding @ webpack-internal:///(app-pages-browser)/./node_modules/next/dist/next-devtools/shared/forward-logs-shared.js:27
[  316805ms] [LOG] [Fast Refresh] done in 230ms @ webpack-internal:///(app-pages-browser)/./node_modules/next/dist/next-devtools/shared/forward-logs-shared.js:27
[  317976ms] [LOG] [Fast Refresh] rebuilding @ webpack-internal:///(app-pages-browser)/./node_modules/next/dist/next-devtools/shared/forward-logs-shared.js:27
[  318145ms] [LOG] [Fast Refresh] done in 168ms @ webpack-internal:///(app-pages-browser)/./node_modules/next/dist/next-devtools/shared/forward-logs-shared.js:27
[  319779ms] [LOG] [Fast Refresh] rebuilding @ webpack-internal:///(app-pages-browser)/./node_modules/next/dist/next-devtools/shared/forward-logs-shared.js:27
[  320689ms] [LOG] [Fast Refresh] done in 910ms @ webpack-internal:///(app-pages-browser)/./node_modules/next/dist/next-devtools/shared/forward-logs-shared.js:27
[  321367ms] [LOG] [Fast Refresh] rebuilding @ webpack-internal:///(app-pages-browser)/./node_modules/next/dist/next-devtools/shared/forward-logs-shared.js:27
[  321540ms] [LOG] [Fast Refresh] done in 174ms @ webpack-internal:///(app-pages-browser)/./node_modules/next/dist/next-devtools/shared/forward-logs-shared.js:27
[  322833ms] [LOG] [Fast Refresh] rebuilding @ webpack-internal:///(app-pages-browser)/./node_modules/next/dist/next-devtools/shared/forward-logs-shared.js:27
[  323008ms] [LOG] [Fast Refresh] done in 174ms @ webpack-internal:///(app-pages-browser)/./node_modules/next/dist/next-devtools/shared/forward-logs-shared.js:27
[  324558ms] [LOG] [Fast Refresh] rebuilding @ webpack-internal:///(app-pages-browser)/./node_modules/next/dist/next-devtools/shared/forward-logs-shared.js:27
[  324952ms] [LOG] [Fast Refresh] done in 393ms @ webpack-internal:///(app-pages-browser)/./node_modules/next/dist/next-devtools/shared/forward-logs-shared.js:27
[  326560ms] [LOG] [Fast Refresh] rebuilding @ webpack-internal:///(app-pages-browser)/./node_modules/next/dist/next-devtools/shared/forward-logs-shared.js:27
[  326756ms] [LOG] [Fast Refresh] done in 196ms @ webpack-internal:///(app-pages-browser)/./node_modules/next/dist/next-devtools/shared/forward-logs-shared.js:27
[  328791ms] [LOG] [Fast Refresh] rebuilding @ webpack-internal:///(app-pages-browser)/./node_modules/next/dist/next-devtools/shared/forward-logs-shared.js:27
[  329050ms] [LOG] [Fast Refresh] done in 260ms @ webpack-internal:///(app-pages-browser)/./node_modules/next/dist/next-devtools/shared/forward-logs-shared.js:27
[  331714ms] [LOG] [Fast Refresh] rebuilding @ webpack-internal:///(app-pages-browser)/./node_modules/next/dist/next-devtools/shared/forward-logs-shared.js:27
[  332040ms] [LOG] [Fast Refresh] done in 326ms @ webpack-internal:///(app-pages-browser)/./node_modules/next/dist/next-devtools/shared/forward-logs-shared.js:27
[  333350ms] [LOG] [Fast Refresh] rebuilding @ webpack-internal:///(app-pages-browser)/./node_modules/next/dist/next-devtools/shared/forward-logs-shared.js:27
[  333663ms] [LOG] [Fast Refresh] done in 313ms @ webpack-internal:///(app-pages-browser)/./node_modules/next/dist/next-devtools/shared/forward-logs-shared.js:27
[  335402ms] [LOG] [Fast Refresh] rebuilding @ webpack-internal:///(app-pages-browser)/./node_modules/next/dist/next-devtools/shared/forward-logs-shared.js:27
[  335535ms] [LOG] [Fast Refresh] done in 133ms @ webpack-internal:///(app-pages-browser)/./node_modules/next/dist/next-devtools/shared/forward-logs-shared.js:27
[  337267ms] [LOG] [Fast Refresh] rebuilding @ webpack-internal:///(app-pages-browser)/./node_modules/next/dist/next-devtools/shared/forward-logs-shared.js:27
[  337492ms] [LOG] [Fast Refresh] done in 224ms @ webpack-internal:///(app-pages-browser)/./node_modules/next/dist/next-devtools/shared/forward-logs-shared.js:27
[  338567ms] [LOG] [Fast Refresh] rebuilding @ webpack-internal:///(app-pages-browser)/./node_modules/next/dist/next-devtools/shared/forward-logs-shared.js:27
[  338765ms] [LOG] [Fast Refresh] done in 198ms @ webpack-internal:///(app-pages-browser)/./node_modules/next/dist/next-devtools/shared/forward-logs-shared.js:27
[  340511ms] [LOG] [Fast Refresh] rebuilding @ webpack-internal:///(app-pages-browser)/./node_modules/next/dist/next-devtools/shared/forward-logs-shared.js:27
[  340937ms] [LOG] [Fast Refresh] done in 425ms @ webpack-internal:///(app-pages-browser)/./node_modules/next/dist/next-devtools/shared/forward-logs-shared.js:27
[  342230ms] [LOG] [Fast Refresh] rebuilding @ webpack-internal:///(app-pages-browser)/./node_modules/next/dist/next-devtools/shared/forward-logs-shared.js:27
[  342464ms] [LOG] [Fast Refresh] done in 234ms @ webpack-internal:///(app-pages-browser)/./node_modules/next/dist/next-devtools/shared/forward-logs-shared.js:27
[  344167ms] [LOG] [Fast Refresh] rebuilding @ webpack-internal:///(app-pages-browser)/./node_modules/next/dist/next-devtools/shared/forward-logs-shared.js:27
[  344904ms] [LOG] [Fast Refresh] done in 737ms @ webpack-internal:///(app-pages-browser)/./node_modules/next/dist/next-devtools/shared/forward-logs-shared.js:27
[  346586ms] [LOG] [Fast Refresh] rebuilding @ webpack-internal:///(app-pages-browser)/./node_modules/next/dist/next-devtools/shared/forward-logs-shared.js:27
[  346726ms] [LOG] [Fast Refresh] done in 139ms @ webpack-internal:///(app-pages-browser)/./node_modules/next/dist/next-devtools/shared/forward-logs-shared.js:27
[  348359ms] [LOG] [Fast Refresh] rebuilding @ webpack-internal:///(app-pages-browser)/./node_modules/next/dist/next-devtools/shared/forward-logs-shared.js:27
[  348944ms] [LOG] [Fast Refresh] done in 584ms @ webpack-internal:///(app-pages-browser)/./node_modules/next/dist/next-devtools/shared/forward-logs-shared.js:27
[  350419ms] [LOG] [Fast Refresh] rebuilding @ webpack-internal:///(app-pages-browser)/./node_modules/next/dist/next-devtools/shared/forward-logs-shared.js:27
[  350603ms] [LOG] [Fast Refresh] done in 185ms @ webpack-internal:///(app-pages-browser)/./node_modules/next/dist/next-devtools/shared/forward-logs-shared.js:27
[  352644ms] [LOG] [Fast Refresh] rebuilding @ webpack-internal:///(app-pages-browser)/./node_modules/next/dist/next-devtools/shared/forward-logs-shared.js:27
[  353035ms] [LOG] [Fast Refresh] done in 391ms @ webpack-internal:///(app-pages-browser)/./node_modules/next/dist/next-devtools/shared/forward-logs-shared.js:27
[  356040ms] [WARNING] The resource http://localhost:3020/_next/static/chunks/_app-pages-browser_src_templates_arcstone-growth_template_tsx.js was preloaded using link preload but not used within a few seconds from the window's load event. Please make sure it has an appropriate `as` value and it is preloaded intentionally. @ http://localhost:3020/preview/arcstone-growth?frame=1:0
[  356040ms] [WARNING] The resource http://localhost:3020/_next/static/media/7b89a4fd5e90ede0-s.p.woff2?v=1786436138280 was preloaded using link preload but not used within a few seconds from the window's load event. Please make sure it has an appropriate `as` value and it is preloaded intentionally. @ http://localhost:3020/preview/arcstone-growth?frame=1:0
[  356040ms] [WARNING] The resource http://localhost:3020/_next/static/media/be955174636e5369-s.p.woff2?v=1786436138280 was preloaded using link preload but not used within a few seconds from the window's load event. Please make sure it has an appropriate `as` value and it is preloaded intentionally. @ http://localhost:3020/preview/arcstone-growth?frame=1:0
[  356040ms] [WARNING] The resource http://localhost:3020/_next/static/media/569ce4b8f30dc480-s.p.woff2?v=1786436138280 was preloaded using link preload but not used within a few seconds from the window's load event. Please make sure it has an appropriate `as` value and it is preloaded intentionally. @ http://localhost:3020/preview/arcstone-growth?frame=1:0
[  356040ms] [WARNING] The resource http://localhost:3020/_next/static/media/eaead17c7dbfcd5d-s.p.woff2?v=1786436138280 was preloaded using link preload but not used within a few seconds from the window's load event. Please make sure it has an appropriate `as` value and it is preloaded intentionally. @ http://localhost:3020/preview/arcstone-growth?frame=1:0
[  356040ms] [WARNING] The resource http://localhost:3020/_next/static/media/ee40bb094c99a29a-s.p.woff2?v=1786436138280 was preloaded using link preload but not used within a few seconds from the window's load event. Please make sure it has an appropriate `as` value and it is preloaded intentionally. @ http://localhost:3020/preview/arcstone-growth?frame=1:0
[  356040ms] [WARNING] The resource http://localhost:3020/_next/static/media/e4af272ccee01ff0-s.p.woff2?v=1786436138280 was preloaded using link preload but not used within a few seconds from the window's load event. Please make sure it has an appropriate `as` value and it is preloaded intentionally. @ http://localhost:3020/preview/arcstone-growth?frame=1:0
[  356040ms] [WARNING] The resource http://localhost:3020/_next/static/media/9dd75fadc5b3df29-s.p.woff2?v=1786436138280 was preloaded using link preload but not used within a few seconds from the window's load event. Please make sure it has an appropriate `as` value and it is preloaded intentionally. @ http://localhost:3020/preview/arcstone-growth?frame=1:0
[  356059ms] [LOG] [Fast Refresh] rebuilding @ webpack-internal:///(app-pages-browser)/./node_modules/next/dist/next-devtools/shared/forward-logs-shared.js:27
[  356459ms] [LOG] [Fast Refresh] done in 401ms @ webpack-internal:///(app-pages-browser)/./node_modules/next/dist/next-devtools/shared/forward-logs-shared.js:27
[  359123ms] [LOG] [Fast Refresh] rebuilding @ webpack-internal:///(app-pages-browser)/./node_modules/next/dist/next-devtools/shared/forward-logs-shared.js:27
[  359605ms] [LOG] [Fast Refresh] done in 482ms @ webpack-internal:///(app-pages-browser)/./node_modules/next/dist/next-devtools/shared/forward-logs-shared.js:27
[  362607ms] [WARNING] The resource http://localhost:3020/_next/static/chunks/_app-pages-browser_src_templates_arcstone-growth_template_tsx.js was preloaded using link preload but not used within a few seconds from the window's load event. Please make sure it has an appropriate `as` value and it is preloaded intentionally. @ http://localhost:3020/preview/arcstone-growth?frame=1:0
[  362607ms] [WARNING] The resource http://localhost:3020/_next/static/media/7b89a4fd5e90ede0-s.p.woff2?v=1786436138280 was preloaded using link preload but not used within a few seconds from the window's load event. Please make sure it has an appropriate `as` value and it is preloaded intentionally. @ http://localhost:3020/preview/arcstone-growth?frame=1:0
[  362607ms] [WARNING] The resource http://localhost:3020/_next/static/media/be955174636e5369-s.p.woff2?v=1786436138280 was preloaded using link preload but not used within a few seconds from the window's load event. Please make sure it has an appropriate `as` value and it is preloaded intentionally. @ http://localhost:3020/preview/arcstone-growth?frame=1:0
[  362607ms] [WARNING] The resource http://localhost:3020/_next/static/media/569ce4b8f30dc480-s.p.woff2?v=1786436138280 was preloaded using link preload but not used within a few seconds from the window's load event. Please make sure it has an appropriate `as` value and it is preloaded intentionally. @ http://localhost:3020/preview/arcstone-growth?frame=1:0
[  362607ms] [WARNING] The resource http://localhost:3020/_next/static/media/eaead17c7dbfcd5d-s.p.woff2?v=1786436138280 was preloaded using link preload but not used within a few seconds from the window's load event. Please make sure it has an appropriate `as` value and it is preloaded intentionally. @ http://localhost:3020/preview/arcstone-growth?frame=1:0
[  362607ms] [WARNING] The resource http://localhost:3020/_next/static/media/ee40bb094c99a29a-s.p.woff2?v=1786436138280 was preloaded using link preload but not used within a few seconds from the window's load event. Please make sure it has an appropriate `as` value and it is preloaded intentionally. @ http://localhost:3020/preview/arcstone-growth?frame=1:0
[  362607ms] [WARNING] The resource http://localhost:3020/_next/static/media/e4af272ccee01ff0-s.p.woff2?v=1786436138280 was preloaded using link preload but not used within a few seconds from the window's load event. Please make sure it has an appropriate `as` value and it is preloaded intentionally. @ http://localhost:3020/preview/arcstone-growth?frame=1:0
[  362607ms] [WARNING] The resource http://localhost:3020/_next/static/media/9dd75fadc5b3df29-s.p.woff2?v=1786436138280 was preloaded using link preload but not used within a few seconds from the window's load event. Please make sure it has an appropriate `as` value and it is preloaded intentionally. @ http://localhost:3020/preview/arcstone-growth?frame=1:0
[  362918ms] [LOG] [Fast Refresh] rebuilding @ webpack-internal:///(app-pages-browser)/./node_modules/next/dist/next-devtools/shared/forward-logs-shared.js:27
[  363186ms] [LOG] [Fast Refresh] done in 269ms @ webpack-internal:///(app-pages-browser)/./node_modules/next/dist/next-devtools/shared/forward-logs-shared.js:27
[  365404ms] [LOG] [Fast Refresh] rebuilding @ webpack-internal:///(app-pages-browser)/./node_modules/next/dist/next-devtools/shared/forward-logs-shared.js:27
[  365640ms] [LOG] [Fast Refresh] done in 236ms @ webpack-internal:///(app-pages-browser)/./node_modules/next/dist/next-devtools/shared/forward-logs-shared.js:27
[  367941ms] [LOG] [Fast Refresh] rebuilding @ webpack-internal:///(app-pages-browser)/./node_modules/next/dist/next-devtools/shared/forward-logs-shared.js:27
[  368259ms] [LOG] [Fast Refresh] done in 319ms @ webpack-internal:///(app-pages-browser)/./node_modules/next/dist/next-devtools/shared/forward-logs-shared.js:27
[  370296ms] [LOG] [Fast Refresh] rebuilding @ webpack-internal:///(app-pages-browser)/./node_modules/next/dist/next-devtools/shared/forward-logs-shared.js:27
[  370444ms] [LOG] [Fast Refresh] done in 147ms @ webpack-internal:///(app-pages-browser)/./node_modules/next/dist/next-devtools/shared/forward-logs-shared.js:27
[  372098ms] [LOG] [Fast Refresh] rebuilding @ webpack-internal:///(app-pages-browser)/./node_modules/next/dist/next-devtools/shared/forward-logs-shared.js:27
[  372800ms] [LOG] [Fast Refresh] done in 702ms @ webpack-internal:///(app-pages-browser)/./node_modules/next/dist/next-devtools/shared/forward-logs-shared.js:27
[  374789ms] [LOG] [Fast Refresh] rebuilding @ webpack-internal:///(app-pages-browser)/./node_modules/next/dist/next-devtools/shared/forward-logs-shared.js:27
[  374933ms] [LOG] [Fast Refresh] done in 144ms @ webpack-internal:///(app-pages-browser)/./node_modules/next/dist/next-devtools/shared/forward-logs-shared.js:27
[  376676ms] [LOG] [Fast Refresh] rebuilding @ webpack-internal:///(app-pages-browser)/./node_modules/next/dist/next-devtools/shared/forward-logs-shared.js:27
[  377136ms] [LOG] [Fast Refresh] done in 459ms @ webpack-internal:///(app-pages-browser)/./node_modules/next/dist/next-devtools/shared/forward-logs-shared.js:27
[  380117ms] [LOG] [Fast Refresh] rebuilding @ webpack-internal:///(app-pages-browser)/./node_modules/next/dist/next-devtools/shared/forward-logs-shared.js:27
[  380137ms] [WARNING] The resource http://localhost:3020/_next/static/chunks/_app-pages-browser_src_templates_arcstone-growth_template_tsx.js was preloaded using link preload but not used within a few seconds from the window's load event. Please make sure it has an appropriate `as` value and it is preloaded intentionally. @ http://localhost:3020/preview/arcstone-growth?frame=1:0
[  380137ms] [WARNING] The resource http://localhost:3020/_next/static/media/7b89a4fd5e90ede0-s.p.woff2?v=1786436138280 was preloaded using link preload but not used within a few seconds from the window's load event. Please make sure it has an appropriate `as` value and it is preloaded intentionally. @ http://localhost:3020/preview/arcstone-growth?frame=1:0
[  380137ms] [WARNING] The resource http://localhost:3020/_next/static/media/be955174636e5369-s.p.woff2?v=1786436138280 was preloaded using link preload but not used within a few seconds from the window's load event. Please make sure it has an appropriate `as` value and it is preloaded intentionally. @ http://localhost:3020/preview/arcstone-growth?frame=1:0
[  380137ms] [WARNING] The resource http://localhost:3020/_next/static/media/569ce4b8f30dc480-s.p.woff2?v=1786436138280 was preloaded using link preload but not used within a few seconds from the window's load event. Please make sure it has an appropriate `as` value and it is preloaded intentionally. @ http://localhost:3020/preview/arcstone-growth?frame=1:0
[  380137ms] [WARNING] The resource http://localhost:3020/_next/static/media/eaead17c7dbfcd5d-s.p.woff2?v=1786436138280 was preloaded using link preload but not used within a few seconds from the window's load event. Please make sure it has an appropriate `as` value and it is preloaded intentionally. @ http://localhost:3020/preview/arcstone-growth?frame=1:0
[  380137ms] [WARNING] The resource http://localhost:3020/_next/static/media/ee40bb094c99a29a-s.p.woff2?v=1786436138280 was preloaded using link preload but not used within a few seconds from the window's load event. Please make sure it has an appropriate `as` value and it is preloaded intentionally. @ http://localhost:3020/preview/arcstone-growth?frame=1:0
[  380137ms] [WARNING] The resource http://localhost:3020/_next/static/media/e4af272ccee01ff0-s.p.woff2?v=1786436138280 was preloaded using link preload but not used within a few seconds from the window's load event. Please make sure it has an appropriate `as` value and it is preloaded intentionally. @ http://localhost:3020/preview/arcstone-growth?frame=1:0
[  380137ms] [WARNING] The resource http://localhost:3020/_next/static/media/9dd75fadc5b3df29-s.p.woff2?v=1786436138280 was preloaded using link preload but not used within a few seconds from the window's load event. Please make sure it has an appropriate `as` value and it is preloaded intentionally. @ http://localhost:3020/preview/arcstone-growth?frame=1:0
[  380445ms] [LOG] [Fast Refresh] done in 329ms @ webpack-internal:///(app-pages-browser)/./node_modules/next/dist/next-devtools/shared/forward-logs-shared.js:27
[  383000ms] [LOG] [Fast Refresh] rebuilding @ webpack-internal:///(app-pages-browser)/./node_modules/next/dist/next-devtools/shared/forward-logs-shared.js:27
[  383809ms] [LOG] [Fast Refresh] done in 809ms @ webpack-internal:///(app-pages-browser)/./node_modules/next/dist/next-devtools/shared/forward-logs-shared.js:27
[  386814ms] [WARNING] The resource http://localhost:3020/_next/static/chunks/_app-pages-browser_src_templates_arcstone-growth_template_tsx.js was preloaded using link preload but not used within a few seconds from the window's load event. Please make sure it has an appropriate `as` value and it is preloaded intentionally. @ http://localhost:3020/preview/arcstone-growth?frame=1:0
[  386814ms] [WARNING] The resource http://localhost:3020/_next/static/media/7b89a4fd5e90ede0-s.p.woff2?v=1786436138280 was preloaded using link preload but not used within a few seconds from the window's load event. Please make sure it has an appropriate `as` value and it is preloaded intentionally. @ http://localhost:3020/preview/arcstone-growth?frame=1:0
[  386814ms] [WARNING] The resource http://localhost:3020/_next/static/media/be955174636e5369-s.p.woff2?v=1786436138280 was preloaded using link preload but not used within a few seconds from the window's load event. Please make sure it has an appropriate `as` value and it is preloaded intentionally. @ http://localhost:3020/preview/arcstone-growth?frame=1:0
[  386814ms] [WARNING] The resource http://localhost:3020/_next/static/css/app/preview/%5BtemplateId%5D/page.css?v=1786436233862 was preloaded using link preload but not used within a few seconds from the window's load event. Please make sure it has an appropriate `as` value and it is preloaded intentionally. @ http://localhost:3020/preview/arcstone-growth?frame=1:0
[  386814ms] [WARNING] The resource http://localhost:3020/_next/static/css/app/layout.css?v=1786436233862 was preloaded using link preload but not used within a few seconds from the window's load event. Please make sure it has an appropriate `as` value and it is preloaded intentionally. @ http://localhost:3020/preview/arcstone-growth?frame=1:0
[  386815ms] [WARNING] The resource http://localhost:3020/_next/static/media/569ce4b8f30dc480-s.p.woff2?v=1786436138280 was preloaded using link preload but not used within a few seconds from the window's load event. Please make sure it has an appropriate `as` value and it is preloaded intentionally. @ http://localhost:3020/preview/arcstone-growth?frame=1:0
[  386815ms] [WARNING] The resource http://localhost:3020/_next/static/media/eaead17c7dbfcd5d-s.p.woff2?v=1786436138280 was preloaded using link preload but not used within a few seconds from the window's load event. Please make sure it has an appropriate `as` value and it is preloaded intentionally. @ http://localhost:3020/preview/arcstone-growth?frame=1:0
[  386815ms] [WARNING] The resource http://localhost:3020/_next/static/media/ee40bb094c99a29a-s.p.woff2?v=1786436138280 was preloaded using link preload but not used within a few seconds from the window's load event. Please make sure it has an appropriate `as` value and it is preloaded intentionally. @ http://localhost:3020/preview/arcstone-growth?frame=1:0
[  386815ms] [WARNING] The resource http://localhost:3020/_next/static/media/e4af272ccee01ff0-s.p.woff2?v=1786436138280 was preloaded using link preload but not used within a few seconds from the window's load event. Please make sure it has an appropriate `as` value and it is preloaded intentionally. @ http://localhost:3020/preview/arcstone-growth?frame=1:0
[  386815ms] [WARNING] The resource http://localhost:3020/_next/static/media/9dd75fadc5b3df29-s.p.woff2?v=1786436138280 was preloaded using link preload but not used within a few seconds from the window's load event. Please make sure it has an appropriate `as` value and it is preloaded intentionally. @ http://localhost:3020/preview/arcstone-growth?frame=1:0
[  388932ms] [LOG] [Fast Refresh] rebuilding @ webpack-internal:///(app-pages-browser)/./node_modules/next/dist/next-devtools/shared/forward-logs-shared.js:27
[  392859ms] [WARNING] The resource http://localhost:3020/_next/static/chunks/_app-pages-browser_src_templates_arcstone-growth_template_tsx.js was preloaded using link preload but not used within a few seconds from the window's load event. Please make sure it has an appropriate `as` value and it is preloaded intentionally. @ http://localhost:3020/preview/arcstone-growth?frame=1:0
[  392860ms] [WARNING] The resource http://localhost:3020/_next/static/media/7b89a4fd5e90ede0-s.p.woff2?v=1786436138280 was preloaded using link preload but not used within a few seconds from the window's load event. Please make sure it has an appropriate `as` value and it is preloaded intentionally. @ http://localhost:3020/preview/arcstone-growth?frame=1:0
[  392860ms] [WARNING] The resource http://localhost:3020/_next/static/media/be955174636e5369-s.p.woff2?v=1786436138280 was preloaded using link preload but not used within a few seconds from the window's load event. Please make sure it has an appropriate `as` value and it is preloaded intentionally. @ http://localhost:3020/preview/arcstone-growth?frame=1:0
[  392860ms] [WARNING] The resource http://localhost:3020/_next/static/media/569ce4b8f30dc480-s.p.woff2?v=1786436138280 was preloaded using link preload but not used within a few seconds from the window's load event. Please make sure it has an appropriate `as` value and it is preloaded intentionally. @ http://localhost:3020/preview/arcstone-growth?frame=1:0
[  392860ms] [WARNING] The resource http://localhost:3020/_next/static/media/eaead17c7dbfcd5d-s.p.woff2?v=1786436138280 was preloaded using link preload but not used within a few seconds from the window's load event. Please make sure it has an appropriate `as` value and it is preloaded intentionally. @ http://localhost:3020/preview/arcstone-growth?frame=1:0
[  392860ms] [WARNING] The resource http://localhost:3020/_next/static/media/ee40bb094c99a29a-s.p.woff2?v=1786436138280 was preloaded using link preload but not used within a few seconds from the window's load event. Please make sure it has an appropriate `as` value and it is preloaded intentionally. @ http://localhost:3020/preview/arcstone-growth?frame=1:0
[  392860ms] [WARNING] The resource http://localhost:3020/_next/static/media/e4af272ccee01ff0-s.p.woff2?v=1786436138280 was preloaded using link preload but not used within a few seconds from the window's load event. Please make sure it has an appropriate `as` value and it is preloaded intentionally. @ http://localhost:3020/preview/arcstone-growth?frame=1:0
[  392860ms] [WARNING] The resource http://localhost:3020/_next/static/media/9dd75fadc5b3df29-s.p.woff2?v=1786436138280 was preloaded using link preload but not used within a few seconds from the window's load event. Please make sure it has an appropriate `as` value and it is preloaded intentionally. @ http://localhost:3020/preview/arcstone-growth?frame=1:0
[  392944ms] [LOG] [Fast Refresh] done in 4013ms @ webpack-internal:///(app-pages-browser)/./node_modules/next/dist/next-devtools/shared/forward-logs-shared.js:27
[  395952ms] [WARNING] The resource http://localhost:3020/_next/static/chunks/_app-pages-browser_src_templates_arcstone-growth_template_tsx.js was preloaded using link preload but not used within a few seconds from the window's load event. Please make sure it has an appropriate `as` value and it is preloaded intentionally. @ http://localhost:3020/preview/arcstone-growth?frame=1:0
[  395953ms] [WARNING] The resource http://localhost:3020/_next/static/media/7b89a4fd5e90ede0-s.p.woff2?v=1786436138280 was preloaded using link preload but not used within a few seconds from the window's load event. Please make sure it has an appropriate `as` value and it is preloaded intentionally. @ http://localhost:3020/preview/arcstone-growth?frame=1:0
[  395953ms] [WARNING] The resource http://localhost:3020/_next/static/media/be955174636e5369-s.p.woff2?v=1786436138280 was preloaded using link preload but not used within a few seconds from the window's load event. Please make sure it has an appropriate `as` value and it is preloaded intentionally. @ http://localhost:3020/preview/arcstone-growth?frame=1:0
[  395953ms] [WARNING] The resource http://localhost:3020/_next/static/media/569ce4b8f30dc480-s.p.woff2?v=1786436138280 was preloaded using link preload but not used within a few seconds from the window's load event. Please make sure it has an appropriate `as` value and it is preloaded intentionally. @ http://localhost:3020/preview/arcstone-growth?frame=1:0
[  395953ms] [WARNING] The resource http://localhost:3020/_next/static/media/eaead17c7dbfcd5d-s.p.woff2?v=1786436138280 was preloaded using link preload but not used within a few seconds from the window's load event. Please make sure it has an appropriate `as` value and it is preloaded intentionally. @ http://localhost:3020/preview/arcstone-growth?frame=1:0
[  395953ms] [WARNING] The resource http://localhost:3020/_next/static/media/ee40bb094c99a29a-s.p.woff2?v=1786436138280 was preloaded using link preload but not used within a few seconds from the window's load event. Please make sure it has an appropriate `as` value and it is preloaded intentionally. @ http://localhost:3020/preview/arcstone-growth?frame=1:0
[  395953ms] [WARNING] The resource http://localhost:3020/_next/static/media/e4af272ccee01ff0-s.p.woff2?v=1786436138280 was preloaded using link preload but not used within a few seconds from the window's load event. Please make sure it has an appropriate `as` value and it is preloaded intentionally. @ http://localhost:3020/preview/arcstone-growth?frame=1:0
[  395953ms] [WARNING] The resource http://localhost:3020/_next/static/media/9dd75fadc5b3df29-s.p.woff2?v=1786436138280 was preloaded using link preload but not used within a few seconds from the window's load event. Please make sure it has an appropriate `as` value and it is preloaded intentionally. @ http://localhost:3020/preview/arcstone-growth?frame=1:0
[  400076ms] [LOG] [Fast Refresh] rebuilding @ webpack-internal:///(app-pages-browser)/./node_modules/next/dist/next-devtools/shared/forward-logs-shared.js:27
[  400275ms] [LOG] [Fast Refresh] rebuilding @ webpack-internal:///(app-pages-browser)/./node_modules/next/dist/next-devtools/shared/forward-logs-shared.js:27
[  401462ms] [LOG] [Fast Refresh] done in 1186ms @ webpack-internal:///(app-pages-browser)/./node_modules/next/dist/next-devtools/shared/forward-logs-shared.js:27
[  402279ms] [LOG] [Fast Refresh] done in 2003ms @ webpack-internal:///(app-pages-browser)/./node_modules/next/dist/next-devtools/shared/forward-logs-shared.js:27
[  407700ms] [WARNING] The resource http://localhost:3020/_next/static/chunks/_app-pages-browser_src_templates_arcstone-growth_template_tsx.js was preloaded using link preload but not used within a few seconds from the window's load event. Please make sure it has an appropriate `as` value and it is preloaded intentionally. @ http://localhost:3020/preview/arcstone-growth?frame=1:0
[  407700ms] [WARNING] The resource http://localhost:3020/_next/static/media/7b89a4fd5e90ede0-s.p.woff2?v=1786436138280 was preloaded using link preload but not used within a few seconds from the window's load event. Please make sure it has an appropriate `as` value and it is preloaded intentionally. @ http://localhost:3020/preview/arcstone-growth?frame=1:0
[  407701ms] [WARNING] The resource http://localhost:3020/_next/static/media/be955174636e5369-s.p.woff2?v=1786436138280 was preloaded using link preload but not used within a few seconds from the window's load event. Please make sure it has an appropriate `as` value and it is preloaded intentionally. @ http://localhost:3020/preview/arcstone-growth?frame=1:0
[  407701ms] [WARNING] The resource http://localhost:3020/_next/static/media/569ce4b8f30dc480-s.p.woff2?v=1786436138280 was preloaded using link preload but not used within a few seconds from the window's load event. Please make sure it has an appropriate `as` value and it is preloaded intentionally. @ http://localhost:3020/preview/arcstone-growth?frame=1:0
[  407702ms] [WARNING] The resource http://localhost:3020/_next/static/media/eaead17c7dbfcd5d-s.p.woff2?v=1786436138280 was preloaded using link preload but not used within a few seconds from the window's load event. Please make sure it has an appropriate `as` value and it is preloaded intentionally. @ http://localhost:3020/preview/arcstone-growth?frame=1:0
[  407702ms] [WARNING] The resource http://localhost:3020/_next/static/media/ee40bb094c99a29a-s.p.woff2?v=1786436138280 was preloaded using link preload but not used within a few seconds from the window's load event. Please make sure it has an appropriate `as` value and it is preloaded intentionally. @ http://localhost:3020/preview/arcstone-growth?frame=1:0
[  407702ms] [WARNING] The resource http://localhost:3020/_next/static/media/e4af272ccee01ff0-s.p.woff2?v=1786436138280 was preloaded using link preload but not used within a few seconds from the window's load event. Please make sure it has an appropriate `as` value and it is preloaded intentionally. @ http://localhost:3020/preview/arcstone-growth?frame=1:0
[  407703ms] [WARNING] The resource http://localhost:3020/_next/static/media/9dd75fadc5b3df29-s.p.woff2?v=1786436138280 was preloaded using link preload but not used within a few seconds from the window's load event. Please make sure it has an appropriate `as` value and it is preloaded intentionally. @ http://localhost:3020/preview/arcstone-growth?frame=1:0
[  412299ms] [LOG] [Fast Refresh] rebuilding @ webpack-internal:///(app-pages-browser)/./node_modules/next/dist/next-devtools/shared/forward-logs-shared.js:27
[  412789ms] [LOG] [Fast Refresh] rebuilding @ webpack-internal:///(app-pages-browser)/./node_modules/next/dist/next-devtools/shared/forward-logs-shared.js:27
[  414129ms] [LOG] [Fast Refresh] done in 1340ms @ webpack-internal:///(app-pages-browser)/./node_modules/next/dist/next-devtools/shared/forward-logs-shared.js:27
[  416639ms] [LOG] [Fast Refresh] done in 3850ms @ webpack-internal:///(app-pages-browser)/./node_modules/next/dist/next-devtools/shared/forward-logs-shared.js:27
[  417444ms] [LOG] [Fast Refresh] rebuilding @ webpack-internal:///(app-pages-browser)/./node_modules/next/dist/next-devtools/shared/forward-logs-shared.js:27
[  418376ms] [LOG] [Fast Refresh] done in 932ms @ webpack-internal:///(app-pages-browser)/./node_modules/next/dist/next-devtools/shared/forward-logs-shared.js:27
[  418716ms] [LOG] [Fast Refresh] rebuilding @ webpack-internal:///(app-pages-browser)/./node_modules/next/dist/next-devtools/shared/forward-logs-shared.js:27
[  418800ms] [LOG] [Fast Refresh] done in 85ms @ webpack-internal:///(app-pages-browser)/./node_modules/next/dist/next-devtools/shared/forward-logs-shared.js:27
[  423433ms] [WARNING] The resource http://localhost:3020/_next/static/chunks/_app-pages-browser_src_templates_arcstone-growth_template_tsx.js was preloaded using link preload but not used within a few seconds from the window's load event. Please make sure it has an appropriate `as` value and it is preloaded intentionally. @ http://localhost:3020/preview/arcstone-growth?frame=1:0
[  423434ms] [WARNING] The resource http://localhost:3020/_next/static/media/7b89a4fd5e90ede0-s.p.woff2?v=1786436138280 was preloaded using link preload but not used within a few seconds from the window's load event. Please make sure it has an appropriate `as` value and it is preloaded intentionally. @ http://localhost:3020/preview/arcstone-growth?frame=1:0
[  423434ms] [WARNING] The resource http://localhost:3020/_next/static/media/be955174636e5369-s.p.woff2?v=1786436138280 was preloaded using link preload but not used within a few seconds from the window's load event. Please make sure it has an appropriate `as` value and it is preloaded intentionally. @ http://localhost:3020/preview/arcstone-growth?frame=1:0
[  423434ms] [WARNING] The resource http://localhost:3020/_next/static/media/569ce4b8f30dc480-s.p.woff2?v=1786436138280 was preloaded using link preload but not used within a few seconds from the window's load event. Please make sure it has an appropriate `as` value and it is preloaded intentionally. @ http://localhost:3020/preview/arcstone-growth?frame=1:0
[  423434ms] [WARNING] The resource http://localhost:3020/_next/static/media/eaead17c7dbfcd5d-s.p.woff2?v=1786436138280 was preloaded using link preload but not used within a few seconds from the window's load event. Please make sure it has an appropriate `as` value and it is preloaded intentionally. @ http://localhost:3020/preview/arcstone-growth?frame=1:0
[  423434ms] [WARNING] The resource http://localhost:3020/_next/static/media/ee40bb094c99a29a-s.p.woff2?v=1786436138280 was preloaded using link preload but not used within a few seconds from the window's load event. Please make sure it has an appropriate `as` value and it is preloaded intentionally. @ http://localhost:3020/preview/arcstone-growth?frame=1:0
[  423434ms] [WARNING] The resource http://localhost:3020/_next/static/media/e4af272ccee01ff0-s.p.woff2?v=1786436138280 was preloaded using link preload but not used within a few seconds from the window's load event. Please make sure it has an appropriate `as` value and it is preloaded intentionally. @ http://localhost:3020/preview/arcstone-growth?frame=1:0
[  423434ms] [WARNING] The resource http://localhost:3020/_next/static/css/app/layout.css?v=1786436272455 was preloaded using link preload but not used within a few seconds from the window's load event. Please make sure it has an appropriate `as` value and it is preloaded intentionally. @ http://localhost:3020/preview/arcstone-growth?frame=1:0
[  423434ms] [WARNING] The resource http://localhost:3020/_next/static/css/app/preview/%5BtemplateId%5D/page.css?v=1786436272455 was preloaded using link preload but not used within a few seconds from the window's load event. Please make sure it has an appropriate `as` value and it is preloaded intentionally. @ http://localhost:3020/preview/arcstone-growth?frame=1:0
[  423434ms] [WARNING] The resource http://localhost:3020/_next/static/media/9dd75fadc5b3df29-s.p.woff2?v=1786436138280 was preloaded using link preload but not used within a few seconds from the window's load event. Please make sure it has an appropriate `as` value and it is preloaded intentionally. @ http://localhost:3020/preview/arcstone-growth?frame=1:0
[  424308ms] [LOG] [Fast Refresh] rebuilding @ webpack-internal:///(app-pages-browser)/./node_modules/next/dist/next-devtools/shared/forward-logs-shared.js:27
[  424496ms] [LOG] [Fast Refresh] done in 188ms @ webpack-internal:///(app-pages-browser)/./node_modules/next/dist/next-devtools/shared/forward-logs-shared.js:27
[  425909ms] [LOG] [Fast Refresh] rebuilding @ webpack-internal:///(app-pages-browser)/./node_modules/next/dist/next-devtools/shared/forward-logs-shared.js:27
[  426865ms] [LOG] [Fast Refresh] done in 956ms @ webpack-internal:///(app-pages-browser)/./node_modules/next/dist/next-devtools/shared/forward-logs-shared.js:27
[  429442ms] [LOG] [Fast Refresh] rebuilding @ webpack-internal:///(app-pages-browser)/./node_modules/next/dist/next-devtools/shared/forward-logs-shared.js:27
[  430755ms] [LOG] [Fast Refresh] done in 1313ms @ webpack-internal:///(app-pages-browser)/./node_modules/next/dist/next-devtools/shared/forward-logs-shared.js:27
[  431540ms] [LOG] [Fast Refresh] rebuilding @ webpack-internal:///(app-pages-browser)/./node_modules/next/dist/next-devtools/shared/forward-logs-shared.js:27
[  431734ms] [LOG] [Fast Refresh] done in 194ms @ webpack-internal:///(app-pages-browser)/./node_modules/next/dist/next-devtools/shared/forward-logs-shared.js:27
[  433435ms] [LOG] [Fast Refresh] rebuilding @ webpack-internal:///(app-pages-browser)/./node_modules/next/dist/next-devtools/shared/forward-logs-shared.js:27
[  433614ms] [LOG] [Fast Refresh] done in 180ms @ webpack-internal:///(app-pages-browser)/./node_modules/next/dist/next-devtools/shared/forward-logs-shared.js:27
[  435461ms] [LOG] [Fast Refresh] rebuilding @ webpack-internal:///(app-pages-browser)/./node_modules/next/dist/next-devtools/shared/forward-logs-shared.js:27
[  436189ms] [LOG] [Fast Refresh] done in 729ms @ webpack-internal:///(app-pages-browser)/./node_modules/next/dist/next-devtools/shared/forward-logs-shared.js:27
[  437673ms] [LOG] [Fast Refresh] rebuilding @ webpack-internal:///(app-pages-browser)/./node_modules/next/dist/next-devtools/shared/forward-logs-shared.js:27
[  438797ms] [LOG] [Fast Refresh] done in 1124ms @ webpack-internal:///(app-pages-browser)/./node_modules/next/dist/next-devtools/shared/forward-logs-shared.js:27
[  439737ms] [LOG] [Fast Refresh] rebuilding @ webpack-internal:///(app-pages-browser)/./node_modules/next/dist/next-devtools/shared/forward-logs-shared.js:27
[  440050ms] [LOG] [Fast Refresh] done in 312ms @ webpack-internal:///(app-pages-browser)/./node_modules/next/dist/next-devtools/shared/forward-logs-shared.js:27
[  441863ms] [LOG] [Fast Refresh] rebuilding @ webpack-internal:///(app-pages-browser)/./node_modules/next/dist/next-devtools/shared/forward-logs-shared.js:27
[  443092ms] [LOG] [Fast Refresh] done in 1228ms @ webpack-internal:///(app-pages-browser)/./node_modules/next/dist/next-devtools/shared/forward-logs-shared.js:27
[  444129ms] [LOG] [Fast Refresh] rebuilding @ webpack-internal:///(app-pages-browser)/./node_modules/next/dist/next-devtools/shared/forward-logs-shared.js:27
[  445327ms] [LOG] [Fast Refresh] done in 1198ms @ webpack-internal:///(app-pages-browser)/./node_modules/next/dist/next-devtools/shared/forward-logs-shared.js:27
[  446302ms] [LOG] [Fast Refresh] rebuilding @ webpack-internal:///(app-pages-browser)/./node_modules/next/dist/next-devtools/shared/forward-logs-shared.js:27
[  447832ms] [LOG] [Fast Refresh] done in 1530ms @ webpack-internal:///(app-pages-browser)/./node_modules/next/dist/next-devtools/shared/forward-logs-shared.js:27
[  448925ms] [LOG] [Fast Refresh] rebuilding @ webpack-internal:///(app-pages-browser)/./node_modules/next/dist/next-devtools/shared/forward-logs-shared.js:27
[  449139ms] [LOG] [Fast Refresh] done in 215ms @ webpack-internal:///(app-pages-browser)/./node_modules/next/dist/next-devtools/shared/forward-logs-shared.js:27
[  452144ms] [WARNING] The resource http://localhost:3020/_next/static/chunks/_app-pages-browser_src_templates_arcstone-growth_template_tsx.js was preloaded using link preload but not used within a few seconds from the window's load event. Please make sure it has an appropriate `as` value and it is preloaded intentionally. @ http://localhost:3020/preview/arcstone-growth?frame=1:0
[  452144ms] [WARNING] The resource http://localhost:3020/_next/static/media/9dd75fadc5b3df29-s.p.woff2?v=1786436138280 was preloaded using link preload but not used within a few seconds from the window's load event. Please make sure it has an appropriate `as` value and it is preloaded intentionally. @ http://localhost:3020/preview/arcstone-growth?frame=1:0
[  452144ms] [WARNING] The resource http://localhost:3020/_next/static/css/app/layout.css?v=1786436299242 was preloaded using link preload but not used within a few seconds from the window's load event. Please make sure it has an appropriate `as` value and it is preloaded intentionally. @ http://localhost:3020/preview/arcstone-growth?frame=1:0
[  452144ms] [WARNING] The resource http://localhost:3020/_next/static/media/569ce4b8f30dc480-s.p.woff2?v=1786436138280 was preloaded using link preload but not used within a few seconds from the window's load event. Please make sure it has an appropriate `as` value and it is preloaded intentionally. @ http://localhost:3020/preview/arcstone-growth?frame=1:0
[  452144ms] [WARNING] The resource http://localhost:3020/_next/static/media/eaead17c7dbfcd5d-s.p.woff2?v=1786436138280 was preloaded using link preload but not used within a few seconds from the window's load event. Please make sure it has an appropriate `as` value and it is preloaded intentionally. @ http://localhost:3020/preview/arcstone-growth?frame=1:0
[  452144ms] [WARNING] The resource http://localhost:3020/_next/static/media/ee40bb094c99a29a-s.p.woff2?v=1786436138280 was preloaded using link preload but not used within a few seconds from the window's load event. Please make sure it has an appropriate `as` value and it is preloaded intentionally. @ http://localhost:3020/preview/arcstone-growth?frame=1:0
[  452144ms] [WARNING] The resource http://localhost:3020/_next/static/media/e4af272ccee01ff0-s.p.woff2?v=1786436138280 was preloaded using link preload but not used within a few seconds from the window's load event. Please make sure it has an appropriate `as` value and it is preloaded intentionally. @ http://localhost:3020/preview/arcstone-growth?frame=1:0
[  452144ms] [WARNING] The resource http://localhost:3020/_next/static/media/7b89a4fd5e90ede0-s.p.woff2?v=1786436138280 was preloaded using link preload but not used within a few seconds from the window's load event. Please make sure it has an appropriate `as` value and it is preloaded intentionally. @ http://localhost:3020/preview/arcstone-growth?frame=1:0
[  452144ms] [WARNING] The resource http://localhost:3020/_next/static/media/be955174636e5369-s.p.woff2?v=1786436138280 was preloaded using link preload but not used within a few seconds from the window's load event. Please make sure it has an appropriate `as` value and it is preloaded intentionally. @ http://localhost:3020/preview/arcstone-growth?frame=1:0
[  452144ms] [WARNING] The resource http://localhost:3020/_next/static/css/app/layout.css?v=1786436272455 was preloaded using link preload but not used within a few seconds from the window's load event. Please make sure it has an appropriate `as` value and it is preloaded intentionally. @ http://localhost:3020/preview/arcstone-growth?frame=1:0
[  452144ms] [WARNING] The resource http://localhost:3020/_next/static/css/app/preview/%5BtemplateId%5D/page.css?v=1786436272455 was preloaded using link preload but not used within a few seconds from the window's load event. Please make sure it has an appropriate `as` value and it is preloaded intentionally. @ http://localhost:3020/preview/arcstone-growth?frame=1:0
[  452144ms] [WARNING] The resource http://localhost:3020/_next/static/css/app/preview/%5BtemplateId%5D/page.css?v=1786436299242 was preloaded using link preload but not used within a few seconds from the window's load event. Please make sure it has an appropriate `as` value and it is preloaded intentionally. @ http://localhost:3020/preview/arcstone-growth?frame=1:0
[  452390ms] [LOG] [Fast Refresh] rebuilding @ webpack-internal:///(app-pages-browser)/./node_modules/next/dist/next-devtools/shared/forward-logs-shared.js:27
[  452706ms] [LOG] [Fast Refresh] done in 317ms @ webpack-internal:///(app-pages-browser)/./node_modules/next/dist/next-devtools/shared/forward-logs-shared.js:27
[  454351ms] [LOG] [Fast Refresh] rebuilding @ webpack-internal:///(app-pages-browser)/./node_modules/next/dist/next-devtools/shared/forward-logs-shared.js:27
[  454524ms] [LOG] [Fast Refresh] done in 173ms @ webpack-internal:///(app-pages-browser)/./node_modules/next/dist/next-devtools/shared/forward-logs-shared.js:27
[  455674ms] [LOG] [Fast Refresh] rebuilding @ webpack-internal:///(app-pages-browser)/./node_modules/next/dist/next-devtools/shared/forward-logs-shared.js:27
[  455843ms] [LOG] [Fast Refresh] done in 168ms @ webpack-internal:///(app-pages-browser)/./node_modules/next/dist/next-devtools/shared/forward-logs-shared.js:27
[  457212ms] [LOG] [Fast Refresh] rebuilding @ webpack-internal:///(app-pages-browser)/./node_modules/next/dist/next-devtools/shared/forward-logs-shared.js:27
[  457721ms] [LOG] [Fast Refresh] done in 509ms @ webpack-internal:///(app-pages-browser)/./node_modules/next/dist/next-devtools/shared/forward-logs-shared.js:27
[  459538ms] [LOG] [Fast Refresh] rebuilding @ webpack-internal:///(app-pages-browser)/./node_modules/next/dist/next-devtools/shared/forward-logs-shared.js:27
[  459943ms] [LOG] [Fast Refresh] done in 405ms @ webpack-internal:///(app-pages-browser)/./node_modules/next/dist/next-devtools/shared/forward-logs-shared.js:27
[  461229ms] [LOG] [Fast Refresh] rebuilding @ webpack-internal:///(app-pages-browser)/./node_modules/next/dist/next-devtools/shared/forward-logs-shared.js:27
[  461956ms] [LOG] [Fast Refresh] done in 726ms @ webpack-internal:///(app-pages-browser)/./node_modules/next/dist/next-devtools/shared/forward-logs-shared.js:27
[  463044ms] [LOG] [Fast Refresh] rebuilding @ webpack-internal:///(app-pages-browser)/./node_modules/next/dist/next-devtools/shared/forward-logs-shared.js:27
[  463360ms] [LOG] [Fast Refresh] done in 316ms @ webpack-internal:///(app-pages-browser)/./node_modules/next/dist/next-devtools/shared/forward-logs-shared.js:27
[  465518ms] [LOG] [Fast Refresh] rebuilding @ webpack-internal:///(app-pages-browser)/./node_modules/next/dist/next-devtools/shared/forward-logs-shared.js:27
[  466379ms] [LOG] [Fast Refresh] done in 861ms @ webpack-internal:///(app-pages-browser)/./node_modules/next/dist/next-devtools/shared/forward-logs-shared.js:27
[  469942ms] [LOG] [Fast Refresh] rebuilding @ webpack-internal:///(app-pages-browser)/./node_modules/next/dist/next-devtools/shared/forward-logs-shared.js:27
[  470148ms] [LOG] [Fast Refresh] done in 206ms @ webpack-internal:///(app-pages-browser)/./node_modules/next/dist/next-devtools/shared/forward-logs-shared.js:27
[  471523ms] [LOG] [Fast Refresh] rebuilding @ webpack-internal:///(app-pages-browser)/./node_modules/next/dist/next-devtools/shared/forward-logs-shared.js:27
[  471743ms] [LOG] [Fast Refresh] done in 220ms @ webpack-internal:///(app-pages-browser)/./node_modules/next/dist/next-devtools/shared/forward-logs-shared.js:27
[  474745ms] [WARNING] The resource http://localhost:3020/_next/static/chunks/_app-pages-browser_src_templates_arcstone-growth_template_tsx.js was preloaded using link preload but not used within a few seconds from the window's load event. Please make sure it has an appropriate `as` value and it is preloaded intentionally. @ http://localhost:3020/preview/arcstone-growth?frame=1:0
[  474746ms] [WARNING] The resource http://localhost:3020/_next/static/media/7b89a4fd5e90ede0-s.p.woff2?v=1786436138280 was preloaded using link preload but not used within a few seconds from the window's load event. Please make sure it has an appropriate `as` value and it is preloaded intentionally. @ http://localhost:3020/preview/arcstone-growth?frame=1:0
[  474746ms] [WARNING] The resource http://localhost:3020/_next/static/media/be955174636e5369-s.p.woff2?v=1786436138280 was preloaded using link preload but not used within a few seconds from the window's load event. Please make sure it has an appropriate `as` value and it is preloaded intentionally. @ http://localhost:3020/preview/arcstone-growth?frame=1:0
[  474746ms] [WARNING] The resource http://localhost:3020/_next/static/media/569ce4b8f30dc480-s.p.woff2?v=1786436138280 was preloaded using link preload but not used within a few seconds from the window's load event. Please make sure it has an appropriate `as` value and it is preloaded intentionally. @ http://localhost:3020/preview/arcstone-growth?frame=1:0
[  474746ms] [WARNING] The resource http://localhost:3020/_next/static/media/eaead17c7dbfcd5d-s.p.woff2?v=1786436138280 was preloaded using link preload but not used within a few seconds from the window's load event. Please make sure it has an appropriate `as` value and it is preloaded intentionally. @ http://localhost:3020/preview/arcstone-growth?frame=1:0
[  474746ms] [WARNING] The resource http://localhost:3020/_next/static/media/ee40bb094c99a29a-s.p.woff2?v=1786436138280 was preloaded using link preload but not used within a few seconds from the window's load event. Please make sure it has an appropriate `as` value and it is preloaded intentionally. @ http://localhost:3020/preview/arcstone-growth?frame=1:0
[  474747ms] [WARNING] The resource http://localhost:3020/_next/static/media/e4af272ccee01ff0-s.p.woff2?v=1786436138280 was preloaded using link preload but not used within a few seconds from the window's load event. Please make sure it has an appropriate `as` value and it is preloaded intentionally. @ http://localhost:3020/preview/arcstone-growth?frame=1:0
[  474747ms] [WARNING] The resource http://localhost:3020/_next/static/css/app/layout.css?v=1786436272455 was preloaded using link preload but not used within a few seconds from the window's load event. Please make sure it has an appropriate `as` value and it is preloaded intentionally. @ http://localhost:3020/preview/arcstone-growth?frame=1:0
[  474747ms] [WARNING] The resource http://localhost:3020/_next/static/css/app/preview/%5BtemplateId%5D/page.css?v=1786436272455 was preloaded using link preload but not used within a few seconds from the window's load event. Please make sure it has an appropriate `as` value and it is preloaded intentionally. @ http://localhost:3020/preview/arcstone-growth?frame=1:0
[  474747ms] [WARNING] The resource http://localhost:3020/_next/static/media/9dd75fadc5b3df29-s.p.woff2?v=1786436138280 was preloaded using link preload but not used within a few seconds from the window's load event. Please make sure it has an appropriate `as` value and it is preloaded intentionally. @ http://localhost:3020/preview/arcstone-growth?frame=1:0
[  475343ms] [LOG] [Fast Refresh] rebuilding @ webpack-internal:///(app-pages-browser)/./node_modules/next/dist/next-devtools/shared/forward-logs-shared.js:27
[  475478ms] [LOG] [Fast Refresh] done in 136ms @ webpack-internal:///(app-pages-browser)/./node_modules/next/dist/next-devtools/shared/forward-logs-shared.js:27
[  477212ms] [LOG] [Fast Refresh] rebuilding @ webpack-internal:///(app-pages-browser)/./node_modules/next/dist/next-devtools/shared/forward-logs-shared.js:27
[  478471ms] [LOG] [Fast Refresh] done in 1258ms @ webpack-internal:///(app-pages-browser)/./node_modules/next/dist/next-devtools/shared/forward-logs-shared.js:27
[  479903ms] [LOG] [Fast Refresh] rebuilding @ webpack-internal:///(app-pages-browser)/./node_modules/next/dist/next-devtools/shared/forward-logs-shared.js:27
[  483045ms] [WARNING] The resource http://localhost:3020/_next/static/chunks/_app-pages-browser_src_templates_arcstone-growth_template_tsx.js was preloaded using link preload but not used within a few seconds from the window's load event. Please make sure it has an appropriate `as` value and it is preloaded intentionally. @ http://localhost:3020/preview/arcstone-growth?frame=1:0
[  483045ms] [WARNING] The resource http://localhost:3020/_next/static/media/7b89a4fd5e90ede0-s.p.woff2?v=1786436138280 was preloaded using link preload but not used within a few seconds from the window's load event. Please make sure it has an appropriate `as` value and it is preloaded intentionally. @ http://localhost:3020/preview/arcstone-growth?frame=1:0
[  483045ms] [WARNING] The resource http://localhost:3020/_next/static/media/be955174636e5369-s.p.woff2?v=1786436138280 was preloaded using link preload but not used within a few seconds from the window's load event. Please make sure it has an appropriate `as` value and it is preloaded intentionally. @ http://localhost:3020/preview/arcstone-growth?frame=1:0
[  483046ms] [WARNING] The resource http://localhost:3020/_next/static/css/app/preview/%5BtemplateId%5D/page.css?v=1786436330813 was preloaded using link preload but not used within a few seconds from the window's load event. Please make sure it has an appropriate `as` value and it is preloaded intentionally. @ http://localhost:3020/preview/arcstone-growth?frame=1:0
[  483046ms] [WARNING] The resource http://localhost:3020/_next/static/media/569ce4b8f30dc480-s.p.woff2?v=1786436138280 was preloaded using link preload but not used within a few seconds from the window's load event. Please make sure it has an appropriate `as` value and it is preloaded intentionally. @ http://localhost:3020/preview/arcstone-growth?frame=1:0
[  483046ms] [WARNING] The resource http://localhost:3020/_next/static/media/eaead17c7dbfcd5d-s.p.woff2?v=1786436138280 was preloaded using link preload but not used within a few seconds from the window's load event. Please make sure it has an appropriate `as` value and it is preloaded intentionally. @ http://localhost:3020/preview/arcstone-growth?frame=1:0
[  483046ms] [WARNING] The resource http://localhost:3020/_next/static/media/ee40bb094c99a29a-s.p.woff2?v=1786436138280 was preloaded using link preload but not used within a few seconds from the window's load event. Please make sure it has an appropriate `as` value and it is preloaded intentionally. @ http://localhost:3020/preview/arcstone-growth?frame=1:0
[  483046ms] [WARNING] The resource http://localhost:3020/_next/static/media/e4af272ccee01ff0-s.p.woff2?v=1786436138280 was preloaded using link preload but not used within a few seconds from the window's load event. Please make sure it has an appropriate `as` value and it is preloaded intentionally. @ http://localhost:3020/preview/arcstone-growth?frame=1:0
[  483047ms] [WARNING] The resource http://localhost:3020/_next/static/css/app/layout.css?v=1786436272455 was preloaded using link preload but not used within a few seconds from the window's load event. Please make sure it has an appropriate `as` value and it is preloaded intentionally. @ http://localhost:3020/preview/arcstone-growth?frame=1:0
[  483047ms] [WARNING] The resource http://localhost:3020/_next/static/css/app/layout.css?v=1786436330813 was preloaded using link preload but not used within a few seconds from the window's load event. Please make sure it has an appropriate `as` value and it is preloaded intentionally. @ http://localhost:3020/preview/arcstone-growth?frame=1:0
[  483047ms] [WARNING] The resource http://localhost:3020/_next/static/css/app/preview/%5BtemplateId%5D/page.css?v=1786436272455 was preloaded using link preload but not used within a few seconds from the window's load event. Please make sure it has an appropriate `as` value and it is preloaded intentionally. @ http://localhost:3020/preview/arcstone-growth?frame=1:0
[  483047ms] [WARNING] The resource http://localhost:3020/_next/static/media/9dd75fadc5b3df29-s.p.woff2?v=1786436138280 was preloaded using link preload but not used within a few seconds from the window's load event. Please make sure it has an appropriate `as` value and it is preloaded intentionally. @ http://localhost:3020/preview/arcstone-growth?frame=1:0
[  483310ms] [LOG] [Fast Refresh] done in 3407ms @ webpack-internal:///(app-pages-browser)/./node_modules/next/dist/next-devtools/shared/forward-logs-shared.js:27
[  486322ms] [WARNING] The resource http://localhost:3020/_next/static/chunks/_app-pages-browser_src_templates_arcstone-growth_template_tsx.js was preloaded using link preload but not used within a few seconds from the window's load event. Please make sure it has an appropriate `as` value and it is preloaded intentionally. @ http://localhost:3020/preview/arcstone-growth?frame=1:0
[  486322ms] [WARNING] The resource http://localhost:3020/_next/static/media/7b89a4fd5e90ede0-s.p.woff2?v=1786436138280 was preloaded using link preload but not used within a few seconds from the window's load event. Please make sure it has an appropriate `as` value and it is preloaded intentionally. @ http://localhost:3020/preview/arcstone-growth?frame=1:0
[  486322ms] [WARNING] The resource http://localhost:3020/_next/static/media/be955174636e5369-s.p.woff2?v=1786436138280 was preloaded using link preload but not used within a few seconds from the window's load event. Please make sure it has an appropriate `as` value and it is preloaded intentionally. @ http://localhost:3020/preview/arcstone-growth?frame=1:0
[  486322ms] [WARNING] The resource http://localhost:3020/_next/static/css/app/preview/%5BtemplateId%5D/page.css?v=1786436330813 was preloaded using link preload but not used within a few seconds from the window's load event. Please make sure it has an appropriate `as` value and it is preloaded intentionally. @ http://localhost:3020/preview/arcstone-growth?frame=1:0
[  486322ms] [WARNING] The resource http://localhost:3020/_next/static/media/569ce4b8f30dc480-s.p.woff2?v=1786436138280 was preloaded using link preload but not used within a few seconds from the window's load event. Please make sure it has an appropriate `as` value and it is preloaded intentionally. @ http://localhost:3020/preview/arcstone-growth?frame=1:0
[  486322ms] [WARNING] The resource http://localhost:3020/_next/static/media/eaead17c7dbfcd5d-s.p.woff2?v=1786436138280 was preloaded using link preload but not used within a few seconds from the window's load event. Please make sure it has an appropriate `as` value and it is preloaded intentionally. @ http://localhost:3020/preview/arcstone-growth?frame=1:0
[  486322ms] [WARNING] The resource http://localhost:3020/_next/static/media/ee40bb094c99a29a-s.p.woff2?v=1786436138280 was preloaded using link preload but not used within a few seconds from the window's load event. Please make sure it has an appropriate `as` value and it is preloaded intentionally. @ http://localhost:3020/preview/arcstone-growth?frame=1:0
[  486322ms] [WARNING] The resource http://localhost:3020/_next/static/media/e4af272ccee01ff0-s.p.woff2?v=1786436138280 was preloaded using link preload but not used within a few seconds from the window's load event. Please make sure it has an appropriate `as` value and it is preloaded intentionally. @ http://localhost:3020/preview/arcstone-growth?frame=1:0
[  486322ms] [WARNING] The resource http://localhost:3020/_next/static/css/app/layout.css?v=1786436272455 was preloaded using link preload but not used within a few seconds from the window's load event. Please make sure it has an appropriate `as` value and it is preloaded intentionally. @ http://localhost:3020/preview/arcstone-growth?frame=1:0
[  486322ms] [WARNING] The resource http://localhost:3020/_next/static/css/app/layout.css?v=1786436330813 was preloaded using link preload but not used within a few seconds from the window's load event. Please make sure it has an appropriate `as` value and it is preloaded intentionally. @ http://localhost:3020/preview/arcstone-growth?frame=1:0
[  486322ms] [WARNING] The resource http://localhost:3020/_next/static/css/app/preview/%5BtemplateId%5D/page.css?v=1786436272455 was preloaded using link preload but not used within a few seconds from the window's load event. Please make sure it has an appropriate `as` value and it is preloaded intentionally. @ http://localhost:3020/preview/arcstone-growth?frame=1:0
[  486322ms] [WARNING] The resource http://localhost:3020/_next/static/media/9dd75fadc5b3df29-s.p.woff2?v=1786436138280 was preloaded using link preload but not used within a few seconds from the window's load event. Please make sure it has an appropriate `as` value and it is preloaded intentionally. @ http://localhost:3020/preview/arcstone-growth?frame=1:0
[  494674ms] [LOG] [Fast Refresh] rebuilding @ webpack-internal:///(app-pages-browser)/./node_modules/next/dist/next-devtools/shared/forward-logs-shared.js:27
[  495194ms] [LOG] [Fast Refresh] done in 520ms @ webpack-internal:///(app-pages-browser)/./node_modules/next/dist/next-devtools/shared/forward-logs-shared.js:27
[  498678ms] [LOG] [Fast Refresh] rebuilding @ webpack-internal:///(app-pages-browser)/./node_modules/next/dist/next-devtools/shared/forward-logs-shared.js:27
[  499464ms] [LOG] [Fast Refresh] done in 786ms @ webpack-internal:///(app-pages-browser)/./node_modules/next/dist/next-devtools/shared/forward-logs-shared.js:27
[  501541ms] [LOG] [Fast Refresh] rebuilding @ webpack-internal:///(app-pages-browser)/./node_modules/next/dist/next-devtools/shared/forward-logs-shared.js:27
[  502516ms] [LOG] [Fast Refresh] done in 975ms @ webpack-internal:///(app-pages-browser)/./node_modules/next/dist/next-devtools/shared/forward-logs-shared.js:27
[  505522ms] [WARNING] The resource http://localhost:3020/_next/static/chunks/_app-pages-browser_src_templates_arcstone-growth_template_tsx.js was preloaded using link preload but not used within a few seconds from the window's load event. Please make sure it has an appropriate `as` value and it is preloaded intentionally. @ http://localhost:3020/preview/arcstone-growth?frame=1:0
[  505522ms] [WARNING] The resource http://localhost:3020/_next/static/media/7b89a4fd5e90ede0-s.p.woff2?v=1786436138280 was preloaded using link preload but not used within a few seconds from the window's load event. Please make sure it has an appropriate `as` value and it is preloaded intentionally. @ http://localhost:3020/preview/arcstone-growth?frame=1:0
[  505522ms] [WARNING] The resource http://localhost:3020/_next/static/media/be955174636e5369-s.p.woff2?v=1786436138280 was preloaded using link preload but not used within a few seconds from the window's load event. Please make sure it has an appropriate `as` value and it is preloaded intentionally. @ http://localhost:3020/preview/arcstone-growth?frame=1:0
[  505522ms] [WARNING] The resource http://localhost:3020/_next/static/css/app/layout.css?v=1786436352498 was preloaded using link preload but not used within a few seconds from the window's load event. Please make sure it has an appropriate `as` value and it is preloaded intentionally. @ http://localhost:3020/preview/arcstone-growth?frame=1:0
[  505522ms] [WARNING] The resource http://localhost:3020/_next/static/css/app/preview/%5BtemplateId%5D/page.css?v=1786436352498 was preloaded using link preload but not used within a few seconds from the window's load event. Please make sure it has an appropriate `as` value and it is preloaded intentionally. @ http://localhost:3020/preview/arcstone-growth?frame=1:0
[  505522ms] [WARNING] The resource http://localhost:3020/_next/static/media/569ce4b8f30dc480-s.p.woff2?v=1786436138280 was preloaded using link preload but not used within a few seconds from the window's load event. Please make sure it has an appropriate `as` value and it is preloaded intentionally. @ http://localhost:3020/preview/arcstone-growth?frame=1:0
[  505522ms] [WARNING] The resource http://localhost:3020/_next/static/media/eaead17c7dbfcd5d-s.p.woff2?v=1786436138280 was preloaded using link preload but not used within a few seconds from the window's load event. Please make sure it has an appropriate `as` value and it is preloaded intentionally. @ http://localhost:3020/preview/arcstone-growth?frame=1:0
[  505522ms] [WARNING] The resource http://localhost:3020/_next/static/media/ee40bb094c99a29a-s.p.woff2?v=1786436138280 was preloaded using link preload but not used within a few seconds from the window's load event. Please make sure it has an appropriate `as` value and it is preloaded intentionally. @ http://localhost:3020/preview/arcstone-growth?frame=1:0
[  505522ms] [WARNING] The resource http://localhost:3020/_next/static/media/e4af272ccee01ff0-s.p.woff2?v=1786436138280 was preloaded using link preload but not used within a few seconds from the window's load event. Please make sure it has an appropriate `as` value and it is preloaded intentionally. @ http://localhost:3020/preview/arcstone-growth?frame=1:0
[  505522ms] [WARNING] The resource http://localhost:3020/_next/static/css/app/layout.css?v=1786436272455 was preloaded using link preload but not used within a few seconds from the window's load event. Please make sure it has an appropriate `as` value and it is preloaded intentionally. @ http://localhost:3020/preview/arcstone-growth?frame=1:0
[  505522ms] [WARNING] The resource http://localhost:3020/_next/static/css/app/preview/%5BtemplateId%5D/page.css?v=1786436272455 was preloaded using link preload but not used within a few seconds from the window's load event. Please make sure it has an appropriate `as` value and it is preloaded intentionally. @ http://localhost:3020/preview/arcstone-growth?frame=1:0
[  505522ms] [WARNING] The resource http://localhost:3020/_next/static/media/9dd75fadc5b3df29-s.p.woff2?v=1786436138280 was preloaded using link preload but not used within a few seconds from the window's load event. Please make sure it has an appropriate `as` value and it is preloaded intentionally. @ http://localhost:3020/preview/arcstone-growth?frame=1:0
[  506661ms] [LOG] [Fast Refresh] rebuilding @ webpack-internal:///(app-pages-browser)/./node_modules/next/dist/next-devtools/shared/forward-logs-shared.js:27
[  507088ms] [LOG] [Fast Refresh] done in 427ms @ webpack-internal:///(app-pages-browser)/./node_modules/next/dist/next-devtools/shared/forward-logs-shared.js:27
[  509562ms] [LOG] [Fast Refresh] rebuilding @ webpack-internal:///(app-pages-browser)/./node_modules/next/dist/next-devtools/shared/forward-logs-shared.js:27
[  510844ms] [LOG] [Fast Refresh] done in 1282ms @ webpack-internal:///(app-pages-browser)/./node_modules/next/dist/next-devtools/shared/forward-logs-shared.js:27
[  512340ms] [LOG] [Fast Refresh] rebuilding @ webpack-internal:///(app-pages-browser)/./node_modules/next/dist/next-devtools/shared/forward-logs-shared.js:27
[  513931ms] [LOG] [Fast Refresh] done in 1590ms @ webpack-internal:///(app-pages-browser)/./node_modules/next/dist/next-devtools/shared/forward-logs-shared.js:27
[  515629ms] [LOG] [Fast Refresh] rebuilding @ webpack-internal:///(app-pages-browser)/./node_modules/next/dist/next-devtools/shared/forward-logs-shared.js:27
[  516266ms] [LOG] [Fast Refresh] done in 637ms @ webpack-internal:///(app-pages-browser)/./node_modules/next/dist/next-devtools/shared/forward-logs-shared.js:27
[  519345ms] [WARNING] The resource http://localhost:3020/_next/static/chunks/_app-pages-browser_src_templates_arcstone-growth_template_tsx.js was preloaded using link preload but not used within a few seconds from the window's load event. Please make sure it has an appropriate `as` value and it is preloaded intentionally. @ http://localhost:3020/preview/arcstone-growth?frame=1:0
[  519345ms] [WARNING] The resource http://localhost:3020/_next/static/media/7b89a4fd5e90ede0-s.p.woff2?v=1786436138280 was preloaded using link preload but not used within a few seconds from the window's load event. Please make sure it has an appropriate `as` value and it is preloaded intentionally. @ http://localhost:3020/preview/arcstone-growth?frame=1:0
[  519345ms] [WARNING] The resource http://localhost:3020/_next/static/media/be955174636e5369-s.p.woff2?v=1786436138280 was preloaded using link preload but not used within a few seconds from the window's load event. Please make sure it has an appropriate `as` value and it is preloaded intentionally. @ http://localhost:3020/preview/arcstone-growth?frame=1:0
[  519345ms] [WARNING] The resource http://localhost:3020/_next/static/media/569ce4b8f30dc480-s.p.woff2?v=1786436138280 was preloaded using link preload but not used within a few seconds from the window's load event. Please make sure it has an appropriate `as` value and it is preloaded intentionally. @ http://localhost:3020/preview/arcstone-growth?frame=1:0
[  519345ms] [WARNING] The resource http://localhost:3020/_next/static/media/eaead17c7dbfcd5d-s.p.woff2?v=1786436138280 was preloaded using link preload but not used within a few seconds from the window's load event. Please make sure it has an appropriate `as` value and it is preloaded intentionally. @ http://localhost:3020/preview/arcstone-growth?frame=1:0
[  519345ms] [WARNING] The resource http://localhost:3020/_next/static/media/ee40bb094c99a29a-s.p.woff2?v=1786436138280 was preloaded using link preload but not used within a few seconds from the window's load event. Please make sure it has an appropriate `as` value and it is preloaded intentionally. @ http://localhost:3020/preview/arcstone-growth?frame=1:0
[  519345ms] [WARNING] The resource http://localhost:3020/_next/static/media/e4af272ccee01ff0-s.p.woff2?v=1786436138280 was preloaded using link preload but not used within a few seconds from the window's load event. Please make sure it has an appropriate `as` value and it is preloaded intentionally. @ http://localhost:3020/preview/arcstone-growth?frame=1:0
[  519345ms] [WARNING] The resource http://localhost:3020/_next/static/css/app/layout.css?v=1786436366091 was preloaded using link preload but not used within a few seconds from the window's load event. Please make sure it has an appropriate `as` value and it is preloaded intentionally. @ http://localhost:3020/preview/arcstone-growth?frame=1:0
[  519345ms] [WARNING] The resource http://localhost:3020/_next/static/css/app/layout.css?v=1786436272455 was preloaded using link preload but not used within a few seconds from the window's load event. Please make sure it has an appropriate `as` value and it is preloaded intentionally. @ http://localhost:3020/preview/arcstone-growth?frame=1:0
[  519345ms] [WARNING] The resource http://localhost:3020/_next/static/css/app/preview/%5BtemplateId%5D/page.css?v=1786436366091 was preloaded using link preload but not used within a few seconds from the window's load event. Please make sure it has an appropriate `as` value and it is preloaded intentionally. @ http://localhost:3020/preview/arcstone-growth?frame=1:0
[  519345ms] [WARNING] The resource http://localhost:3020/_next/static/css/app/preview/%5BtemplateId%5D/page.css?v=1786436272455 was preloaded using link preload but not used within a few seconds from the window's load event. Please make sure it has an appropriate `as` value and it is preloaded intentionally. @ http://localhost:3020/preview/arcstone-growth?frame=1:0
[  519345ms] [WARNING] The resource http://localhost:3020/_next/static/media/9dd75fadc5b3df29-s.p.woff2?v=1786436138280 was preloaded using link preload but not used within a few seconds from the window's load event. Please make sure it has an appropriate `as` value and it is preloaded intentionally. @ http://localhost:3020/preview/arcstone-growth?frame=1:0
[  533727ms] [INFO] %cDownload the React DevTools for a better development experience: https://react.dev/link/react-devtools font-weight:bold @ webpack-internal:///(app-pages-browser)/./node_modules/next/dist/next-devtools/shared/forward-logs-shared.js:27
[  535305ms] [LOG] [HMR] connected @ webpack-internal:///(app-pages-browser)/./node_modules/next/dist/next-devtools/shared/forward-logs-shared.js:27
[  539820ms] [WARNING] The resource http://localhost:3020/_next/static/chunks/_app-pages-browser_src_templates_arcstone-growth_template_tsx.js was preloaded using link preload but not used within a few seconds from the window's load event. Please make sure it has an appropriate `as` value and it is preloaded intentionally. @ http://localhost:3020/preview/arcstone-growth?frame=1:0
[  539820ms] [WARNING] The resource http://localhost:3020/_next/static/media/9dd75fadc5b3df29-s.p.woff2?v=1786436370839 was preloaded using link preload but not used within a few seconds from the window's load event. Please make sure it has an appropriate `as` value and it is preloaded intentionally. @ http://localhost:3020/preview/arcstone-growth?frame=1:0
[  539821ms] [WARNING] The resource http://localhost:3020/_next/static/media/be955174636e5369-s.p.woff2?v=1786436370839 was preloaded using link preload but not used within a few seconds from the window's load event. Please make sure it has an appropriate `as` value and it is preloaded intentionally. @ http://localhost:3020/preview/arcstone-growth?frame=1:0
[  539821ms] [WARNING] The resource http://localhost:3020/_next/static/media/eaead17c7dbfcd5d-s.p.woff2?v=1786436370839 was preloaded using link preload but not used within a few seconds from the window's load event. Please make sure it has an appropriate `as` value and it is preloaded intentionally. @ http://localhost:3020/preview/arcstone-growth?frame=1:0
[  539821ms] [WARNING] The resource http://localhost:3020/_next/static/media/569ce4b8f30dc480-s.p.woff2?v=1786436370839 was preloaded using link preload but not used within a few seconds from the window's load event. Please make sure it has an appropriate `as` value and it is preloaded intentionally. @ http://localhost:3020/preview/arcstone-growth?frame=1:0
[  539821ms] [WARNING] The resource http://localhost:3020/_next/static/media/7b89a4fd5e90ede0-s.p.woff2?v=1786436370839 was preloaded using link preload but not used within a few seconds from the window's load event. Please make sure it has an appropriate `as` value and it is preloaded intentionally. @ http://localhost:3020/preview/arcstone-growth?frame=1:0
[  539821ms] [WARNING] The resource http://localhost:3020/_next/static/media/ee40bb094c99a29a-s.p.woff2?v=1786436370839 was preloaded using link preload but not used within a few seconds from the window's load event. Please make sure it has an appropriate `as` value and it is preloaded intentionally. @ http://localhost:3020/preview/arcstone-growth?frame=1:0
[  539821ms] [WARNING] The resource http://localhost:3020/_next/static/media/e4af272ccee01ff0-s.p.woff2?v=1786436370839 was preloaded using link preload but not used within a few seconds from the window's load event. Please make sure it has an appropriate `as` value and it is preloaded intentionally. @ http://localhost:3020/preview/arcstone-growth?frame=1:0
[  541823ms] [LOG] [Fast Refresh] rebuilding @ webpack-internal:///(app-pages-browser)/./node_modules/next/dist/next-devtools/shared/forward-logs-shared.js:27
[  543049ms] [LOG] [Fast Refresh] done in 1225ms @ webpack-internal:///(app-pages-browser)/./node_modules/next/dist/next-devtools/shared/forward-logs-shared.js:27
[  544303ms] [LOG] [Fast Refresh] rebuilding @ webpack-internal:///(app-pages-browser)/./node_modules/next/dist/next-devtools/shared/forward-logs-shared.js:27
[  544951ms] [LOG] [Fast Refresh] done in 649ms @ webpack-internal:///(app-pages-browser)/./node_modules/next/dist/next-devtools/shared/forward-logs-shared.js:27
[  546750ms] [LOG] [Fast Refresh] rebuilding @ webpack-internal:///(app-pages-browser)/./node_modules/next/dist/next-devtools/shared/forward-logs-shared.js:27
[  547410ms] [LOG] [Fast Refresh] done in 659ms @ webpack-internal:///(app-pages-browser)/./node_modules/next/dist/next-devtools/shared/forward-logs-shared.js:27
[  549049ms] [LOG] [Fast Refresh] rebuilding @ webpack-internal:///(app-pages-browser)/./node_modules/next/dist/next-devtools/shared/forward-logs-shared.js:27
[  549921ms] [LOG] [Fast Refresh] done in 871ms @ webpack-internal:///(app-pages-browser)/./node_modules/next/dist/next-devtools/shared/forward-logs-shared.js:27
[  551302ms] [LOG] [Fast Refresh] rebuilding @ webpack-internal:///(app-pages-browser)/./node_modules/next/dist/next-devtools/shared/forward-logs-shared.js:27
[  551706ms] [LOG] [Fast Refresh] done in 404ms @ webpack-internal:///(app-pages-browser)/./node_modules/next/dist/next-devtools/shared/forward-logs-shared.js:27
[  553467ms] [LOG] [Fast Refresh] rebuilding @ webpack-internal:///(app-pages-browser)/./node_modules/next/dist/next-devtools/shared/forward-logs-shared.js:27
[  553802ms] [LOG] [Fast Refresh] done in 335ms @ webpack-internal:///(app-pages-browser)/./node_modules/next/dist/next-devtools/shared/forward-logs-shared.js:27
[  555220ms] [LOG] [Fast Refresh] rebuilding @ webpack-internal:///(app-pages-browser)/./node_modules/next/dist/next-devtools/shared/forward-logs-shared.js:27
[  555647ms] [LOG] [Fast Refresh] done in 427ms @ webpack-internal:///(app-pages-browser)/./node_modules/next/dist/next-devtools/shared/forward-logs-shared.js:27
[  557450ms] [LOG] [Fast Refresh] rebuilding @ webpack-internal:///(app-pages-browser)/./node_modules/next/dist/next-devtools/shared/forward-logs-shared.js:27
[  557623ms] [LOG] [Fast Refresh] done in 174ms @ webpack-internal:///(app-pages-browser)/./node_modules/next/dist/next-devtools/shared/forward-logs-shared.js:27
[  559221ms] [LOG] [Fast Refresh] rebuilding @ webpack-internal:///(app-pages-browser)/./node_modules/next/dist/next-devtools/shared/forward-logs-shared.js:27
[  559824ms] [LOG] [Fast Refresh] done in 603ms @ webpack-internal:///(app-pages-browser)/./node_modules/next/dist/next-devtools/shared/forward-logs-shared.js:27
[  561845ms] [LOG] [Fast Refresh] rebuilding @ webpack-internal:///(app-pages-browser)/./node_modules/next/dist/next-devtools/shared/forward-logs-shared.js:27
[  562477ms] [LOG] [Fast Refresh] done in 633ms @ webpack-internal:///(app-pages-browser)/./node_modules/next/dist/next-devtools/shared/forward-logs-shared.js:27
[  565482ms] [WARNING] The resource http://localhost:3020/_next/static/chunks/_app-pages-browser_src_templates_arcstone-growth_template_tsx.js was preloaded using link preload but not used within a few seconds from the window's load event. Please make sure it has an appropriate `as` value and it is preloaded intentionally. @ http://localhost:3020/preview/arcstone-growth?frame=1:0
[  565482ms] [WARNING] The resource http://localhost:3020/_next/static/media/9dd75fadc5b3df29-s.p.woff2?v=1786436370839 was preloaded using link preload but not used within a few seconds from the window's load event. Please make sure it has an appropriate `as` value and it is preloaded intentionally. @ http://localhost:3020/preview/arcstone-growth?frame=1:0
[  565482ms] [WARNING] The resource http://localhost:3020/_next/static/media/be955174636e5369-s.p.woff2?v=1786436370839 was preloaded using link preload but not used within a few seconds from the window's load event. Please make sure it has an appropriate `as` value and it is preloaded intentionally. @ http://localhost:3020/preview/arcstone-growth?frame=1:0
[  565482ms] [WARNING] The resource http://localhost:3020/_next/static/media/eaead17c7dbfcd5d-s.p.woff2?v=1786436370839 was preloaded using link preload but not used within a few seconds from the window's load event. Please make sure it has an appropriate `as` value and it is preloaded intentionally. @ http://localhost:3020/preview/arcstone-growth?frame=1:0
[  565482ms] [WARNING] The resource http://localhost:3020/_next/static/css/app/layout.css?v=1786436412462 was preloaded using link preload but not used within a few seconds from the window's load event. Please make sure it has an appropriate `as` value and it is preloaded intentionally. @ http://localhost:3020/preview/arcstone-growth?frame=1:0
[  565482ms] [WARNING] The resource http://localhost:3020/_next/static/media/569ce4b8f30dc480-s.p.woff2?v=1786436370839 was preloaded using link preload but not used within a few seconds from the window's load event. Please make sure it has an appropriate `as` value and it is preloaded intentionally. @ http://localhost:3020/preview/arcstone-growth?frame=1:0
[  565482ms] [WARNING] The resource http://localhost:3020/_next/static/css/app/preview/%5BtemplateId%5D/page.css?v=1786436412462 was preloaded using link preload but not used within a few seconds from the window's load event. Please make sure it has an appropriate `as` value and it is preloaded intentionally. @ http://localhost:3020/preview/arcstone-growth?frame=1:0
[  565482ms] [WARNING] The resource http://localhost:3020/_next/static/media/7b89a4fd5e90ede0-s.p.woff2?v=1786436370839 was preloaded using link preload but not used within a few seconds from the window's load event. Please make sure it has an appropriate `as` value and it is preloaded intentionally. @ http://localhost:3020/preview/arcstone-growth?frame=1:0
[  565482ms] [WARNING] The resource http://localhost:3020/_next/static/media/ee40bb094c99a29a-s.p.woff2?v=1786436370839 was preloaded using link preload but not used within a few seconds from the window's load event. Please make sure it has an appropriate `as` value and it is preloaded intentionally. @ http://localhost:3020/preview/arcstone-growth?frame=1:0
[  565482ms] [WARNING] The resource http://localhost:3020/_next/static/media/e4af272ccee01ff0-s.p.woff2?v=1786436370839 was preloaded using link preload but not used within a few seconds from the window's load event. Please make sure it has an appropriate `as` value and it is preloaded intentionally. @ http://localhost:3020/preview/arcstone-growth?frame=1:0
[  565647ms] [LOG] [Fast Refresh] rebuilding @ webpack-internal:///(app-pages-browser)/./node_modules/next/dist/next-devtools/shared/forward-logs-shared.js:27
[  566297ms] [LOG] [Fast Refresh] done in 650ms @ webpack-internal:///(app-pages-browser)/./node_modules/next/dist/next-devtools/shared/forward-logs-shared.js:27
[  567581ms] [LOG] [Fast Refresh] rebuilding @ webpack-internal:///(app-pages-browser)/./node_modules/next/dist/next-devtools/shared/forward-logs-shared.js:27
[  568140ms] [LOG] [Fast Refresh] done in 560ms @ webpack-internal:///(app-pages-browser)/./node_modules/next/dist/next-devtools/shared/forward-logs-shared.js:27
[  569618ms] [LOG] [Fast Refresh] rebuilding @ webpack-internal:///(app-pages-browser)/./node_modules/next/dist/next-devtools/shared/forward-logs-shared.js:27
[  569962ms] [LOG] [Fast Refresh] done in 343ms @ webpack-internal:///(app-pages-browser)/./node_modules/next/dist/next-devtools/shared/forward-logs-shared.js:27
[  571900ms] [LOG] [Fast Refresh] rebuilding @ webpack-internal:///(app-pages-browser)/./node_modules/next/dist/next-devtools/shared/forward-logs-shared.js:27
[  572568ms] [LOG] [Fast Refresh] done in 667ms @ webpack-internal:///(app-pages-browser)/./node_modules/next/dist/next-devtools/shared/forward-logs-shared.js:27
[  574509ms] [LOG] [Fast Refresh] rebuilding @ webpack-internal:///(app-pages-browser)/./node_modules/next/dist/next-devtools/shared/forward-logs-shared.js:27
[  574990ms] [LOG] [Fast Refresh] done in 481ms @ webpack-internal:///(app-pages-browser)/./node_modules/next/dist/next-devtools/shared/forward-logs-shared.js:27
[  576484ms] [LOG] [Fast Refresh] rebuilding @ webpack-internal:///(app-pages-browser)/./node_modules/next/dist/next-devtools/shared/forward-logs-shared.js:27
[  577099ms] [LOG] [Fast Refresh] done in 615ms @ webpack-internal:///(app-pages-browser)/./node_modules/next/dist/next-devtools/shared/forward-logs-shared.js:27
[  578746ms] [LOG] [Fast Refresh] rebuilding @ webpack-internal:///(app-pages-browser)/./node_modules/next/dist/next-devtools/shared/forward-logs-shared.js:27
[  579012ms] [LOG] [Fast Refresh] done in 266ms @ webpack-internal:///(app-pages-browser)/./node_modules/next/dist/next-devtools/shared/forward-logs-shared.js:27
[  581107ms] [LOG] [Fast Refresh] rebuilding @ webpack-internal:///(app-pages-browser)/./node_modules/next/dist/next-devtools/shared/forward-logs-shared.js:27
[  581487ms] [LOG] [Fast Refresh] done in 380ms @ webpack-internal:///(app-pages-browser)/./node_modules/next/dist/next-devtools/shared/forward-logs-shared.js:27
[  583179ms] [LOG] [Fast Refresh] rebuilding @ webpack-internal:///(app-pages-browser)/./node_modules/next/dist/next-devtools/shared/forward-logs-shared.js:27
[  583509ms] [LOG] [Fast Refresh] done in 329ms @ webpack-internal:///(app-pages-browser)/./node_modules/next/dist/next-devtools/shared/forward-logs-shared.js:27
[  585204ms] [LOG] [Fast Refresh] rebuilding @ webpack-internal:///(app-pages-browser)/./node_modules/next/dist/next-devtools/shared/forward-logs-shared.js:27
[  586054ms] [LOG] [Fast Refresh] done in 850ms @ webpack-internal:///(app-pages-browser)/./node_modules/next/dist/next-devtools/shared/forward-logs-shared.js:27
[  589056ms] [WARNING] The resource http://localhost:3020/_next/static/chunks/_app-pages-browser_src_templates_arcstone-growth_template_tsx.js was preloaded using link preload but not used within a few seconds from the window's load event. Please make sure it has an appropriate `as` value and it is preloaded intentionally. @ http://localhost:3020/preview/arcstone-growth?frame=1:0
[  589056ms] [WARNING] The resource http://localhost:3020/_next/static/css/app/layout.css?v=1786436435864 was preloaded using link preload but not used within a few seconds from the window's load event. Please make sure it has an appropriate `as` value and it is preloaded intentionally. @ http://localhost:3020/preview/arcstone-growth?frame=1:0
[  589056ms] [WARNING] The resource http://localhost:3020/_next/static/media/9dd75fadc5b3df29-s.p.woff2?v=1786436370839 was preloaded using link preload but not used within a few seconds from the window's load event. Please make sure it has an appropriate `as` value and it is preloaded intentionally. @ http://localhost:3020/preview/arcstone-growth?frame=1:0
[  589056ms] [WARNING] The resource http://localhost:3020/_next/static/media/be955174636e5369-s.p.woff2?v=1786436370839 was preloaded using link preload but not used within a few seconds from the window's load event. Please make sure it has an appropriate `as` value and it is preloaded intentionally. @ http://localhost:3020/preview/arcstone-growth?frame=1:0
[  589056ms] [WARNING] The resource http://localhost:3020/_next/static/media/eaead17c7dbfcd5d-s.p.woff2?v=1786436370839 was preloaded using link preload but not used within a few seconds from the window's load event. Please make sure it has an appropriate `as` value and it is preloaded intentionally. @ http://localhost:3020/preview/arcstone-growth?frame=1:0
[  589056ms] [WARNING] The resource http://localhost:3020/_next/static/media/569ce4b8f30dc480-s.p.woff2?v=1786436370839 was preloaded using link preload but not used within a few seconds from the window's load event. Please make sure it has an appropriate `as` value and it is preloaded intentionally. @ http://localhost:3020/preview/arcstone-growth?frame=1:0
[  589056ms] [WARNING] The resource http://localhost:3020/_next/static/media/7b89a4fd5e90ede0-s.p.woff2?v=1786436370839 was preloaded using link preload but not used within a few seconds from the window's load event. Please make sure it has an appropriate `as` value and it is preloaded intentionally. @ http://localhost:3020/preview/arcstone-growth?frame=1:0
[  589056ms] [WARNING] The resource http://localhost:3020/_next/static/media/ee40bb094c99a29a-s.p.woff2?v=1786436370839 was preloaded using link preload but not used within a few seconds from the window's load event. Please make sure it has an appropriate `as` value and it is preloaded intentionally. @ http://localhost:3020/preview/arcstone-growth?frame=1:0
[  589056ms] [WARNING] The resource http://localhost:3020/_next/static/css/app/preview/%5BtemplateId%5D/page.css?v=1786436435864 was preloaded using link preload but not used within a few seconds from the window's load event. Please make sure it has an appropriate `as` value and it is preloaded intentionally. @ http://localhost:3020/preview/arcstone-growth?frame=1:0
[  589056ms] [WARNING] The resource http://localhost:3020/_next/static/media/e4af272ccee01ff0-s.p.woff2?v=1786436370839 was preloaded using link preload but not used within a few seconds from the window's load event. Please make sure it has an appropriate `as` value and it is preloaded intentionally. @ http://localhost:3020/preview/arcstone-growth?frame=1:0
[  589869ms] [LOG] [Fast Refresh] rebuilding @ webpack-internal:///(app-pages-browser)/./node_modules/next/dist/next-devtools/shared/forward-logs-shared.js:27
[  590625ms] [LOG] [Fast Refresh] done in 757ms @ webpack-internal:///(app-pages-browser)/./node_modules/next/dist/next-devtools/shared/forward-logs-shared.js:27
[  592251ms] [LOG] [Fast Refresh] rebuilding @ webpack-internal:///(app-pages-browser)/./node_modules/next/dist/next-devtools/shared/forward-logs-shared.js:27
[  592576ms] [LOG] [Fast Refresh] done in 324ms @ webpack-internal:///(app-pages-browser)/./node_modules/next/dist/next-devtools/shared/forward-logs-shared.js:27
[  594065ms] [LOG] [Fast Refresh] rebuilding @ webpack-internal:///(app-pages-browser)/./node_modules/next/dist/next-devtools/shared/forward-logs-shared.js:27
[  594488ms] [LOG] [Fast Refresh] done in 422ms @ webpack-internal:///(app-pages-browser)/./node_modules/next/dist/next-devtools/shared/forward-logs-shared.js:27
[  596025ms] [LOG] [Fast Refresh] rebuilding @ webpack-internal:///(app-pages-browser)/./node_modules/next/dist/next-devtools/shared/forward-logs-shared.js:27
[  596994ms] [LOG] [Fast Refresh] done in 968ms @ webpack-internal:///(app-pages-browser)/./node_modules/next/dist/next-devtools/shared/forward-logs-shared.js:27
[  598139ms] [LOG] [Fast Refresh] rebuilding @ webpack-internal:///(app-pages-browser)/./node_modules/next/dist/next-devtools/shared/forward-logs-shared.js:27
[  598736ms] [LOG] [Fast Refresh] done in 596ms @ webpack-internal:///(app-pages-browser)/./node_modules/next/dist/next-devtools/shared/forward-logs-shared.js:27
[  600571ms] [LOG] [Fast Refresh] rebuilding @ webpack-internal:///(app-pages-browser)/./node_modules/next/dist/next-devtools/shared/forward-logs-shared.js:27
[  601185ms] [LOG] [Fast Refresh] done in 614ms @ webpack-internal:///(app-pages-browser)/./node_modules/next/dist/next-devtools/shared/forward-logs-shared.js:27
[  602603ms] [LOG] [Fast Refresh] rebuilding @ webpack-internal:///(app-pages-browser)/./node_modules/next/dist/next-devtools/shared/forward-logs-shared.js:27
[  603027ms] [LOG] [Fast Refresh] done in 424ms @ webpack-internal:///(app-pages-browser)/./node_modules/next/dist/next-devtools/shared/forward-logs-shared.js:27
[  604617ms] [LOG] [Fast Refresh] rebuilding @ webpack-internal:///(app-pages-browser)/./node_modules/next/dist/next-devtools/shared/forward-logs-shared.js:27
[  604753ms] [LOG] [Fast Refresh] done in 136ms @ webpack-internal:///(app-pages-browser)/./node_modules/next/dist/next-devtools/shared/forward-logs-shared.js:27
[  607178ms] [LOG] [Fast Refresh] rebuilding @ webpack-internal:///(app-pages-browser)/./node_modules/next/dist/next-devtools/shared/forward-logs-shared.js:27
[  607965ms] [LOG] [Fast Refresh] done in 785ms @ webpack-internal:///(app-pages-browser)/./node_modules/next/dist/next-devtools/shared/forward-logs-shared.js:27
[  610392ms] [LOG] [Fast Refresh] rebuilding @ webpack-internal:///(app-pages-browser)/./node_modules/next/dist/next-devtools/shared/forward-logs-shared.js:27
[  610951ms] [LOG] [Fast Refresh] done in 559ms @ webpack-internal:///(app-pages-browser)/./node_modules/next/dist/next-devtools/shared/forward-logs-shared.js:27
[  613953ms] [WARNING] The resource http://localhost:3020/_next/static/chunks/_app-pages-browser_src_templates_arcstone-growth_template_tsx.js was preloaded using link preload but not used within a few seconds from the window's load event. Please make sure it has an appropriate `as` value and it is preloaded intentionally. @ http://localhost:3020/preview/arcstone-growth?frame=1:0
[  613953ms] [WARNING] The resource http://localhost:3020/_next/static/media/9dd75fadc5b3df29-s.p.woff2?v=1786436370839 was preloaded using link preload but not used within a few seconds from the window's load event. Please make sure it has an appropriate `as` value and it is preloaded intentionally. @ http://localhost:3020/preview/arcstone-growth?frame=1:0
[  613953ms] [WARNING] The resource http://localhost:3020/_next/static/media/be955174636e5369-s.p.woff2?v=1786436370839 was preloaded using link preload but not used within a few seconds from the window's load event. Please make sure it has an appropriate `as` value and it is preloaded intentionally. @ http://localhost:3020/preview/arcstone-growth?frame=1:0
[  613953ms] [WARNING] The resource http://localhost:3020/_next/static/media/eaead17c7dbfcd5d-s.p.woff2?v=1786436370839 was preloaded using link preload but not used within a few seconds from the window's load event. Please make sure it has an appropriate `as` value and it is preloaded intentionally. @ http://localhost:3020/preview/arcstone-growth?frame=1:0
[  613953ms] [WARNING] The resource http://localhost:3020/_next/static/css/app/preview/%5BtemplateId%5D/page.css?v=1786436461010 was preloaded using link preload but not used within a few seconds from the window's load event. Please make sure it has an appropriate `as` value and it is preloaded intentionally. @ http://localhost:3020/preview/arcstone-growth?frame=1:0
[  613953ms] [WARNING] The resource http://localhost:3020/_next/static/media/569ce4b8f30dc480-s.p.woff2?v=1786436370839 was preloaded using link preload but not used within a few seconds from the window's load event. Please make sure it has an appropriate `as` value and it is preloaded intentionally. @ http://localhost:3020/preview/arcstone-growth?frame=1:0
[  613953ms] [WARNING] The resource http://localhost:3020/_next/static/media/7b89a4fd5e90ede0-s.p.woff2?v=1786436370839 was preloaded using link preload but not used within a few seconds from the window's load event. Please make sure it has an appropriate `as` value and it is preloaded intentionally. @ http://localhost:3020/preview/arcstone-growth?frame=1:0
[  613953ms] [WARNING] The resource http://localhost:3020/_next/static/media/ee40bb094c99a29a-s.p.woff2?v=1786436370839 was preloaded using link preload but not used within a few seconds from the window's load event. Please make sure it has an appropriate `as` value and it is preloaded intentionally. @ http://localhost:3020/preview/arcstone-growth?frame=1:0
[  613953ms] [WARNING] The resource http://localhost:3020/_next/static/css/app/layout.css?v=1786436461010 was preloaded using link preload but not used within a few seconds from the window's load event. Please make sure it has an appropriate `as` value and it is preloaded intentionally. @ http://localhost:3020/preview/arcstone-growth?frame=1:0
[  613953ms] [WARNING] The resource http://localhost:3020/_next/static/media/e4af272ccee01ff0-s.p.woff2?v=1786436370839 was preloaded using link preload but not used within a few seconds from the window's load event. Please make sure it has an appropriate `as` value and it is preloaded intentionally. @ http://localhost:3020/preview/arcstone-growth?frame=1:0
[  614138ms] [LOG] [Fast Refresh] rebuilding @ webpack-internal:///(app-pages-browser)/./node_modules/next/dist/next-devtools/shared/forward-logs-shared.js:27
[  614778ms] [LOG] [Fast Refresh] done in 642ms @ webpack-internal:///(app-pages-browser)/./node_modules/next/dist/next-devtools/shared/forward-logs-shared.js:27
[  617781ms] [WARNING] The resource http://localhost:3020/_next/static/chunks/_app-pages-browser_src_templates_arcstone-growth_template_tsx.js was preloaded using link preload but not used within a few seconds from the window's load event. Please make sure it has an appropriate `as` value and it is preloaded intentionally. @ http://localhost:3020/preview/arcstone-growth?frame=1:0
[  617781ms] [WARNING] The resource http://localhost:3020/_next/static/media/9dd75fadc5b3df29-s.p.woff2?v=1786436370839 was preloaded using link preload but not used within a few seconds from the window's load event. Please make sure it has an appropriate `as` value and it is preloaded intentionally. @ http://localhost:3020/preview/arcstone-growth?frame=1:0
[  617781ms] [WARNING] The resource http://localhost:3020/_next/static/media/be955174636e5369-s.p.woff2?v=1786436370839 was preloaded using link preload but not used within a few seconds from the window's load event. Please make sure it has an appropriate `as` value and it is preloaded intentionally. @ http://localhost:3020/preview/arcstone-growth?frame=1:0
[  617781ms] [WARNING] The resource http://localhost:3020/_next/static/media/eaead17c7dbfcd5d-s.p.woff2?v=1786436370839 was preloaded using link preload but not used within a few seconds from the window's load event. Please make sure it has an appropriate `as` value and it is preloaded intentionally. @ http://localhost:3020/preview/arcstone-growth?frame=1:0
[  617781ms] [WARNING] The resource http://localhost:3020/_next/static/media/569ce4b8f30dc480-s.p.woff2?v=1786436370839 was preloaded using link preload but not used within a few seconds from the window's load event. Please make sure it has an appropriate `as` value and it is preloaded intentionally. @ http://localhost:3020/preview/arcstone-growth?frame=1:0
[  617781ms] [WARNING] The resource http://localhost:3020/_next/static/media/7b89a4fd5e90ede0-s.p.woff2?v=1786436370839 was preloaded using link preload but not used within a few seconds from the window's load event. Please make sure it has an appropriate `as` value and it is preloaded intentionally. @ http://localhost:3020/preview/arcstone-growth?frame=1:0
[  617782ms] [WARNING] The resource http://localhost:3020/_next/static/media/ee40bb094c99a29a-s.p.woff2?v=1786436370839 was preloaded using link preload but not used within a few seconds from the window's load event. Please make sure it has an appropriate `as` value and it is preloaded intentionally. @ http://localhost:3020/preview/arcstone-growth?frame=1:0
[  617782ms] [WARNING] The resource http://localhost:3020/_next/static/media/e4af272ccee01ff0-s.p.woff2?v=1786436370839 was preloaded using link preload but not used within a few seconds from the window's load event. Please make sure it has an appropriate `as` value and it is preloaded intentionally. @ http://localhost:3020/preview/arcstone-growth?frame=1:0
[  618206ms] [LOG] [Fast Refresh] rebuilding @ webpack-internal:///(app-pages-browser)/./node_modules/next/dist/next-devtools/shared/forward-logs-shared.js:27
[  618950ms] [LOG] [Fast Refresh] done in 744ms @ webpack-internal:///(app-pages-browser)/./node_modules/next/dist/next-devtools/shared/forward-logs-shared.js:27
[  620705ms] [LOG] [Fast Refresh] rebuilding @ webpack-internal:///(app-pages-browser)/./node_modules/next/dist/next-devtools/shared/forward-logs-shared.js:27
[  621167ms] [LOG] [Fast Refresh] done in 462ms @ webpack-internal:///(app-pages-browser)/./node_modules/next/dist/next-devtools/shared/forward-logs-shared.js:27
[  623127ms] [LOG] [Fast Refresh] rebuilding @ webpack-internal:///(app-pages-browser)/./node_modules/next/dist/next-devtools/shared/forward-logs-shared.js:27
[  624173ms] [LOG] [Fast Refresh] done in 1045ms @ webpack-internal:///(app-pages-browser)/./node_modules/next/dist/next-devtools/shared/forward-logs-shared.js:27
[  626073ms] [LOG] [Fast Refresh] rebuilding @ webpack-internal:///(app-pages-browser)/./node_modules/next/dist/next-devtools/shared/forward-logs-shared.js:27
[  626902ms] [LOG] [Fast Refresh] done in 829ms @ webpack-internal:///(app-pages-browser)/./node_modules/next/dist/next-devtools/shared/forward-logs-shared.js:27
[  629338ms] [LOG] [Fast Refresh] rebuilding @ webpack-internal:///(app-pages-browser)/./node_modules/next/dist/next-devtools/shared/forward-logs-shared.js:27
[  630106ms] [LOG] [Fast Refresh] done in 768ms @ webpack-internal:///(app-pages-browser)/./node_modules/next/dist/next-devtools/shared/forward-logs-shared.js:27
[  633114ms] [WARNING] The resource http://localhost:3020/_next/static/chunks/_app-pages-browser_src_templates_arcstone-growth_template_tsx.js was preloaded using link preload but not used within a few seconds from the window's load event. Please make sure it has an appropriate `as` value and it is preloaded intentionally. @ http://localhost:3020/preview/arcstone-growth?frame=1:0
[  633114ms] [WARNING] The resource http://localhost:3020/_next/static/media/9dd75fadc5b3df29-s.p.woff2?v=1786436370839 was preloaded using link preload but not used within a few seconds from the window's load event. Please make sure it has an appropriate `as` value and it is preloaded intentionally. @ http://localhost:3020/preview/arcstone-growth?frame=1:0
[  633114ms] [WARNING] The resource http://localhost:3020/_next/static/media/be955174636e5369-s.p.woff2?v=1786436370839 was preloaded using link preload but not used within a few seconds from the window's load event. Please make sure it has an appropriate `as` value and it is preloaded intentionally. @ http://localhost:3020/preview/arcstone-growth?frame=1:0
[  633114ms] [WARNING] The resource http://localhost:3020/_next/static/media/eaead17c7dbfcd5d-s.p.woff2?v=1786436370839 was preloaded using link preload but not used within a few seconds from the window's load event. Please make sure it has an appropriate `as` value and it is preloaded intentionally. @ http://localhost:3020/preview/arcstone-growth?frame=1:0
[  633114ms] [WARNING] The resource http://localhost:3020/_next/static/media/569ce4b8f30dc480-s.p.woff2?v=1786436370839 was preloaded using link preload but not used within a few seconds from the window's load event. Please make sure it has an appropriate `as` value and it is preloaded intentionally. @ http://localhost:3020/preview/arcstone-growth?frame=1:0
[  633114ms] [WARNING] The resource http://localhost:3020/_next/static/media/7b89a4fd5e90ede0-s.p.woff2?v=1786436370839 was preloaded using link preload but not used within a few seconds from the window's load event. Please make sure it has an appropriate `as` value and it is preloaded intentionally. @ http://localhost:3020/preview/arcstone-growth?frame=1:0
[  633114ms] [WARNING] The resource http://localhost:3020/_next/static/media/ee40bb094c99a29a-s.p.woff2?v=1786436370839 was preloaded using link preload but not used within a few seconds from the window's load event. Please make sure it has an appropriate `as` value and it is preloaded intentionally. @ http://localhost:3020/preview/arcstone-growth?frame=1:0
[  633114ms] [WARNING] The resource http://localhost:3020/_next/static/media/e4af272ccee01ff0-s.p.woff2?v=1786436370839 was preloaded using link preload but not used within a few seconds from the window's load event. Please make sure it has an appropriate `as` value and it is preloaded intentionally. @ http://localhost:3020/preview/arcstone-growth?frame=1:0
[  634010ms] [LOG] [Fast Refresh] rebuilding @ webpack-internal:///(app-pages-browser)/./node_modules/next/dist/next-devtools/shared/forward-logs-shared.js:27
[  635177ms] [LOG] [Fast Refresh] done in 1167ms @ webpack-internal:///(app-pages-browser)/./node_modules/next/dist/next-devtools/shared/forward-logs-shared.js:27
[  638188ms] [WARNING] The resource http://localhost:3020/_next/static/chunks/_app-pages-browser_src_templates_arcstone-growth_template_tsx.js was preloaded using link preload but not used within a few seconds from the window's load event. Please make sure it has an appropriate `as` value and it is preloaded intentionally. @ http://localhost:3020/preview/arcstone-growth?frame=1:0
[  638188ms] [WARNING] The resource http://localhost:3020/_next/static/media/9dd75fadc5b3df29-s.p.woff2?v=1786436370839 was preloaded using link preload but not used within a few seconds from the window's load event. Please make sure it has an appropriate `as` value and it is preloaded intentionally. @ http://localhost:3020/preview/arcstone-growth?frame=1:0
[  638188ms] [WARNING] The resource http://localhost:3020/_next/static/media/be955174636e5369-s.p.woff2?v=1786436370839 was preloaded using link preload but not used within a few seconds from the window's load event. Please make sure it has an appropriate `as` value and it is preloaded intentionally. @ http://localhost:3020/preview/arcstone-growth?frame=1:0
[  638188ms] [WARNING] The resource http://localhost:3020/_next/static/media/eaead17c7dbfcd5d-s.p.woff2?v=1786436370839 was preloaded using link preload but not used within a few seconds from the window's load event. Please make sure it has an appropriate `as` value and it is preloaded intentionally. @ http://localhost:3020/preview/arcstone-growth?frame=1:0
[  638188ms] [WARNING] The resource http://localhost:3020/_next/static/media/569ce4b8f30dc480-s.p.woff2?v=1786436370839 was preloaded using link preload but not used within a few seconds from the window's load event. Please make sure it has an appropriate `as` value and it is preloaded intentionally. @ http://localhost:3020/preview/arcstone-growth?frame=1:0
[  638188ms] [WARNING] The resource http://localhost:3020/_next/static/media/7b89a4fd5e90ede0-s.p.woff2?v=1786436370839 was preloaded using link preload but not used within a few seconds from the window's load event. Please make sure it has an appropriate `as` value and it is preloaded intentionally. @ http://localhost:3020/preview/arcstone-growth?frame=1:0
[  638188ms] [WARNING] The resource http://localhost:3020/_next/static/media/ee40bb094c99a29a-s.p.woff2?v=1786436370839 was preloaded using link preload but not used within a few seconds from the window's load event. Please make sure it has an appropriate `as` value and it is preloaded intentionally. @ http://localhost:3020/preview/arcstone-growth?frame=1:0
[  638188ms] [WARNING] The resource http://localhost:3020/_next/static/media/e4af272ccee01ff0-s.p.woff2?v=1786436370839 was preloaded using link preload but not used within a few seconds from the window's load event. Please make sure it has an appropriate `as` value and it is preloaded intentionally. @ http://localhost:3020/preview/arcstone-growth?frame=1:0
[  638417ms] [LOG] [Fast Refresh] rebuilding @ webpack-internal:///(app-pages-browser)/./node_modules/next/dist/next-devtools/shared/forward-logs-shared.js:27
[  638993ms] [LOG] [Fast Refresh] done in 576ms @ webpack-internal:///(app-pages-browser)/./node_modules/next/dist/next-devtools/shared/forward-logs-shared.js:27
[  641123ms] [LOG] [Fast Refresh] rebuilding @ webpack-internal:///(app-pages-browser)/./node_modules/next/dist/next-devtools/shared/forward-logs-shared.js:27
[  644214ms] [WARNING] The resource http://localhost:3020/_next/static/chunks/_app-pages-browser_src_templates_arcstone-growth_template_tsx.js was preloaded using link preload but not used within a few seconds from the window's load event. Please make sure it has an appropriate `as` value and it is preloaded intentionally. @ http://localhost:3020/preview/arcstone-growth?frame=1:0
[  644215ms] [WARNING] The resource http://localhost:3020/_next/static/media/9dd75fadc5b3df29-s.p.woff2?v=1786436370839 was preloaded using link preload but not used within a few seconds from the window's load event. Please make sure it has an appropriate `as` value and it is preloaded intentionally. @ http://localhost:3020/preview/arcstone-growth?frame=1:0
[  644215ms] [WARNING] The resource http://localhost:3020/_next/static/media/be955174636e5369-s.p.woff2?v=1786436370839 was preloaded using link preload but not used within a few seconds from the window's load event. Please make sure it has an appropriate `as` value and it is preloaded intentionally. @ http://localhost:3020/preview/arcstone-growth?frame=1:0
[  644215ms] [WARNING] The resource http://localhost:3020/_next/static/media/eaead17c7dbfcd5d-s.p.woff2?v=1786436370839 was preloaded using link preload but not used within a few seconds from the window's load event. Please make sure it has an appropriate `as` value and it is preloaded intentionally. @ http://localhost:3020/preview/arcstone-growth?frame=1:0
[  644215ms] [WARNING] The resource http://localhost:3020/_next/static/media/569ce4b8f30dc480-s.p.woff2?v=1786436370839 was preloaded using link preload but not used within a few seconds from the window's load event. Please make sure it has an appropriate `as` value and it is preloaded intentionally. @ http://localhost:3020/preview/arcstone-growth?frame=1:0
[  644215ms] [WARNING] The resource http://localhost:3020/_next/static/css/app/preview/%5BtemplateId%5D/page.css?v=1786436491418 was preloaded using link preload but not used within a few seconds from the window's load event. Please make sure it has an appropriate `as` value and it is preloaded intentionally. @ http://localhost:3020/preview/arcstone-growth?frame=1:0
[  644215ms] [WARNING] The resource http://localhost:3020/_next/static/css/app/layout.css?v=1786436491418 was preloaded using link preload but not used within a few seconds from the window's load event. Please make sure it has an appropriate `as` value and it is preloaded intentionally. @ http://localhost:3020/preview/arcstone-growth?frame=1:0
[  644215ms] [WARNING] The resource http://localhost:3020/_next/static/media/7b89a4fd5e90ede0-s.p.woff2?v=1786436370839 was preloaded using link preload but not used within a few seconds from the window's load event. Please make sure it has an appropriate `as` value and it is preloaded intentionally. @ http://localhost:3020/preview/arcstone-growth?frame=1:0
[  644215ms] [WARNING] The resource http://localhost:3020/_next/static/media/ee40bb094c99a29a-s.p.woff2?v=1786436370839 was preloaded using link preload but not used within a few seconds from the window's load event. Please make sure it has an appropriate `as` value and it is preloaded intentionally. @ http://localhost:3020/preview/arcstone-growth?frame=1:0
[  644215ms] [WARNING] The resource http://localhost:3020/_next/static/media/e4af272ccee01ff0-s.p.woff2?v=1786436370839 was preloaded using link preload but not used within a few seconds from the window's load event. Please make sure it has an appropriate `as` value and it is preloaded intentionally. @ http://localhost:3020/preview/arcstone-growth?frame=1:0
[  644854ms] [LOG] [Fast Refresh] done in 3731ms @ webpack-internal:///(app-pages-browser)/./node_modules/next/dist/next-devtools/shared/forward-logs-shared.js:27
[  646142ms] [LOG] [Fast Refresh] rebuilding @ webpack-internal:///(app-pages-browser)/./node_modules/next/dist/next-devtools/shared/forward-logs-shared.js:27
[  646678ms] [LOG] [Fast Refresh] done in 537ms @ webpack-internal:///(app-pages-browser)/./node_modules/next/dist/next-devtools/shared/forward-logs-shared.js:27
[  649681ms] [WARNING] The resource http://localhost:3020/_next/static/chunks/_app-pages-browser_src_templates_arcstone-growth_template_tsx.js was preloaded using link preload but not used within a few seconds from the window's load event. Please make sure it has an appropriate `as` value and it is preloaded intentionally. @ http://localhost:3020/preview/arcstone-growth?frame=1:0
[  649683ms] [WARNING] The resource http://localhost:3020/_next/static/media/9dd75fadc5b3df29-s.p.woff2?v=1786436370839 was preloaded using link preload but not used within a few seconds from the window's load event. Please make sure it has an appropriate `as` value and it is preloaded intentionally. @ http://localhost:3020/preview/arcstone-growth?frame=1:0
[  649683ms] [WARNING] The resource http://localhost:3020/_next/static/media/be955174636e5369-s.p.woff2?v=1786436370839 was preloaded using link preload but not used within a few seconds from the window's load event. Please make sure it has an appropriate `as` value and it is preloaded intentionally. @ http://localhost:3020/preview/arcstone-growth?frame=1:0
[  649683ms] [WARNING] The resource http://localhost:3020/_next/static/css/app/layout.css?v=1786436496660 was preloaded using link preload but not used within a few seconds from the window's load event. Please make sure it has an appropriate `as` value and it is preloaded intentionally. @ http://localhost:3020/preview/arcstone-growth?frame=1:0
[  649683ms] [WARNING] The resource http://localhost:3020/_next/static/media/eaead17c7dbfcd5d-s.p.woff2?v=1786436370839 was preloaded using link preload but not used within a few seconds from the window's load event. Please make sure it has an appropriate `as` value and it is preloaded intentionally. @ http://localhost:3020/preview/arcstone-growth?frame=1:0
[  649683ms] [WARNING] The resource http://localhost:3020/_next/static/media/569ce4b8f30dc480-s.p.woff2?v=1786436370839 was preloaded using link preload but not used within a few seconds from the window's load event. Please make sure it has an appropriate `as` value and it is preloaded intentionally. @ http://localhost:3020/preview/arcstone-growth?frame=1:0
[  649683ms] [WARNING] The resource http://localhost:3020/_next/static/media/7b89a4fd5e90ede0-s.p.woff2?v=1786436370839 was preloaded using link preload but not used within a few seconds from the window's load event. Please make sure it has an appropriate `as` value and it is preloaded intentionally. @ http://localhost:3020/preview/arcstone-growth?frame=1:0
[  649683ms] [WARNING] The resource http://localhost:3020/_next/static/media/ee40bb094c99a29a-s.p.woff2?v=1786436370839 was preloaded using link preload but not used within a few seconds from the window's load event. Please make sure it has an appropriate `as` value and it is preloaded intentionally. @ http://localhost:3020/preview/arcstone-growth?frame=1:0
[  649683ms] [WARNING] The resource http://localhost:3020/_next/static/css/app/preview/%5BtemplateId%5D/page.css?v=1786436496660 was preloaded using link preload but not used within a few seconds from the window's load event. Please make sure it has an appropriate `as` value and it is preloaded intentionally. @ http://localhost:3020/preview/arcstone-growth?frame=1:0
[  649683ms] [WARNING] The resource http://localhost:3020/_next/static/media/e4af272ccee01ff0-s.p.woff2?v=1786436370839 was preloaded using link preload but not used within a few seconds from the window's load event. Please make sure it has an appropriate `as` value and it is preloaded intentionally. @ http://localhost:3020/preview/arcstone-growth?frame=1:0
[  653974ms] [LOG] [Fast Refresh] rebuilding @ webpack-internal:///(app-pages-browser)/./node_modules/next/dist/next-devtools/shared/forward-logs-shared.js:27
[  654840ms] [LOG] [Fast Refresh] done in 866ms @ webpack-internal:///(app-pages-browser)/./node_modules/next/dist/next-devtools/shared/forward-logs-shared.js:27
[  656799ms] [LOG] [Fast Refresh] rebuilding @ webpack-internal:///(app-pages-browser)/./node_modules/next/dist/next-devtools/shared/forward-logs-shared.js:27
[  656992ms] [LOG] [Fast Refresh] done in 193ms @ webpack-internal:///(app-pages-browser)/./node_modules/next/dist/next-devtools/shared/forward-logs-shared.js:27
[  658953ms] [LOG] [Fast Refresh] rebuilding @ webpack-internal:///(app-pages-browser)/./node_modules/next/dist/next-devtools/shared/forward-logs-shared.js:27
[  659668ms] [LOG] [Fast Refresh] done in 713ms @ webpack-internal:///(app-pages-browser)/./node_modules/next/dist/next-devtools/shared/forward-logs-shared.js:27
[  661169ms] [LOG] [Fast Refresh] rebuilding @ webpack-internal:///(app-pages-browser)/./node_modules/next/dist/next-devtools/shared/forward-logs-shared.js:27
[  661780ms] [LOG] [Fast Refresh] done in 611ms @ webpack-internal:///(app-pages-browser)/./node_modules/next/dist/next-devtools/shared/forward-logs-shared.js:27
[  664142ms] [LOG] [Fast Refresh] rebuilding @ webpack-internal:///(app-pages-browser)/./node_modules/next/dist/next-devtools/shared/forward-logs-shared.js:27
[  664674ms] [LOG] [Fast Refresh] done in 532ms @ webpack-internal:///(app-pages-browser)/./node_modules/next/dist/next-devtools/shared/forward-logs-shared.js:27
[  667678ms] [WARNING] The resource http://localhost:3020/_next/static/chunks/_app-pages-browser_src_templates_arcstone-growth_template_tsx.js was preloaded using link preload but not used within a few seconds from the window's load event. Please make sure it has an appropriate `as` value and it is preloaded intentionally. @ http://localhost:3020/preview/arcstone-growth?frame=1:0
[  667679ms] [WARNING] The resource http://localhost:3020/_next/static/media/9dd75fadc5b3df29-s.p.woff2?v=1786436370839 was preloaded using link preload but not used within a few seconds from the window's load event. Please make sure it has an appropriate `as` value and it is preloaded intentionally. @ http://localhost:3020/preview/arcstone-growth?frame=1:0
[  667679ms] [WARNING] The resource http://localhost:3020/_next/static/media/be955174636e5369-s.p.woff2?v=1786436370839 was preloaded using link preload but not used within a few seconds from the window's load event. Please make sure it has an appropriate `as` value and it is preloaded intentionally. @ http://localhost:3020/preview/arcstone-growth?frame=1:0
[  667679ms] [WARNING] The resource http://localhost:3020/_next/static/media/eaead17c7dbfcd5d-s.p.woff2?v=1786436370839 was preloaded using link preload but not used within a few seconds from the window's load event. Please make sure it has an appropriate `as` value and it is preloaded intentionally. @ http://localhost:3020/preview/arcstone-growth?frame=1:0
[  667679ms] [WARNING] The resource http://localhost:3020/_next/static/media/569ce4b8f30dc480-s.p.woff2?v=1786436370839 was preloaded using link preload but not used within a few seconds from the window's load event. Please make sure it has an appropriate `as` value and it is preloaded intentionally. @ http://localhost:3020/preview/arcstone-growth?frame=1:0
[  667679ms] [WARNING] The resource http://localhost:3020/_next/static/media/7b89a4fd5e90ede0-s.p.woff2?v=1786436370839 was preloaded using link preload but not used within a few seconds from the window's load event. Please make sure it has an appropriate `as` value and it is preloaded intentionally. @ http://localhost:3020/preview/arcstone-growth?frame=1:0
[  667679ms] [WARNING] The resource http://localhost:3020/_next/static/media/ee40bb094c99a29a-s.p.woff2?v=1786436370839 was preloaded using link preload but not used within a few seconds from the window's load event. Please make sure it has an appropriate `as` value and it is preloaded intentionally. @ http://localhost:3020/preview/arcstone-growth?frame=1:0
[  667679ms] [WARNING] The resource http://localhost:3020/_next/static/media/e4af272ccee01ff0-s.p.woff2?v=1786436370839 was preloaded using link preload but not used within a few seconds from the window's load event. Please make sure it has an appropriate `as` value and it is preloaded intentionally. @ http://localhost:3020/preview/arcstone-growth?frame=1:0
[  668564ms] [LOG] [Fast Refresh] rebuilding @ webpack-internal:///(app-pages-browser)/./node_modules/next/dist/next-devtools/shared/forward-logs-shared.js:27
[  669019ms] [LOG] [Fast Refresh] done in 455ms @ webpack-internal:///(app-pages-browser)/./node_modules/next/dist/next-devtools/shared/forward-logs-shared.js:27
[  670758ms] [LOG] [Fast Refresh] rebuilding @ webpack-internal:///(app-pages-browser)/./node_modules/next/dist/next-devtools/shared/forward-logs-shared.js:27
[  671231ms] [LOG] [Fast Refresh] done in 474ms @ webpack-internal:///(app-pages-browser)/./node_modules/next/dist/next-devtools/shared/forward-logs-shared.js:27
[  672374ms] [LOG] [Fast Refresh] rebuilding @ webpack-internal:///(app-pages-browser)/./node_modules/next/dist/next-devtools/shared/forward-logs-shared.js:27
[  672747ms] [LOG] [Fast Refresh] done in 373ms @ webpack-internal:///(app-pages-browser)/./node_modules/next/dist/next-devtools/shared/forward-logs-shared.js:27
[  673937ms] [LOG] [Fast Refresh] rebuilding @ webpack-internal:///(app-pages-browser)/./node_modules/next/dist/next-devtools/shared/forward-logs-shared.js:27
[  674757ms] [LOG] [Fast Refresh] done in 820ms @ webpack-internal:///(app-pages-browser)/./node_modules/next/dist/next-devtools/shared/forward-logs-shared.js:27
[  675634ms] [LOG] [Fast Refresh] rebuilding @ webpack-internal:///(app-pages-browser)/./node_modules/next/dist/next-devtools/shared/forward-logs-shared.js:27
[  675891ms] [LOG] [Fast Refresh] done in 256ms @ webpack-internal:///(app-pages-browser)/./node_modules/next/dist/next-devtools/shared/forward-logs-shared.js:27
[  678457ms] [LOG] [Fast Refresh] rebuilding @ webpack-internal:///(app-pages-browser)/./node_modules/next/dist/next-devtools/shared/forward-logs-shared.js:27
[  678673ms] [LOG] [Fast Refresh] done in 215ms @ webpack-internal:///(app-pages-browser)/./node_modules/next/dist/next-devtools/shared/forward-logs-shared.js:27
[  680185ms] [LOG] [Fast Refresh] rebuilding @ webpack-internal:///(app-pages-browser)/./node_modules/next/dist/next-devtools/shared/forward-logs-shared.js:27
[  680380ms] [LOG] [Fast Refresh] done in 195ms @ webpack-internal:///(app-pages-browser)/./node_modules/next/dist/next-devtools/shared/forward-logs-shared.js:27
[  681721ms] [LOG] [Fast Refresh] rebuilding @ webpack-internal:///(app-pages-browser)/./node_modules/next/dist/next-devtools/shared/forward-logs-shared.js:27
[  682684ms] [LOG] [Fast Refresh] done in 958ms @ webpack-internal:///(app-pages-browser)/./node_modules/next/dist/next-devtools/shared/forward-logs-shared.js:27
[  683625ms] [LOG] [Fast Refresh] rebuilding @ webpack-internal:///(app-pages-browser)/./node_modules/next/dist/next-devtools/shared/forward-logs-shared.js:27
[  683939ms] [LOG] [Fast Refresh] done in 315ms @ webpack-internal:///(app-pages-browser)/./node_modules/next/dist/next-devtools/shared/forward-logs-shared.js:27
[  685273ms] [LOG] [Fast Refresh] rebuilding @ webpack-internal:///(app-pages-browser)/./node_modules/next/dist/next-devtools/shared/forward-logs-shared.js:27
[  685507ms] [LOG] [Fast Refresh] done in 235ms @ webpack-internal:///(app-pages-browser)/./node_modules/next/dist/next-devtools/shared/forward-logs-shared.js:27
[  686905ms] [LOG] [Fast Refresh] rebuilding @ webpack-internal:///(app-pages-browser)/./node_modules/next/dist/next-devtools/shared/forward-logs-shared.js:27
[  687448ms] [LOG] [Fast Refresh] done in 543ms @ webpack-internal:///(app-pages-browser)/./node_modules/next/dist/next-devtools/shared/forward-logs-shared.js:27
[  688659ms] [LOG] [Fast Refresh] rebuilding @ webpack-internal:///(app-pages-browser)/./node_modules/next/dist/next-devtools/shared/forward-logs-shared.js:27
[  688854ms] [LOG] [Fast Refresh] done in 196ms @ webpack-internal:///(app-pages-browser)/./node_modules/next/dist/next-devtools/shared/forward-logs-shared.js:27
[  690672ms] [LOG] [Fast Refresh] rebuilding @ webpack-internal:///(app-pages-browser)/./node_modules/next/dist/next-devtools/shared/forward-logs-shared.js:27
[  691179ms] [LOG] [Fast Refresh] done in 506ms @ webpack-internal:///(app-pages-browser)/./node_modules/next/dist/next-devtools/shared/forward-logs-shared.js:27
[  692306ms] [LOG] [Fast Refresh] rebuilding @ webpack-internal:///(app-pages-browser)/./node_modules/next/dist/next-devtools/shared/forward-logs-shared.js:27
[  692499ms] [LOG] [Fast Refresh] done in 193ms @ webpack-internal:///(app-pages-browser)/./node_modules/next/dist/next-devtools/shared/forward-logs-shared.js:27
[  693742ms] [LOG] [Fast Refresh] rebuilding @ webpack-internal:///(app-pages-browser)/./node_modules/next/dist/next-devtools/shared/forward-logs-shared.js:27
[  693989ms] [LOG] [Fast Refresh] done in 248ms @ webpack-internal:///(app-pages-browser)/./node_modules/next/dist/next-devtools/shared/forward-logs-shared.js:27
[  696993ms] [WARNING] The resource http://localhost:3020/_next/static/chunks/_app-pages-browser_src_templates_arcstone-growth_template_tsx.js was preloaded using link preload but not used within a few seconds from the window's load event. Please make sure it has an appropriate `as` value and it is preloaded intentionally. @ http://localhost:3020/preview/arcstone-growth?frame=1:0
[  696993ms] [WARNING] The resource http://localhost:3020/_next/static/css/app/preview/%5BtemplateId%5D/page.css?v=1786436544035 was preloaded using link preload but not used within a few seconds from the window's load event. Please make sure it has an appropriate `as` value and it is preloaded intentionally. @ http://localhost:3020/preview/arcstone-growth?frame=1:0
[  696993ms] [WARNING] The resource http://localhost:3020/_next/static/media/9dd75fadc5b3df29-s.p.woff2?v=1786436370839 was preloaded using link preload but not used within a few seconds from the window's load event. Please make sure it has an appropriate `as` value and it is preloaded intentionally. @ http://localhost:3020/preview/arcstone-growth?frame=1:0
[  696993ms] [WARNING] The resource http://localhost:3020/_next/static/media/be955174636e5369-s.p.woff2?v=1786436370839 was preloaded using link preload but not used within a few seconds from the window's load event. Please make sure it has an appropriate `as` value and it is preloaded intentionally. @ http://localhost:3020/preview/arcstone-growth?frame=1:0
[  696993ms] [WARNING] The resource http://localhost:3020/_next/static/media/eaead17c7dbfcd5d-s.p.woff2?v=1786436370839 was preloaded using link preload but not used within a few seconds from the window's load event. Please make sure it has an appropriate `as` value and it is preloaded intentionally. @ http://localhost:3020/preview/arcstone-growth?frame=1:0
[  696993ms] [WARNING] The resource http://localhost:3020/_next/static/css/app/layout.css?v=1786436544035 was preloaded using link preload but not used within a few seconds from the window's load event. Please make sure it has an appropriate `as` value and it is preloaded intentionally. @ http://localhost:3020/preview/arcstone-growth?frame=1:0
[  696993ms] [WARNING] The resource http://localhost:3020/_next/static/media/569ce4b8f30dc480-s.p.woff2?v=1786436370839 was preloaded using link preload but not used within a few seconds from the window's load event. Please make sure it has an appropriate `as` value and it is preloaded intentionally. @ http://localhost:3020/preview/arcstone-growth?frame=1:0
[  696994ms] [WARNING] The resource http://localhost:3020/_next/static/media/7b89a4fd5e90ede0-s.p.woff2?v=1786436370839 was preloaded using link preload but not used within a few seconds from the window's load event. Please make sure it has an appropriate `as` value and it is preloaded intentionally. @ http://localhost:3020/preview/arcstone-growth?frame=1:0
[  696994ms] [WARNING] The resource http://localhost:3020/_next/static/media/ee40bb094c99a29a-s.p.woff2?v=1786436370839 was preloaded using link preload but not used within a few seconds from the window's load event. Please make sure it has an appropriate `as` value and it is preloaded intentionally. @ http://localhost:3020/preview/arcstone-growth?frame=1:0
[  696994ms] [WARNING] The resource http://localhost:3020/_next/static/media/e4af272ccee01ff0-s.p.woff2?v=1786436370839 was preloaded using link preload but not used within a few seconds from the window's load event. Please make sure it has an appropriate `as` value and it is preloaded intentionally. @ http://localhost:3020/preview/arcstone-growth?frame=1:0
[  697303ms] [LOG] [Fast Refresh] rebuilding @ webpack-internal:///(app-pages-browser)/./node_modules/next/dist/next-devtools/shared/forward-logs-shared.js:27
[  697694ms] [LOG] [Fast Refresh] done in 390ms @ webpack-internal:///(app-pages-browser)/./node_modules/next/dist/next-devtools/shared/forward-logs-shared.js:27
[  698875ms] [LOG] [Fast Refresh] rebuilding @ webpack-internal:///(app-pages-browser)/./node_modules/next/dist/next-devtools/shared/forward-logs-shared.js:27
[  699136ms] [LOG] [Fast Refresh] done in 260ms @ webpack-internal:///(app-pages-browser)/./node_modules/next/dist/next-devtools/shared/forward-logs-shared.js:27
[  700278ms] [LOG] [Fast Refresh] rebuilding @ webpack-internal:///(app-pages-browser)/./node_modules/next/dist/next-devtools/shared/forward-logs-shared.js:27
[  700608ms] [LOG] [Fast Refresh] done in 331ms @ webpack-internal:///(app-pages-browser)/./node_modules/next/dist/next-devtools/shared/forward-logs-shared.js:27
[  701786ms] [LOG] [Fast Refresh] rebuilding @ webpack-internal:///(app-pages-browser)/./node_modules/next/dist/next-devtools/shared/forward-logs-shared.js:27
[  701983ms] [LOG] [Fast Refresh] done in 198ms @ webpack-internal:///(app-pages-browser)/./node_modules/next/dist/next-devtools/shared/forward-logs-shared.js:27
[  703255ms] [LOG] [Fast Refresh] rebuilding @ webpack-internal:///(app-pages-browser)/./node_modules/next/dist/next-devtools/shared/forward-logs-shared.js:27
[  703398ms] [LOG] [Fast Refresh] done in 142ms @ webpack-internal:///(app-pages-browser)/./node_modules/next/dist/next-devtools/shared/forward-logs-shared.js:27
[  704459ms] [LOG] [Fast Refresh] rebuilding @ webpack-internal:///(app-pages-browser)/./node_modules/next/dist/next-devtools/shared/forward-logs-shared.js:27
[  705121ms] [LOG] [Fast Refresh] done in 663ms @ webpack-internal:///(app-pages-browser)/./node_modules/next/dist/next-devtools/shared/forward-logs-shared.js:27
[  705859ms] [LOG] [Fast Refresh] rebuilding @ webpack-internal:///(app-pages-browser)/./node_modules/next/dist/next-devtools/shared/forward-logs-shared.js:27
[  706589ms] [LOG] [Fast Refresh] done in 730ms @ webpack-internal:///(app-pages-browser)/./node_modules/next/dist/next-devtools/shared/forward-logs-shared.js:27
[  707492ms] [LOG] [Fast Refresh] rebuilding @ webpack-internal:///(app-pages-browser)/./node_modules/next/dist/next-devtools/shared/forward-logs-shared.js:27
[  707788ms] [LOG] [Fast Refresh] done in 296ms @ webpack-internal:///(app-pages-browser)/./node_modules/next/dist/next-devtools/shared/forward-logs-shared.js:27
[  709141ms] [LOG] [Fast Refresh] rebuilding @ webpack-internal:///(app-pages-browser)/./node_modules/next/dist/next-devtools/shared/forward-logs-shared.js:27
[  709371ms] [LOG] [Fast Refresh] done in 231ms @ webpack-internal:///(app-pages-browser)/./node_modules/next/dist/next-devtools/shared/forward-logs-shared.js:27
[  710825ms] [LOG] [Fast Refresh] rebuilding @ webpack-internal:///(app-pages-browser)/./node_modules/next/dist/next-devtools/shared/forward-logs-shared.js:27
[  711041ms] [LOG] [Fast Refresh] done in 215ms @ webpack-internal:///(app-pages-browser)/./node_modules/next/dist/next-devtools/shared/forward-logs-shared.js:27
[  713916ms] [LOG] [Fast Refresh] rebuilding @ webpack-internal:///(app-pages-browser)/./node_modules/next/dist/next-devtools/shared/forward-logs-shared.js:27
[  714469ms] [LOG] [Fast Refresh] done in 553ms @ webpack-internal:///(app-pages-browser)/./node_modules/next/dist/next-devtools/shared/forward-logs-shared.js:27
[  715756ms] [LOG] [Fast Refresh] rebuilding @ webpack-internal:///(app-pages-browser)/./node_modules/next/dist/next-devtools/shared/forward-logs-shared.js:27
[  716514ms] [LOG] [Fast Refresh] done in 757ms @ webpack-internal:///(app-pages-browser)/./node_modules/next/dist/next-devtools/shared/forward-logs-shared.js:27
[  717440ms] [LOG] [Fast Refresh] rebuilding @ webpack-internal:///(app-pages-browser)/./node_modules/next/dist/next-devtools/shared/forward-logs-shared.js:27
[  717748ms] [LOG] [Fast Refresh] done in 307ms @ webpack-internal:///(app-pages-browser)/./node_modules/next/dist/next-devtools/shared/forward-logs-shared.js:27
[  719198ms] [LOG] [Fast Refresh] rebuilding @ webpack-internal:///(app-pages-browser)/./node_modules/next/dist/next-devtools/shared/forward-logs-shared.js:27
[  720014ms] [LOG] [Fast Refresh] done in 816ms @ webpack-internal:///(app-pages-browser)/./node_modules/next/dist/next-devtools/shared/forward-logs-shared.js:27
[  720834ms] [LOG] [Fast Refresh] rebuilding @ webpack-internal:///(app-pages-browser)/./node_modules/next/dist/next-devtools/shared/forward-logs-shared.js:27
[  721545ms] [LOG] [Fast Refresh] done in 710ms @ webpack-internal:///(app-pages-browser)/./node_modules/next/dist/next-devtools/shared/forward-logs-shared.js:27
[  722350ms] [LOG] [Fast Refresh] rebuilding @ webpack-internal:///(app-pages-browser)/./node_modules/next/dist/next-devtools/shared/forward-logs-shared.js:27
[  722577ms] [LOG] [Fast Refresh] done in 226ms @ webpack-internal:///(app-pages-browser)/./node_modules/next/dist/next-devtools/shared/forward-logs-shared.js:27
[  723895ms] [LOG] [Fast Refresh] rebuilding @ webpack-internal:///(app-pages-browser)/./node_modules/next/dist/next-devtools/shared/forward-logs-shared.js:27
[  724133ms] [LOG] [Fast Refresh] done in 239ms @ webpack-internal:///(app-pages-browser)/./node_modules/next/dist/next-devtools/shared/forward-logs-shared.js:27
[  725489ms] [LOG] [Fast Refresh] rebuilding @ webpack-internal:///(app-pages-browser)/./node_modules/next/dist/next-devtools/shared/forward-logs-shared.js:27
[  726365ms] [LOG] [Fast Refresh] done in 875ms @ webpack-internal:///(app-pages-browser)/./node_modules/next/dist/next-devtools/shared/forward-logs-shared.js:27
[  727139ms] [LOG] [Fast Refresh] rebuilding @ webpack-internal:///(app-pages-browser)/./node_modules/next/dist/next-devtools/shared/forward-logs-shared.js:27
[  727393ms] [LOG] [Fast Refresh] done in 254ms @ webpack-internal:///(app-pages-browser)/./node_modules/next/dist/next-devtools/shared/forward-logs-shared.js:27
[  728711ms] [LOG] [Fast Refresh] rebuilding @ webpack-internal:///(app-pages-browser)/./node_modules/next/dist/next-devtools/shared/forward-logs-shared.js:27
[  728947ms] [LOG] [Fast Refresh] done in 236ms @ webpack-internal:///(app-pages-browser)/./node_modules/next/dist/next-devtools/shared/forward-logs-shared.js:27
[  732757ms] [LOG] [Fast Refresh] rebuilding @ webpack-internal:///(app-pages-browser)/./node_modules/next/dist/next-devtools/shared/forward-logs-shared.js:27
[  733642ms] [LOG] [Fast Refresh] done in 885ms @ webpack-internal:///(app-pages-browser)/./node_modules/next/dist/next-devtools/shared/forward-logs-shared.js:27
[  735285ms] [LOG] [Fast Refresh] rebuilding @ webpack-internal:///(app-pages-browser)/./node_modules/next/dist/next-devtools/shared/forward-logs-shared.js:27
[  735841ms] [LOG] [Fast Refresh] done in 556ms @ webpack-internal:///(app-pages-browser)/./node_modules/next/dist/next-devtools/shared/forward-logs-shared.js:27
[  737066ms] [LOG] [Fast Refresh] rebuilding @ webpack-internal:///(app-pages-browser)/./node_modules/next/dist/next-devtools/shared/forward-logs-shared.js:27
[  737293ms] [LOG] [Fast Refresh] done in 228ms @ webpack-internal:///(app-pages-browser)/./node_modules/next/dist/next-devtools/shared/forward-logs-shared.js:27
[  738656ms] [LOG] [Fast Refresh] rebuilding @ webpack-internal:///(app-pages-browser)/./node_modules/next/dist/next-devtools/shared/forward-logs-shared.js:27
[  738904ms] [LOG] [Fast Refresh] done in 249ms @ webpack-internal:///(app-pages-browser)/./node_modules/next/dist/next-devtools/shared/forward-logs-shared.js:27
[  740257ms] [LOG] [Fast Refresh] rebuilding @ webpack-internal:///(app-pages-browser)/./node_modules/next/dist/next-devtools/shared/forward-logs-shared.js:27
[  740485ms] [LOG] [Fast Refresh] done in 228ms @ webpack-internal:///(app-pages-browser)/./node_modules/next/dist/next-devtools/shared/forward-logs-shared.js:27
[  741836ms] [LOG] [Fast Refresh] rebuilding @ webpack-internal:///(app-pages-browser)/./node_modules/next/dist/next-devtools/shared/forward-logs-shared.js:27
[  742062ms] [LOG] [Fast Refresh] done in 226ms @ webpack-internal:///(app-pages-browser)/./node_modules/next/dist/next-devtools/shared/forward-logs-shared.js:27
[  743483ms] [LOG] [Fast Refresh] rebuilding @ webpack-internal:///(app-pages-browser)/./node_modules/next/dist/next-devtools/shared/forward-logs-shared.js:27
[  744273ms] [LOG] [Fast Refresh] done in 790ms @ webpack-internal:///(app-pages-browser)/./node_modules/next/dist/next-devtools/shared/forward-logs-shared.js:27
[  745180ms] [LOG] [Fast Refresh] rebuilding @ webpack-internal:///(app-pages-browser)/./node_modules/next/dist/next-devtools/shared/forward-logs-shared.js:27
[  745892ms] [LOG] [Fast Refresh] done in 712ms @ webpack-internal:///(app-pages-browser)/./node_modules/next/dist/next-devtools/shared/forward-logs-shared.js:27
[  746829ms] [LOG] [Fast Refresh] rebuilding @ webpack-internal:///(app-pages-browser)/./node_modules/next/dist/next-devtools/shared/forward-logs-shared.js:27
[  747544ms] [LOG] [Fast Refresh] done in 715ms @ webpack-internal:///(app-pages-browser)/./node_modules/next/dist/next-devtools/shared/forward-logs-shared.js:27
[  748423ms] [LOG] [Fast Refresh] rebuilding @ webpack-internal:///(app-pages-browser)/./node_modules/next/dist/next-devtools/shared/forward-logs-shared.js:27
[  749086ms] [LOG] [Fast Refresh] done in 663ms @ webpack-internal:///(app-pages-browser)/./node_modules/next/dist/next-devtools/shared/forward-logs-shared.js:27
[  751207ms] [LOG] [Fast Refresh] rebuilding @ webpack-internal:///(app-pages-browser)/./node_modules/next/dist/next-devtools/shared/forward-logs-shared.js:27
[  751797ms] [LOG] [Fast Refresh] done in 591ms @ webpack-internal:///(app-pages-browser)/./node_modules/next/dist/next-devtools/shared/forward-logs-shared.js:27
[  753047ms] [LOG] [Fast Refresh] rebuilding @ webpack-internal:///(app-pages-browser)/./node_modules/next/dist/next-devtools/shared/forward-logs-shared.js:27
[  753244ms] [LOG] [Fast Refresh] done in 198ms @ webpack-internal:///(app-pages-browser)/./node_modules/next/dist/next-devtools/shared/forward-logs-shared.js:27
[  754829ms] [LOG] [Fast Refresh] rebuilding @ webpack-internal:///(app-pages-browser)/./node_modules/next/dist/next-devtools/shared/forward-logs-shared.js:27
[  755637ms] [LOG] [Fast Refresh] done in 808ms @ webpack-internal:///(app-pages-browser)/./node_modules/next/dist/next-devtools/shared/forward-logs-shared.js:27
[  756397ms] [LOG] [Fast Refresh] rebuilding @ webpack-internal:///(app-pages-browser)/./node_modules/next/dist/next-devtools/shared/forward-logs-shared.js:27
[  756638ms] [LOG] [Fast Refresh] done in 241ms @ webpack-internal:///(app-pages-browser)/./node_modules/next/dist/next-devtools/shared/forward-logs-shared.js:27
[  757951ms] [LOG] [Fast Refresh] rebuilding @ webpack-internal:///(app-pages-browser)/./node_modules/next/dist/next-devtools/shared/forward-logs-shared.js:27
[  758083ms] [LOG] [Fast Refresh] done in 131ms @ webpack-internal:///(app-pages-browser)/./node_modules/next/dist/next-devtools/shared/forward-logs-shared.js:27
[  759912ms] [LOG] [Fast Refresh] rebuilding @ webpack-internal:///(app-pages-browser)/./node_modules/next/dist/next-devtools/shared/forward-logs-shared.js:27
[  760200ms] [LOG] [Fast Refresh] done in 289ms @ webpack-internal:///(app-pages-browser)/./node_modules/next/dist/next-devtools/shared/forward-logs-shared.js:27
[  761335ms] [LOG] [Fast Refresh] rebuilding @ webpack-internal:///(app-pages-browser)/./node_modules/next/dist/next-devtools/shared/forward-logs-shared.js:27
[  761525ms] [LOG] [Fast Refresh] done in 191ms @ webpack-internal:///(app-pages-browser)/./node_modules/next/dist/next-devtools/shared/forward-logs-shared.js:27
[  762734ms] [LOG] [Fast Refresh] rebuilding @ webpack-internal:///(app-pages-browser)/./node_modules/next/dist/next-devtools/shared/forward-logs-shared.js:27
[  762946ms] [LOG] [Fast Refresh] done in 213ms @ webpack-internal:///(app-pages-browser)/./node_modules/next/dist/next-devtools/shared/forward-logs-shared.js:27
[  764449ms] [LOG] [Fast Refresh] rebuilding @ webpack-internal:///(app-pages-browser)/./node_modules/next/dist/next-devtools/shared/forward-logs-shared.js:27
[  764672ms] [LOG] [Fast Refresh] done in 222ms @ webpack-internal:///(app-pages-browser)/./node_modules/next/dist/next-devtools/shared/forward-logs-shared.js:27
[  765917ms] [LOG] [Fast Refresh] rebuilding @ webpack-internal:///(app-pages-browser)/./node_modules/next/dist/next-devtools/shared/forward-logs-shared.js:27
[  766684ms] [LOG] [Fast Refresh] done in 767ms @ webpack-internal:///(app-pages-browser)/./node_modules/next/dist/next-devtools/shared/forward-logs-shared.js:27
[  768704ms] [LOG] [Fast Refresh] rebuilding @ webpack-internal:///(app-pages-browser)/./node_modules/next/dist/next-devtools/shared/forward-logs-shared.js:27
[  769131ms] [LOG] [Fast Refresh] done in 426ms @ webpack-internal:///(app-pages-browser)/./node_modules/next/dist/next-devtools/shared/forward-logs-shared.js:27
[  770383ms] [LOG] [Fast Refresh] rebuilding @ webpack-internal:///(app-pages-browser)/./node_modules/next/dist/next-devtools/shared/forward-logs-shared.js:27
[  770600ms] [LOG] [Fast Refresh] done in 217ms @ webpack-internal:///(app-pages-browser)/./node_modules/next/dist/next-devtools/shared/forward-logs-shared.js:27
[  771954ms] [LOG] [Fast Refresh] rebuilding @ webpack-internal:///(app-pages-browser)/./node_modules/next/dist/next-devtools/shared/forward-logs-shared.js:27
[  772221ms] [LOG] [Fast Refresh] done in 267ms @ webpack-internal:///(app-pages-browser)/./node_modules/next/dist/next-devtools/shared/forward-logs-shared.js:27
[  773634ms] [LOG] [Fast Refresh] rebuilding @ webpack-internal:///(app-pages-browser)/./node_modules/next/dist/next-devtools/shared/forward-logs-shared.js:27
[  773823ms] [LOG] [Fast Refresh] done in 189ms @ webpack-internal:///(app-pages-browser)/./node_modules/next/dist/next-devtools/shared/forward-logs-shared.js:27
[  775057ms] [LOG] [Fast Refresh] rebuilding @ webpack-internal:///(app-pages-browser)/./node_modules/next/dist/next-devtools/shared/forward-logs-shared.js:27
[  775265ms] [LOG] [Fast Refresh] done in 208ms @ webpack-internal:///(app-pages-browser)/./node_modules/next/dist/next-devtools/shared/forward-logs-shared.js:27
[  776400ms] [LOG] [Fast Refresh] rebuilding @ webpack-internal:///(app-pages-browser)/./node_modules/next/dist/next-devtools/shared/forward-logs-shared.js:27
[  776599ms] [LOG] [Fast Refresh] done in 199ms @ webpack-internal:///(app-pages-browser)/./node_modules/next/dist/next-devtools/shared/forward-logs-shared.js:27
[  778046ms] [LOG] [Fast Refresh] rebuilding @ webpack-internal:///(app-pages-browser)/./node_modules/next/dist/next-devtools/shared/forward-logs-shared.js:27
[  778172ms] [LOG] [Fast Refresh] done in 126ms @ webpack-internal:///(app-pages-browser)/./node_modules/next/dist/next-devtools/shared/forward-logs-shared.js:27
[  779656ms] [LOG] [Fast Refresh] rebuilding @ webpack-internal:///(app-pages-browser)/./node_modules/next/dist/next-devtools/shared/forward-logs-shared.js:27
[  779924ms] [LOG] [Fast Refresh] done in 269ms @ webpack-internal:///(app-pages-browser)/./node_modules/next/dist/next-devtools/shared/forward-logs-shared.js:27
[  781367ms] [LOG] [Fast Refresh] rebuilding @ webpack-internal:///(app-pages-browser)/./node_modules/next/dist/next-devtools/shared/forward-logs-shared.js:27
[  782048ms] [LOG] [Fast Refresh] done in 681ms @ webpack-internal:///(app-pages-browser)/./node_modules/next/dist/next-devtools/shared/forward-logs-shared.js:27
[  782942ms] [LOG] [Fast Refresh] rebuilding @ webpack-internal:///(app-pages-browser)/./node_modules/next/dist/next-devtools/shared/forward-logs-shared.js:27
[  783155ms] [LOG] [Fast Refresh] done in 212ms @ webpack-internal:///(app-pages-browser)/./node_modules/next/dist/next-devtools/shared/forward-logs-shared.js:27
[  786158ms] [WARNING] The resource http://localhost:3020/_next/static/chunks/_app-pages-browser_src_templates_arcstone-growth_template_tsx.js was preloaded using link preload but not used within a few seconds from the window's load event. Please make sure it has an appropriate `as` value and it is preloaded intentionally. @ http://localhost:3020/preview/arcstone-growth?frame=1:0
[  786158ms] [WARNING] The resource http://localhost:3020/_next/static/media/9dd75fadc5b3df29-s.p.woff2?v=1786436370839 was preloaded using link preload but not used within a few seconds from the window's load event. Please make sure it has an appropriate `as` value and it is preloaded intentionally. @ http://localhost:3020/preview/arcstone-growth?frame=1:0
[  786158ms] [WARNING] The resource http://localhost:3020/_next/static/media/be955174636e5369-s.p.woff2?v=1786436370839 was preloaded using link preload but not used within a few seconds from the window's load event. Please make sure it has an appropriate `as` value and it is preloaded intentionally. @ http://localhost:3020/preview/arcstone-growth?frame=1:0
[  786158ms] [WARNING] The resource http://localhost:3020/_next/static/media/eaead17c7dbfcd5d-s.p.woff2?v=1786436370839 was preloaded using link preload but not used within a few seconds from the window's load event. Please make sure it has an appropriate `as` value and it is preloaded intentionally. @ http://localhost:3020/preview/arcstone-growth?frame=1:0
[  786158ms] [WARNING] The resource http://localhost:3020/_next/static/media/569ce4b8f30dc480-s.p.woff2?v=1786436370839 was preloaded using link preload but not used within a few seconds from the window's load event. Please make sure it has an appropriate `as` value and it is preloaded intentionally. @ http://localhost:3020/preview/arcstone-growth?frame=1:0
[  786158ms] [WARNING] The resource http://localhost:3020/_next/static/css/app/layout.css?v=1786436633221 was preloaded using link preload but not used within a few seconds from the window's load event. Please make sure it has an appropriate `as` value and it is preloaded intentionally. @ http://localhost:3020/preview/arcstone-growth?frame=1:0
[  786158ms] [WARNING] The resource http://localhost:3020/_next/static/media/7b89a4fd5e90ede0-s.p.woff2?v=1786436370839 was preloaded using link preload but not used within a few seconds from the window's load event. Please make sure it has an appropriate `as` value and it is preloaded intentionally. @ http://localhost:3020/preview/arcstone-growth?frame=1:0
[  786158ms] [WARNING] The resource http://localhost:3020/_next/static/media/ee40bb094c99a29a-s.p.woff2?v=1786436370839 was preloaded using link preload but not used within a few seconds from the window's load event. Please make sure it has an appropriate `as` value and it is preloaded intentionally. @ http://localhost:3020/preview/arcstone-growth?frame=1:0
[  786158ms] [WARNING] The resource http://localhost:3020/_next/static/css/app/preview/%5BtemplateId%5D/page.css?v=1786436633221 was preloaded using link preload but not used within a few seconds from the window's load event. Please make sure it has an appropriate `as` value and it is preloaded intentionally. @ http://localhost:3020/preview/arcstone-growth?frame=1:0
[  786158ms] [WARNING] The resource http://localhost:3020/_next/static/media/e4af272ccee01ff0-s.p.woff2?v=1786436370839 was preloaded using link preload but not used within a few seconds from the window's load event. Please make sure it has an appropriate `as` value and it is preloaded intentionally. @ http://localhost:3020/preview/arcstone-growth?frame=1:0
[  786632ms] [LOG] [Fast Refresh] rebuilding @ webpack-internal:///(app-pages-browser)/./node_modules/next/dist/next-devtools/shared/forward-logs-shared.js:27
[  788052ms] [LOG] [Fast Refresh] done in 1420ms @ webpack-internal:///(app-pages-browser)/./node_modules/next/dist/next-devtools/shared/forward-logs-shared.js:27
[  789597ms] [LOG] [Fast Refresh] rebuilding @ webpack-internal:///(app-pages-browser)/./node_modules/next/dist/next-devtools/shared/forward-logs-shared.js:27
[  791292ms] [LOG] [Fast Refresh] done in 1691ms @ webpack-internal:///(app-pages-browser)/./node_modules/next/dist/next-devtools/shared/forward-logs-shared.js:27
[  792489ms] [LOG] [Fast Refresh] rebuilding @ webpack-internal:///(app-pages-browser)/./node_modules/next/dist/next-devtools/shared/forward-logs-shared.js:27
[  793220ms] [LOG] [Fast Refresh] done in 730ms @ webpack-internal:///(app-pages-browser)/./node_modules/next/dist/next-devtools/shared/forward-logs-shared.js:27
[  796104ms] [LOG] [Fast Refresh] rebuilding @ webpack-internal:///(app-pages-browser)/./node_modules/next/dist/next-devtools/shared/forward-logs-shared.js:27
[  797431ms] [LOG] [Fast Refresh] done in 1327ms @ webpack-internal:///(app-pages-browser)/./node_modules/next/dist/next-devtools/shared/forward-logs-shared.js:27
[  800435ms] [WARNING] The resource http://localhost:3020/_next/static/chunks/_app-pages-browser_src_templates_arcstone-growth_template_tsx.js was preloaded using link preload but not used within a few seconds from the window's load event. Please make sure it has an appropriate `as` value and it is preloaded intentionally. @ http://localhost:3020/preview/arcstone-growth?frame=1:0
[  800435ms] [WARNING] The resource http://localhost:3020/_next/static/media/9dd75fadc5b3df29-s.p.woff2?v=1786436370839 was preloaded using link preload but not used within a few seconds from the window's load event. Please make sure it has an appropriate `as` value and it is preloaded intentionally. @ http://localhost:3020/preview/arcstone-growth?frame=1:0
[  800435ms] [WARNING] The resource http://localhost:3020/_next/static/media/be955174636e5369-s.p.woff2?v=1786436370839 was preloaded using link preload but not used within a few seconds from the window's load event. Please make sure it has an appropriate `as` value and it is preloaded intentionally. @ http://localhost:3020/preview/arcstone-growth?frame=1:0
[  800435ms] [WARNING] The resource http://localhost:3020/_next/static/media/eaead17c7dbfcd5d-s.p.woff2?v=1786436370839 was preloaded using link preload but not used within a few seconds from the window's load event. Please make sure it has an appropriate `as` value and it is preloaded intentionally. @ http://localhost:3020/preview/arcstone-growth?frame=1:0
[  800435ms] [WARNING] The resource http://localhost:3020/_next/static/media/569ce4b8f30dc480-s.p.woff2?v=1786436370839 was preloaded using link preload but not used within a few seconds from the window's load event. Please make sure it has an appropriate `as` value and it is preloaded intentionally. @ http://localhost:3020/preview/arcstone-growth?frame=1:0
[  800436ms] [WARNING] The resource http://localhost:3020/_next/static/media/7b89a4fd5e90ede0-s.p.woff2?v=1786436370839 was preloaded using link preload but not used within a few seconds from the window's load event. Please make sure it has an appropriate `as` value and it is preloaded intentionally. @ http://localhost:3020/preview/arcstone-growth?frame=1:0
[  800436ms] [WARNING] The resource http://localhost:3020/_next/static/media/ee40bb094c99a29a-s.p.woff2?v=1786436370839 was preloaded using link preload but not used within a few seconds from the window's load event. Please make sure it has an appropriate `as` value and it is preloaded intentionally. @ http://localhost:3020/preview/arcstone-growth?frame=1:0
[  800436ms] [WARNING] The resource http://localhost:3020/_next/static/media/e4af272ccee01ff0-s.p.woff2?v=1786436370839 was preloaded using link preload but not used within a few seconds from the window's load event. Please make sure it has an appropriate `as` value and it is preloaded intentionally. @ http://localhost:3020/preview/arcstone-growth?frame=1:0
[  800802ms] [LOG] [Fast Refresh] rebuilding @ webpack-internal:///(app-pages-browser)/./node_modules/next/dist/next-devtools/shared/forward-logs-shared.js:27
[  801490ms] [LOG] [Fast Refresh] done in 688ms @ webpack-internal:///(app-pages-browser)/./node_modules/next/dist/next-devtools/shared/forward-logs-shared.js:27
